MonthYear,Season,ID_Complete,Latrine_Type,Latrine_Site,Latrine_Name,Segment_ID,Fragment_ID,Fragment_Type,Fragment_Description,Fragment_Weight,Common_Name,Reported_Name,Scientific_Name,Taxonomic_Level,Kingdom,Phylum,Class,Order,Family,Genus,Species,Photo
July2019,Summer,X,Building,MY_Delivery_July2019,S11,S11_S01_July2019,S11_S01_F2_July2019,Vertebrate,Hair,0.189,Mammal,Mammalia,,Class,Animalia,Chordata,Mammalia,n/a,n/a,n/a,n/a,
July2019,Summer,X,Building,MY_Delivery_July2019,S11,S11_S02_July2019,S11_S02_F2_July2019,Vertebrate,Hair,0.1551,Mammal,Mammalia,,Class,Animalia,Chordata,Mammalia,n/a,n/a,n/a,n/a,
July2019,Summer,X,Building,MY_Delivery_July2019,S11,S11_S03_July2019,S11_S03_F1_July2019,Vertebrate,Hair,0.1393,Mammal,Mammalia,,Class,Animalia,Chordata,Mammalia,n/a,n/a,n/a,n/a,
July2019,Summer,X,Building,MY_Delivery_July2019,S11,S11_S04_July2019,S11_S04_F2_July2019,Vertebrate,Hair,0.2086,Mammal,Mammalia,,Class,Animalia,Chordata,Mammalia,n/a,n/a,n/a,n/a,
July2019,Summer,X,Building,MY_Delivery_July2019,S11,S11_S06_July2019,S11_S06_F2_July2019,Vertebrate,Hair,0.1421,Mammal,Mammalia,,Class,Animalia,Chordata,Mammalia,n/a,n/a,n/a,n/a,
July2019,Summer,X,Building,MY_Delivery_July2019,S11,S11_S07_July2019,S11_S07_F1_July2019,Vertebrate,Hair,0.1191,Mammal,Mammalia,,Class,Animalia,Chordata,Mammalia,n/a,n/a,n/a,n/a,
July2019,Summer,X,Building,MY_Delivery_July2019,S11,S11_S09_July2019,S11_S09_F2_July2019,Vertebrate,Hair,0.1636,Mammal,Mammalia,,Class,Animalia,Chordata,Mammalia,n/a,n/a,n/a,n/a,
July2019,Summer,X,Building,MY_Delivery_July2019,S11,S11_S10_July2019,S11_S10_F3_July2019,Vertebrate,Hair,0.2636,Mammal,Mammalia,,Class,Animalia,Chordata,Mammalia,n/a,n/a,n/a,n/a,
July2019,Summer,X,Building,MY_Delivery_July2019,S12,S12_S01_July2019,S12_S01_F1_July2019,Vertebrate,Avian,0.0797,Bird,Aves,,Class,Animalia,Chordata,Aves,n/a,n/a,n/a,n/a,
July2019,Summer,X,Building,MY_Delivery_July2019,S12,S12_S01_July2019,S12_S01_F2_July2019,Vertebrate,Hair,0.074,Mammal,Mammalia,,Class,Animalia,Chordata,Mammalia,n/a,n/a,n/a,n/a,
July2019,Summer,X,Building,MY_Delivery_July2019,S12,S12_S02_July2019,S12_S02_F2_July2019,Vertebrate,Hair,0.5794,Mammal,Mammalia,,Class,Animalia,Chordata,Mammalia,n/a,n/a,n/a,n/a,
July2019,Summer,X,Building,MY_Delivery_July2019,S12,S12_S09_July2019,S12_S09_F2_July2019,Vertebrate,Hair,0.4136,Mammal,Mammalia,,Class,Animalia,Chordata,Mammalia,n/a,n/a,n/a,n/a,
July2019,Summer,X,Building,MY_Showers_July2019,S13,S13_S03_July2019,S13_S03_F2_July2019,Invertebrate,Arthropod,0.0748,Unknown Insect,Insecta,,Class,Animalia,Arthropoda,Insecta,n/a,n/a,n/a,n/a,https://drive.google.com/file/d/1BuvtbJnmeW-FqJ3w_cFcWFLD_5hkUnPQ/view?usp=sharing
July2019,Summer,X,Building,MY_Showers_July2019,S13,S13_S03_July2019,S13_S03_F4_July2019,Vertebrate,Hair,0.0865,Mammal,Mammalia,,Class,Animalia,Chordata,Mammalia,n/a,n/a,n/a,n/a,
July2019,Summer,X,Building,MY_Showers_July2019,S13,S13_S03_July2019,S13_S03_F5_July2019,Vertebrate,Avian,0.0715,Bird,Aves,,Class,Animalia,Chordata,Aves,n/a,n/a,n/a,n/a,
July2019,Summer,X,Building,MY_Showers_July2019,S13,S13_S04_July2019,S13_S04_F2_July2019,Vertebrate,Hair,1.0436,Mammal,Mammalia,,Class,Animalia,Chordata,Mammalia,n/a,n/a,n/a,n/a,
July2019,Summer,X,Building,MY_Showers_July2019,S13,S13_S04_July2019,S13_S04_F4_July2019,Invertebrate,Arthropod,0.0872,Unknown Insect,Insecta,,Class,Animalia,Arthropoda,Insecta,n/a,n/a,n/a,n/a,https://drive.google.com/file/d/14Wdp-rp4m7JIFo8lpCSowZSlzl7qsEJt/view?usp=sharing
July2019,Summer,X,Building,MY_Showers_July2019,S13,S13_S05_July2019,S13_S05_F2_July2019,Vertebrate,Hair,0.3166,Mammal,Mammalia,,Class,Animalia,Chordata,Mammalia,n/a,n/a,n/a,n/a,
July2019,Summer,X,Building,MY_Showers_July2019,S13,S13_S06_July2019,S13_S06_F3_July2019,Vertebrate,Hair,0.0089,Mammal,Mammalia,,Class,Animalia,Chordata,Mammalia,n/a,n/a,n/a,n/a,
July2019,Summer,X,Building,MY_Showers_July2019,S13,S13_S06_July2019,S13_S06_F5_July2019,Invertebrate,Arthropod,0.0956,Unknown Insect,Insecta,,Class,Animalia,Arthropoda,Insecta,n/a,n/a,n/a,n/a,https://drive.google.com/file/d/1tX3Iq5oWdCmjWmf2yS9ApXp_2ta8b8IE/view?usp=sharing
July2019,Summer,X,Building,MY_Showers_July2019,S13,S13_S07_July2019,S13_S07_F4_July2019,Vertebrate,Hair,0.0634,Mammal,Mammalia,,Class,Animalia,Chordata,Mammalia,n/a,n/a,n/a,n/a,
July2019,Summer,X,Building,MY_Showers_July2019,S13,S13_S07_July2019,S13_S07_F6_July2019,Invertebrate,Arthropod,0.1327,Grasshopper,Orthoptera,,Class,Animalia,Arthropoda,Insecta,Orthoptera,n/a,n/a,n/a,https://drive.google.com/file/d/17o02WBwow4GIo1MH1E8SUOywMU_Es4pH/view?usp=sharing
July2019,Summer,X,Building,MY_Showers_July2019,S13,S13_S08_July2019,S13_S08_F1_July2019,Vertebrate,Hair,1.1334,Mammal,Mammalia,,Class,Animalia,Chordata,Mammalia,n/a,n/a,n/a,n/a,
July2019,Summer,X,Building,MY_Showers_July2019,S13,S13_S09_July2019,S13_S09_F1_July2019,Vertebrate,Hair,1.1447,Mammal,Mammalia,,Class,Animalia,Chordata,Mammalia,n/a,n/a,n/a,n/a,
July2019,Summer,X,Building,MY_Showers_July2019,S13,S13_S09_July2019,S13_S09_F4_July2019,Invertebrate,Arthropod,0.0311,Unknown Arthropod,Insecta,,Class,Animalia,Arthropoda,Insecta,n/a,n/a,n/a,n/a,https://drive.google.com/file/d/1yi_VGpW1shIrHcCqWRhHgamm7lcxKfsX/view?usp=sharing
July2019,Summer,X,Building,MY_Showers_July2019,S13,S13_S10_July2019,S13_S10_F3_July2019,Vertebrate,Hair,0.0286,Mammal,Mammalia,,Class,Animalia,Chordata,Mammalia,n/a,n/a,n/a,n/a,
July2019,Summer,X,Building,MY_Delivery_July2019,S4,S4_S01_July2019,S4_S01_F2_July2019,Invertebrate,Arthropod,0.1298,Unknown Arthropod,Insecta,,Class,Animalia,Arthropoda,Insecta,n/a,n/a,n/a,n/a,https://drive.google.com/file/d/1XsPsp-Q9No8uiMoN65UE4d7IdwemKMQq/view?usp=sharing
July2019,Summer,X,Building,MY_Showers_July2019,S5,S5_S05_July2019,S5_S05_F1_July2019,Invertebrate,Arthropod,0.107,Unknown Arthropod,Insecta,,Class,Animalia,Arthropoda,Insecta,n/a,n/a,n/a,n/a,https://drive.google.com/file/d/11FxPTC2igJAAwjvfkhwgQIK74n63RZ2M/view?usp=sharing
July2019,Summer,X,Building,MY_Showers_July2019,S5,S5_S05_July2019,S5_S05_F3_July2019,Vertebrate,Hair,0.2758,Mammal,Mammalia,,Class,Animalia,Chordata,Mammalia,n/a,n/a,n/a,n/a,
July2019,Summer,X,Building,MY_Signshop_July2019,S6,S6_S03_July2019,S6_S03_F1_July2019,Vertebrate,Avian,0.1571,Bird,Aves,,Class,Animalia,Aves,n/a,n/a,n/a,n/a,n/a,
July2019,Summer,X,Building,MY_Signshop_July2019,S6,S6_S05_July2019,S6_S05_F2_July2019,Vertebrate,Avian,0.3532,Bird,Aves,,Class,Animalia,Aves,n/a,n/a,n/a,n/a,n/a,
July2019,Summer,,Building,MY_Roadhouse_July2019,S7,S7_S01_July2019,S7_S01_F2_July2019,Vertebrate,Hair,0.9351,Mammal,Mammalia,,Class,Animalia,Chordata,Mammalia,n/a,n/a,n/a,n/a,
July2019,Summer,X,Building,MY_Roadhouse_July2019,S7,S7_S02_July2019,S7_S02_F2_July2019,Vertebrate,Bone,0.0056,Rodent,Rodentia,,Class,Animalia,Chordata,Mammalia,Rodentia,n/a,n/a,n/a,https://drive.google.com/file/d/1TPUREZh0PuKOWb1-mFoJ1CYwZgEWE9lQ/view?usp=sharing
July2019,Summer,X,Building,MY_Roadhouse_July2019,S7,S7_S03_July2019,S7_S03_F2_July2019,Vertebrate,Hair,0.1067,Mammal,Mammalia,,Class,Animalia,Chordata,Mammalia,n/a,n/a,n/a,n/a,
July2019,Summer,X,Building,MY_Roadhouse_July2019,S7,S7_S04_July2019,S7_S04_F2_July2019,Vertebrate,Bone,0.1381,Rodent,Rodentia,,Class,Animalia,Chordata,Mammalia,Rodentia,n/a,n/a,n/a,"https://drive.google.com/file/d/1yZoHrNrKojfqfSht4AdBI4Q1dXRgESh_/view?usp=sharing, https://drive.google.com/file/d/1aYIKtxYrbTDfFRQVEdprneRmX_HyV4Gh/view?usp=sharing, https://drive.google.com/file/d/1oSXEIgFeQdqrgTcDQmgdyUJyQtuxHPrZ/view?usp=sharing"
July2019,Summer,X,Building,MY_Roadhouse_July2019,S7,S7_S07_July2019,S7_S07_F3_July2019,Vertebrate,Hair,0.1108,Mammal,Mammalia,,Class,Animalia,Chordata,Mammalia,n/a,n/a,n/a,n/a,
July2019,Summer,X,Building,MY_Roadhouse_July2019,S7,S7_S09_July2019,S7_S09_F1_July2019,Vertebrate,Hair,0.2776,Mammal,Mammalia,,Class,Animalia,Chordata,Mammalia,n/a,n/a,n/a,n/a,
Jan2021,Winter,X,Building,Dungeon3_Jan2021,Dungeon3,Dungeon3_S3_Jan2021,Dungeon3_S3_F2_Jan2021,Vertebrate,Hair,0.2411,Mammal,Mammalia,,Class,Animalia,Chordata,Mammalia,n/a,n/a,n/a,n/a,
Nov2020,Winter,X,Building,MY2_Nov2020,MY2_Nov2021,MY2_S1_Nov2020,MY2_S1_F2_Nov2020,Vertebrate,Hair,0.0161,Mammal,Mammalia,,Class,Animalia,Chordata,Mammalia,n/a,n/a,n/a,n/a,https://drive.google.com/file/d/1LqjlciY7psPpBrazD3AiaIylpnlV7-6P/view?usp=sharing
Nov2020,Winter,X,Building,MY2_Nov2020,MY2_Nov2021,MY2_S3_Nov2020,MY2_S3_F1_Nov2020,Vertebrate,Hair,0.5725,Mammal,Mammalia,,Class,Animalia,Chordata,Mammalia,n/a,n/a,n/a,n/a,https://drive.google.com/file/d/1msPT7l1pCGREo1AZEettIJER9t_32vam/view?usp=sharing
Nov2020,Winter,X,Building,MY2_Nov2020,MY2_Nov2021,MY2_S4_Nov2020,MY2_S4_F1_Nov2020,Vertebrate,Hair,0.9231,Mammal,Mammalia,,Class,Animalia,Chordata,Mammalia,n/a,n/a,n/a,n/a,https://drive.google.com/file/d/1k34-RosPb5Sp_jKVNj5UmRlwAczrfSlo/view?usp=sharing
Nov2020,Winter,X,Building,MY2_Nov2020,MY2_Nov2021,MY2_S5_Nov2020,MY2_S5_F2_Nov2020,Vertebrate,Hair,0.2027,Mammal,Mammalia,,Class,Animalia,Chordata,Mammalia,n/a,n/a,n/a,n/a,https://drive.google.com/file/d/1eHj-LOatAwE0em-vYieV3PcFaEXhB1QL/view?usp=sharing
Nov2020,Winter,X,Building,MY2_Nov2020,MY2_Nov2021,MY2_S6_Nov2020,MY2_S6_F3_Nov2020,Vertebrate,Hair,0.0001,Mammal,Mammalia,,Class,Animalia,Chordata,Mammalia,n/a,n/a,n/a,n/a,https://drive.google.com/file/d/1flyTPqAvwQ0EPdz5ggadIG64yJY7TTul/view?usp=sharing
Nov2020,Winter,X,Building,MY2_Nov2020,MY2_Nov2021,MY2_S7_Nov2020,MY2_S7_F1.2_Nov2020,Invertebrate,Arthropod,0.0004,Unknown Insect,Insecta,,Class,Animalia,Arthropoda,Insecta,n/a,n/a,n/a,n/a,https://drive.google.com/file/d/1FoThFL_s1aSLxkcogC2aYFIlybeHtaps/view?usp=sharing
Nov2020,Winter,X,Building,MY2_Nov2020,MY2_Nov2021,MY2_S7_Nov2020,MY2_S7_F2_Nov2020,Vertebrate,Hair,0.2578,Mammal,Mammalia,,Class,Animalia,Chordata,Mammalia,n/a,n/a,n/a,n/a,
Nov2020,Winter,X,Building,MY3_Nov2020,MY3_Nov2021,MY3_S1_Nov2020,MY3_S1_F1_Nov2020,Vertebrate,Hair,0.7005,Mammal,Mammalia,,Class,Animalia,Chordata,Mammalia,n/a,n/a,n/a,n/a,https://drive.google.com/file/d/1SKbV9UFmtE9SzwjqGMWnK_ZtXcmQKxq3/view?usp=sharing
Nov2020,Winter,X,Building,MY3_Nov2020,MY3_Nov2021,MY3_S2_Nov2020,MY3_S2_F1_Nov2020,Vertebrate,Hair,0.0028,Mammal,Mammalia,,Class,Animalia,Chordata,Mammalia,n/a,n/a,n/a,n/a,https://drive.google.com/file/d/1fqZwQ6aru9hSzXlDeEuc9gEnHs-vUm5b/view?usp=sharing
Nov2020,Winter,X,Building,MY3_Nov2020,MY3_Nov2021,MY3_S5_Nov2020,MY3_S5_F2_Nov2020,Vertebrate,Hair,0.1566,Mammal,Mammalia,,Class,Animalia,Chordata,Mammalia,n/a,n/a,n/a,n/a,https://drive.google.com/file/d/18F7VRTZdGSN1pjOr4YBy7ZWtCqvJO-_B/view?usp=sharing
Jan2021,Winter,X,Building,MY4_Jan2021,MY4_Jan2021,MY4_S1_Jan2021,MY4_S1_F1_Jan2021,Vertebrate,Hair,0.2227,Mammal,Mammalia,,Class,Animalia,Chordata,Mammalia,n/a,n/a,n/a,n/a,
Nov2020,Winter,X,Building,MY4_Nov2020,MY4_Nov2021,MY4_S1_Nov2020,MY4_S1_F2_Nov2020,Vertebrate,Hair,0.0036,Mammal,Mammalia,,Class,Animalia,Chordata,Mammalia,n/a,n/a,n/a,n/a,https://drive.google.com/file/d/1oaeeW4_i23aoKeRN4ojZqWi3uhCLeeeW/view?usp=sharing
Jan2021,Winter,X,Building,MY4_Jan2021,MY4_Jan2021,MY4_S2_Jan2021,MY4_S2_F3_Jan2021,Invertebrate,Arthropod,0.0109,Unknown Arthropod,Insecta,,Class,Animalia,Arthropoda,Insecta,n/a,n/a,n/a,n/a,https://drive.google.com/file/d/18o1nOBnkX0qNFctU8-L-TcrMPRZwnf4i/view?usp=sharing
Nov2020,Winter,X,Building,MY4_Nov2020,MY4_Nov2021,MY4_S3_Nov2020,MY4_S3_F1_Nov2020,Vertebrate,Hair,0.0118,Mammal,Mammalia,,Class,Animalia,Chordata,Mammalia,n/a,n/a,n/a,n/a,https://drive.google.com/file/d/14Xq13irPpDZFAJJg-Bd1Rdr4Gc9UVNlR/view?usp=sharing
Jan2021,Winter,X,Building,MY4_Jan2021,MY4_Jan2021,MY4_S3_Jan2021,MY4_S3_F2_Jan2021,Vertebrate,Hair,0.0814,Mammal,Mammalia,,Class,Animalia,Chordata,Mammalia,n/a,n/a,n/a,n/a,https://drive.google.com/file/d/1EnHNCP_hqPDRWRBMngA9N8bIniZJKFTa/view?usp=sharing
Nov2020,Winter,X,Building,MY4_Nov2020,MY4_Nov2021,MY4_S3_Nov2020,MY4_S3_F3_Nov2020,Vertebrate,Avian,0.0011,Bird,Aves,,Class,n/a,n/a,n/a,n/a,n/a,n/a,n/a,https://drive.google.com/file/d/1c9LHvnmrbkPh7YMffUmIhQ9yXN1rOmiW/view?usp=sharing
Jan2021,Winter,X,Building,MY4_Jan2021,MY4_Jan2021,MY4_S5_Jan2021,MY4_S5_F3_Jan2021,Vertebrate,Hair,0.0388,Mammal,Mammalia,,Class,Animalia,Chordata,Mammalia,n/a,n/a,n/a,n/a,https://drive.google.com/file/d/1ownd_Wa_lINvoGx1aalwRpfp10LJO19p/view?usp=sharing
Nov2020,Winter,X,Building,MY6_Nov2020,MY6_Nov2021,MY6_S10_Nov2020,MY6_S10_F1_Nov2020,Vertebrate,Bone,0.1312,Mammal,Mammalia,,Class,Animalia,Chordata,Mammalia,n/a,n/a,n/a,n/a,https://drive.google.com/file/d/1eILX59PD--yJTVWYVhl-dDk0nz1WG11f/view?usp=sharing
Nov2020,Winter,X,Building,MY6_Nov2020,MY6_Nov2021,MY6_S10_Nov2020,MY6_S10_F2_Nov2020,Vertebrate,Hair,0.153,Mammal,Mammalia,,Class,Animalia,Chordata,Mammalia,n/a,n/a,n/a,n/a,https://drive.google.com/file/d/1M-7DKKCHeEGxJYiqPdsPQtJrre931y6I/view?usp=sharing
Nov2020,Winter,X,Building,MY6_Nov2020,MY6_Nov2021,MY6_S3_Nov2020,MY6_S3_F1_Nov2020,Vertebrate,Avian,0.2688,Bird,Aves,,Class,Animalia,Chordata,Aves,n/a,n/a,n/a,n/a,https://drive.google.com/file/d/1NEFQ2zibOeEWj5DcLhKOqQ2zq3R6ThJt/view?usp=sharing
Nov2020,Winter,X,Building,MY6_Nov2020,MY6_Nov2021,MY6_S4_Nov2020,MY6_S4_F1_Nov2020,Vertebrate,Hair,0.1484,Mammal,Mammalia,,Class,Animalia,Chordata,Mammalia,n/a,n/a,n/a,n/a,https://drive.google.com/file/d/1i874qYyLkDDYrUy_n2WfiJboisFVBW6X/view?usp=sharing
Nov2020,Winter,X,Building,MY6_Nov2020,MY6_Nov2021,MY6_S6_Nov2020,MY6_S6_F1_Nov2020,Vertebrate,Hair,0.715,Mammal,Mammalia,,Class,Animalia,Chordata,Mammalia,n/a,n/a,n/a,n/a,https://drive.google.com/file/d/1sNABUxl_YLhQbv8JhLkDItO-TN74otHT/view?usp=sharing
Nov2020,Winter,X,Building,MY6_Nov2020,MY6_Nov2021,MY6_S9_Nov2020,MY6_S9_F4_Nov2020,Vertebrate,Hair,0.2136,Mammal,Mammalia,,Class,Animalia,Chordata,Mammalia,n/a,n/a,n/a,n/a,
Jan2021,Winter,X,Building,RW_Jan2021,RW,RW_S1_Jan2021,RW_S1_F1_Jan2021,Vertebrate,Hair,0.1236,Mammal,Mammalia,,Class,Animalia,Chordata,Mammalia,n/a,n/a,n/a,n/a,https://drive.google.com/file/d/1WW9VpBzWrTMYfOp_qf8V_DeAtv2mQhSZ/view?usp=sharing
Jan2021,Winter,X,Building,RW_Jan2021,RW,RW_S2_Jan2021,RW_S2_F4_Jan2021,Vertebrate,Hair,0.0001,Mammal,Mammalia,,Class,Animalia,Chordata,Mammalia,n/a,n/a,n/a,n/a,https://drive.google.com/file/d/16HFkUkXiGREfORBVCBM8wt-I7G_VvTmR/view?usp=sharing
Nov2020,Winter,X,Building,ZL1_Nov2020,ZL1_Nov2021,ZL1_S1_Nov2020,ZL1_S1_F2_Nov2020,Vertebrate,Hair,0.0423,Mammal,Mammalia,,Class,Animalia,Chordata,Mammalia,n/a,n/a,n/a,n/a,https://drive.google.com/file/d/1HVY-xsdOnoc6kmqwVgDy_2eFE2SSXZJ7/view?usp=sharing
Nov2020,Winter,X,Building,ZL1_Nov2020,ZL1_Nov2021,ZL1_S1_Nov2020,ZL1_S1_F3_Nov2020,Invertebrate,Arthropod,0.0099,Unknown Arthropod,Insecta,,Class,Animalia,Arthropoda,Insecta,n/a,n/a,n/a,n/a,https://drive.google.com/file/d/1b7HpPnnJ1T9TgF1z5tqjvK0aJ5kZI9WF/view?usp=sharing
Nov2020,Winter,,Building,ZL1_Nov2020,ZL1_Nov2021,ZL1_S1_Nov2020,ZL1_S1_F4_Nov2020,Vertebrate,Bone,0.0054,Rodent,Rodentia,,Class,Animalia,Chordata,Mammalia,Rodentia,n/a,n/a,n/a,"https://drive.google.com/file/d/1z3zcH3KH9oRKlCsrzTXT2sP_vjrkqSPi/view?usp=sharing, https://drive.google.com/file/d/1AKv7C8WXa9z0fIxNVKwCk5_r17DAkeIc/view?usp=sharing"
Nov2020,Winter,X,Building,ZL2_Nov2020,ZL2_Nov2021,ZL2_S1_Nov2020,ZL2_S1_F2_Nov2020,Invertebrate,Arthropod,0.0015,Unknown Arthropod,Insecta,,Class,Animalia,Arthropoda,Insecta,n/a,n/a,n/a,n/a,https://drive.google.com/file/d/1udyB034BZ013m72RhLsvSKP-ypeSfGBN/view?usp=sharing
Nov2020,Winter,X,Building,ZL2_Nov2020,ZL2_Nov2021,ZL2_S3_Nov2020,ZL2_S3_F3_Nov2020,Vertebrate,Hair,0.0219,Mammal,Mammalia,,Class,Animalia,Chordata,Mammalia,n/a,n/a,n/a,n/a,
Nov2020,Winter,X,Building,ZL2_Nov2020,ZL2_Nov2021,ZL2_S3_Nov2020,ZL2_S3_F4_Nov2020,Invertebrate,Arthropod,0.0012,Unknown Arthropod,Insecta,,Class,Animalia,Arthropoda,Insecta,n/a,n/a,n/a,n/a,https://drive.google.com/file/d/1TYkolXciQkUS-Y44k44kCm1jZaknVLKG/view?usp=sharing
Nov2020,Winter,X,Building,ZL2_Nov2020,ZL2_Nov2021,ZL2_S4_Nov2020,ZL2_S4_F1_Nov2020,Vertebrate,Hair,0.0312,Mammal,Mammalia,,Class,Animalia,Chordata,Mammalia,n/a,n/a,n/a,n/a,
Nov2020,Winter,X,Building,ZL2_Nov2020,ZL2_Nov2021,ZL2_S5_Nov2020,ZL2_S5_F1_Nov2020,Vertebrate,Hair,0.0257,Mammal,Mammalia,,Class,Animalia,Chordata,Mammalia,n/a,n/a,n/a,n/a,
Nov2020,Winter,X,Building,ZL2_Nov2020,ZL2_Nov2021,ZL2_S9_Nov2020,ZL2_S9_F1.2_Nov2020,Invertebrate,Arthropod,0.002,Unknown Larva,Insecta,,Class,Animalia,Arthropoda,Insecta,n/a,n/a,n/a,n/a,
Nov2020,Winter,X,Building,ZL2_Nov2020,ZL2_Nov2021,ZL2_S9_Nov2020,ZL2_S9_F4_Nov2020,Vertebrate,Hair,0.0117,Mammal,Mammalia,,Class,Animalia,Chordata,Mammalia,n/a,n/a,n/a,n/a,
Nov2020,Winter,X,Building,ZL3_Nov2020,ZL3_Nov2021,ZL3_S1_Nov2020,ZL3_S1_F4_Nov2020,Vertebrate,Hair,0.0053,Mammal,Mammalia,,Class,Animalia,Chordata,Mammalia,n/a,n/a,n/a,n/a,https://drive.google.com/file/d/1j6lf-y1E2zSZ635gpz9yBGrwyXAgx_-7/view?usp=sharing
Nov2020,Winter,X,Building,ZL3_Nov2020,ZL3_Nov2021,ZL3_S2_Nov2020,ZL3_S2_F2_Nov2020,Vertebrate,Hair,0.0116,Mammal,Mammalia,,Class,Animalia,Chordata,Mammalia,n/a,n/a,n/a,n/a,https://drive.google.com/file/d/1SmrLrJjpF__e95keQxED0s_yZp-eFMOJ/view?usp=sharing
Nov2020,Winter,X,Building,ZL3_Nov2020,ZL3_Nov2021,ZL3_S2_Nov2020,ZL3_S2_F3_Nov2020,Invertebrate,Arthropod,0.0012,Unknown Insect,Insecta,,Class,Animalia,Arthropoda,Insecta,n/a,n/a,n/a,n/a,https://drive.google.com/file/d/1LzTYPKhkzce4deyC97HFBotH7M6AK8ai/view?usp=sharing
Nov2020,Winter,X,Building,ZL3_Nov2020,ZL3_Nov2021,ZL3_S3_Nov2020,ZL3_S3_F1_Nov2020,Invertebrate,Arthropod,0.0086,Unknown Insect,Insecta,,Class,Animalia,Arthropoda,Insecta,n/a,n/a,n/a,n/a,https://drive.google.com/file/d/1sks4yhKhxMNjuhl-eJ5yS0TQP2npRJ03/view?usp=sharing
Nov2020,Winter,X,Building,ZL3_Nov2020,ZL3_Nov2021,ZL3_S3_Nov2020,ZL3_S3_F2_Nov2020,Vertebrate,Hair,0.3591,Mammal,Mammalia,,Class,Animalia,Chordata,Mammalia,n/a,n/a,n/a,n/a,https://drive.google.com/file/d/1VvYGiiHQt-rbrwpn44losdoR6ykdKqSm/view?usp=sharing
Nov2020,Winter,X,Building,ZL3_Nov2020,ZL3_Nov2021,ZL3_S7_Nov2020,ZL3_S7_F2_Nov2020,Vertebrate,Hair,0.0043,Mammal,Mammalia,,Class,Animalia,Chordata,Mammalia,n/a,n/a,n/a,n/a,https://drive.google.com/file/d/1ZviH9f2dXgOKgjYls5ZkNxJzM_fI0Vph/view?usp=sharing
Nov2020,Winter,X,Building,ZL4_Nov2020,ZL4_Nov2021,ZL4_S10_Nov2020,ZL4_S10_F3_Nov2020,Vertebrate,Hair,0.7039,Mammal,Mammalia,,Class,Animalia,Chordata,Mammalia,n/a,n/a,n/a,n/a,https://drive.google.com/file/d/1ClytslH-KfdtWQ39zgno_S2CTtcw1DHY/view?usp=sharing
Nov2020,Winter,X,Building,ZL4_Nov2020,ZL4_Nov2021,ZL4_S3_Nov2020,ZL4_S3_F1_Nov2020,Invertebrate,Arthropod,0.0154,Unknown Insect,Insecta,,Class,Animalia,Arthropoda,Insecta,n/a,n/a,n/a,n/a,https://drive.google.com/file/d/15nl75lyJZwA16d8fKpVQSHchO0t9nLSc/view?usp=sharing
Nov2020,Winter,X,Building,ZL6_Nov2020,ZL6_Nov2021,ZL6_S1_Nov2020,ZL6_S1_F3_Nov2020,Vertebrate,Hair,0.0001,Mammal,Mammalia,,Class,Animalia,Chordata,Mammalia,n/a,n/a,n/a,n/a,https://drive.google.com/file/d/1oLLoXKWyel2M_sw8AjQtr_FCLAIDMK90/view?usp=sharing
Nov2020,Winter,X,Building,ZL6_Nov2020,ZL6_Nov2021,ZL6_S10_Nov2020,ZL6_S10_F2_Nov2020,Vertebrate,Hair,0.0018,Mammal,Mammalia,,Class,Animalia,Chordata,Mammalia,n/a,n/a,n/a,n/a,
Nov2020,Winter,X,Building,ZL6_Nov2020,ZL6_Nov2021,ZL6_S2_Nov2020,ZL6_S2_F1_Nov2020,Vertebrate,Hair,0.0413,Mammal,Mammalia,,Class,Animalia,Chordata,Mammalia,n/a,n/a,n/a,n/a,
Nov2020,Winter,X,Building,ZL6_Nov2020,ZL6_Nov2021,ZL6_S3_Nov2020,ZL6_S3_F2_Nov2020,Invertebrate,Arthropod,0.0628,Unknown Insect,Insecta,,Class,Animalia,Arthropoda,Insecta,n/a,n/a,n/a,n/a,"https://drive.google.com/file/d/1AUak1qab0zCqzmagCcelfYZnMm4thHj7/view?usp=sharing, https://drive.google.com/file/d/1MQFzSefANEumFoddfYDgdaorLE8NbJN0/view?usp=sharing , https://drive.google.com/file/d/1ev8nmEen_V1YTotYvQB8X1bP7CMhdY8-/view?usp=sharing, https://drive.google.com/file/d/1ru-gE0E4FyjlziUY0Inq0AFRWqfK0VFb/view?usp=sharing , https://drive.google.com/file/d/1vrFvK-WGeA2rNORVCj0HPCXU5Jh6N2jN/view?usp=sharing"
Nov2020,Winter,X,Building,ZL6_Nov2020,ZL6_Nov2021,ZL6_S5_Nov2020,ZL6_S5_F1_Nov2020,Vertebrate,Hair,0.3829,Mammal,Mammalia,,Class,Animalia,Chordata,Mammalia,n/a,n/a,n/a,n/a,
Nov2020,Winter,X,Building,ZL7_Nov2020,ZL7_Nov2021,ZL7_S5_Nov2020,ZL7_S5_F3_Nov2020,Vertebrate,Hair,0.0029,Mammal,Mammalia,,Class,Animalia,Chordata,Mammalia,n/a,n/a,n/a,n/a,
Jan2021,Winter,X,Building,ZL9_Jan2021,ZL9_Jan2021,ZL9_S3_Jan2021,ZL9_S3_F1_Jan2021,Vertebrate,Avian,0.0583,Bird,Aves,,Class,Animalia,Chordata,Aves,n/a,n/a,n/a,n/a,https://drive.google.com/file/d/1CiJhJmqb8EJ2K8wziMh5GENtwDKh-uFL/view?usp=sharing
July2019,Summer,X,Natural,Oak_Creek_Shed_July2019,S1,S1_S01_July2019,S1_S01_F1,Vertebrate,Hair,0.0628,Mammal,Mammalia,,Class,Animalia,Chordata,Mammalia,n/a,n/a,n/a,n/a,https://drive.google.com/file/d/1JAEks9ZiKHYrt7u98EVC63QPP2SP4E65/view?usp=sharing
July2019,Summer,X,Natural,Oak_Creek_Shed_July2019,S1,S1_S01_July2019,S1_S01_F3_July2019,Invertebrate,Arthropod,0.0376,Unknown Arthropod,Insecta,,Class,Animalia,Arthropoda,Insecta,n/a,n/a,n/a,n/a,https://drive.google.com/file/d/1QNrWrNQGrcKuhrihHRZ17udCITXoe919/view?usp=sharing
July2019,Summer,X,Natural,Oak_Creek_Shed_July2019,S1,S1_S01_July2019,S1_S01_F4_July2019,Vertebrate,Avian,0.0767,Bird,Aves,,Class,Animalia,Chordata,Aves,n/a,n/a,n/a,n/a,"https://drive.google.com/file/d/15BDSNtvrd4MZUM5rSCO71ACPhTIbDj5V/view?usp=sharing, https://drive.google.com/file/d/17oU6xadVX89nHmQA7Bie4__-NdN5_Bq_/view?usp=sharing"
July2019,Summer,X,Natural,Zion_Canyon_SB_July2019,S14,S14_S01_July2019,S14_S01_F1_July2019,Vertebrate,Hair,0.6732,Mammal,Mammalia,,Class,Animalia,Chordata,Mammalia,n/a,n/a,n/a,n/a,
July2019,Summer,X,Natural,Zion_Canyon_SB_July2019,S14,S14_S01_July2019,S14_S01_F4_July2019,Vertebrate,Avian,0.0219,Bird,Aves,,Class,Animalia,Chordata,Aves,n/a,n/a,n/a,n/a,https://drive.google.com/file/d/1huIZ9zO11OnJ8o1Yi2e3kUIqtX16jfPL/view?usp=sharing
July2019,Summer,X,Natural,Zion_Canyon_SB_July2019,S14,S14_S02_July2019,S14_S02_F2_July2019,Vertebrate,Hair,1.0284,Mammal,Mammalia,,Class,Animalia,Chordata,Mammalia,n/a,n/a,n/a,n/a,
July2019,Summer,X,Natural,Kolob_Canyon_July2019,S2,S2_S01_July2019,S2_S01_F3_July2019,Vertebrate,Hair,0.0151,Mammal,Mammalia,,Class,Animalia,Chordata,Mammalia,,,,,https://drive.google.com/file/d/1gww1UUtV1mzsk98O72-5__w9kkE_tsB3/view?usp=sharing
July2019,Summer,X,Natural,Kolob_Canyon_July2019,S3,S3_S01_July2019,S3_S01_F3_July2019,Invertebrate,Arthropod,0.0192,Unknown Insect,Insecta,,Class,Animalia,Arthropoda,Insecta,n/a,n/a,n/a,n/a,https://drive.google.com/file/d/1Xl5XNRxx0j_w55L4XpIK9STpEGe57mME/view?usp=sharing
July2019,Summer,X,Natural,Zion_Canyon_AB_July2019,S38,S38_S01_July2019,S38_S01_F2_July2019,Vertebrate,Hair,0.2275,Mammal,Mammalia,,Class,Animalia,Chordata,Mammalia,n/a,n/a,n/a,n/a,https://drive.google.com/file/d/1ET09bV9I6DQnuFT-sHrTPEAWrDQHuddh/view?usp=sharing
Jan2021,Winter,X,Natural,NL5_Jan2021,NL5_Jan2021,NL5_S2_Jan2021,NL5_S2_F1_Jan2021,Vertebrate,Hair,0.1752,Mammal,Mammalia,,Class,Animalia,Chordata,Mammalia,n/a,n/a,n/a,n/a,https://drive.google.com/file/d/1ZgFAEKzUARKSSf9prLwLjz6pqn82hcAY/view?usp=sharing
Nov2020,Winter,X,Natural,SP_HQ_NL6_Nov2020,SP_HQ_NL6_Nov2021,SP_HQ_NL6_S1_Nov2020,SP_HQ_NL6_S1_F1_Nov2020,Vertebrate,Hair,0.3827,Mammal,Mammalia,,Class,Animalia,Chordata,Mammalia,n/a,n/a,n/a,n/a,
Nov2020,Winter,X,Natural,SP_HQ_NL6_Nov2020,SP_HQ_NL6_Nov2021,SP_HQ_NL6_S2_Nov2020,SP_HQ_NL6_S2_F4_Nov2020,Vertebrate,Hair,0.0711,Mammal,Mammalia,,Class,Animalia,Chordata,Mammalia,n/a,n/a,n/a,n/a,
Nov2020,Winter,X,Natural,SP_HQ_NL6_Nov2020,SP_HQ_NL6_Nov2021,SP_HQ_NL6_S3_Nov2020,SP_HQ_NL6_S3_F3_Nov2020,Invertebrate,Arthropod,0.001,Unknown Arthropod,Insecta,,Class,Animalia,Arthropoda,Insecta,n/a,n/a,n/a,n/a,https://drive.google.com/file/d/1KB6Da8ze6pEn10AQZ7n5976d7c9n_szZ/view?usp=sharing
Nov2020,Winter,X,Natural,SP_HQ_NL6_Nov2020,SP_HQ_NL6_Nov2021,SP_HQ_NL6_S4_Nov2020,SP_HQ_NL6_S4_F1_Nov2020,Vertebrate,Avian,0.2583,Bird,Aves,,Class,Animalia,Chordata,Aves,n/a,n/a,n/a,n/a,https://drive.google.com/file/d/1jz6dN9GdYWrBrVxwprxrfUtb3hg4hxsQ/view?usp=sharing
July2019,Summer,X,Building,MY_Delivery_July2019,S11,S11_S01_July2019,S11_S01_F1_July2019,Vertebrate,Bone,0.0712,Shrew,Soricidae,,Family,Animalia,Chordata,Mammalia,Soricomorpha,Soricidae,n/a,n/a,https://drive.google.com/file/d/1g_tQW0fMJ6qEhATQTIeCFTZulDnZ0opW/view?usp=sharing
July2019,Summer,X,Building,MY_Delivery_July2019,S11,S11_S10_July2019,S11_S10_F2_July2019,Vertebrate,Teeth,0.1298,Shrew,Soricidae,,Family,Animalia,Chordata,Mammalia,Soricomorpha,Soricidae,n/a,n/a,"https://drive.google.com/file/d/1t6qQcYYTk8c3A99LBAXoaFREmmfj0JSt/view?usp=sharing , https://drive.google.com/file/d/1hiSXQ_RIeBnL1OeqGTmK6uBBfHo9p5j0/view?usp=sharing , https://drive.google.com/file/d/1v8uM-BOtzjPEZ-azaukI9HhO0AsaCOiH/view?usp=sharing"
July2019,Summer,X,Building,MY_Showers_July2019,S13,S13_S04_July2019,S13_S04_F1_July2019,Vertebrate,Bone,0.4471,Rodent,Rodentia,,Family,Animalia,Chordata,Mammalia,Rodentia,n/a,n/a,n/a,https://drive.google.com/file/d/1nd8huSWq_mlEX7CNG7Myz6oclmseGc-_/view?usp=sharing
July2019,Summer,X,Building,MY_Showers_July2019,S5,S5_S05_July2019,S5_S05_F2_July2019,Vertebrate,Bone,0.1181,Rodent,Rodentia,,Family,Animalia,Chordata,Mammalia,Rodentia,n/a,n/a,n/a,https://drive.google.com/file/d/1gU5KzkMqxy2zEnyXg1WbbswLbSLesJ2J/view?usp=sharing
July2019,Summer,X,Building,MY_Roadhouse_July2019,S7,S7_S03_July2019,S7_S03_F1_July2019,Invertebrate,Arthropod,0.1525,Darkling beetle,Tenebrionidae,,Family,Animalia,Arthropoda,Insecta,Coleoptera,Tenebrionidae,n/a,n/a,https://drive.google.com/file/d/1kNGaqY5C3pg3ZybNJw3LM-GYuJnaeyeM/view?usp=sharing
July2019,Summer,X,Building,MY_Roadhouse_July2019,S7,S7_S08_July2019,S7_S08_F1_July2019,Invertebrate,Arthropod,0.1377,Darkling beetle,Tenebrionidae,,Family,Animalia,Arthropoda,Insecta,Coleoptera,Tenebrionidae,n/a,n/a,https://drive.google.com/file/d/1D66FNY_2nbuenm8YDQQljdCwyER0P1vn/view?usp=sharing
July2019,Summer,X,Building,MY_Roadhouse_July2019,S7,S7_S09_July2019,S7_S09_F3_July2019,Vertebrate,Teeth,0.3811,Rodent,Rodentia,,Family,Animalia,Chordata,Mammalia,Rodentia,n/a,n/a,n/a,"https://drive.google.com/file/d/1aYIKtxYrbTDfFRQVEdprneRmX_HyV4Gh/view?usp=sharing, https://drive.google.com/file/d/1FX9TT8s915LTuFmQZ-60cl98DpLvimnl/view?usp=sharing"
Jan2021,Winter,X,Building,Dungeon3_Jan2021,Dungeon3,Dungeon3_S3_Jan2021,Dungeon3_S3_F1_Jan2021,Invertebrate,Arthropod,0.0073,Darkling beetle,Tenebrionidae,,Family,Animalia,Arthropoda,Insecta,Coleoptera,Tenebrionidae,n/a,n/a,https://drive.google.com/file/d/1vSv48Ub6-IaCAx9QpXnqKKAbqqPT1XFu/view?usp=sharing. https://drive.google.com/file/d/1NX9D5SvQsSdP20LP5MbYhLJZVAgND33c/view?usp=sharing
Nov2020,Winter,X,Building,MY3_Nov2020,MY3_Nov2021,MY3_S1_Nov2020,MY3_S1_F2_Nov2020,Vertebrate,Bone,0.0917,Rodent,Rodentia,,Family,Animalia,Chordata,Mammalia,Rodentia,n/a,n/a,n/a,"https://drive.google.com/file/d/1kRpsAupf805d3UTaajNDmdfgkapbIpD6/view?usp=sharing, https://drive.google.com/file/d/1sWYVAF4S5HmL7OHgtdmmJ7sSJAJuIWqC/view?usp=sharing"
Jan2021,Winter,X,Building,MY4_Jan2021,MY4_Jan2021,MY4_S5_Jan2021,MY4_S5_F1_Jan2021,Invertebrate,Arthropod,0.1512,Darkling beetle,Eleodes,,Family,Animalia,Arthropoda,Insecta,Coleoptera,Tenebrionidae,Eleodes,n/a,https://drive.google.com/file/d/1FWJXPF6lYxuxjAnlZCE66ceymxImeblf/view?usp=sharing
Nov2020,Winter,X,Building,MY6_Nov2020,MY6_Nov2021,MY6_S5_Nov2020,MY6_S5_F2.1_Nov2020,Plant,Seeds,0.0386,Mustard,Brassicaceae,,Family,Plantae,n/a,Magnoliopsida,Brassicales,Brassicaceae,,n/a,https://drive.google.com/file/d/1n-lueF6LVacUEJDSB7AM6pbOvXBZAeGy/view?usp=sharing
Nov2020,Winter,X,Building,MY6_Nov2020,MY6_Nov2021,MY6_S9_Nov2020,MY6_S9_F1.2_Nov2020,Plant,grass,0.0027,Grass,Poaceae,,Family,Plantae,n/a,Magnoliopsida,Poales,Poaceae,n/a,n/a,https://drive.google.com/file/d/1ZhBNcH7yFsNTTXrk_5FFPhX5vNGWI-hE/view?usp=sharing
Nov2020,Winter,X,Building,ZL2_Nov2020,ZL2_Nov2021,ZL2_S9_Nov2020,ZL2_S9_F1.1_Nov2020,Invertebrate,Arthropod,0.0007,Bee,Apidae,,Family,Animalia,Arthropoda,Insecta,Hymenoptera,Apidae,n/a,n/a,
Nov2020,Winter,X,Building,ZL7_Nov2020,ZL7_Nov2021,ZL7_S5_Nov2020,ZL7_S5_F2_Nov2020,Vertebrate,Teeth,0.0048,Rodent,Rodentia,,Family,Animalia,Chordata,Mammalia,Rodentia,n/a,n/a,n/a,"https://drive.google.com/file/d/1BIW02Ct7lCYcx4MnPoMMrJyA4tkgnkb5/view?usp=sharing, https://drive.google.com/file/d/183C_C9pDBwvjos3WF3Re7Mlf_icY57A1/view?usp=sharing"
July2019,Summer,X,Natural,Zion_Canyon_SB_July2019,S14,S14_S01_July2019,S14_S01_F3.2_July2019,Plant,Plant Material,0.0338,Grass sp. 1,Poaceae,,Family,Plantae,n/a,Magnoliopsida,Poales,Poaceae,n/a,n/a,https://drive.google.com/file/d/1oUx7N5ERcAlQlLzUqgztKi4n2Uh9UEYp/view?usp=sharing
July2019,Summer,X,Natural,Zion_Canyon_SB_July2019,S14,S14_S02_July2019,S14_S02_F3_July2019,Plant,Plant Material,0.0144,Grass sp. 1,Poaceae,,Family,Plantae,,Magnoliopsida,Poales,Poaceae,n/a,n/a,https://drive.google.com/file/d/19heyDZSwD2I62UEloIfWC87Xx-FRglyT/view?usp=sharing
July2019,Summer,X,Natural,Zion_Canyon_SB_July2019,S16,S16_S01_July2019,S16_S01_F1.2_July2019,Invertebrate,Arthropod,0.0165,Carrion beetle,Silphidae,,Family,Animalia,Arthropoda,Insecta,Coleoptera,Silphidae,n/a,n/a,"https://drive.google.com/file/d/1qRS4k26bG2VRamwwRggP4CXGYSfsmlll/view?usp=sharing, https://drive.google.com/file/d/1oBud11YnEcseixtxNRu_v0XCK0LIvTHt/view?usp=sharing"
July2019,Summer,X,Natural,Zion_Canyon_SB_July2019,S16,S16_S01_July2019,S16_S01_F2.2_July2019,Plant,Plant Material,0.1004,Grass sp. 2,Poaceae,,Family,Plantae,n/a,Magnoliopsida,Poales,Poaceae,n/a,n/a,https://drive.google.com/file/d/1pzDw68tYargAKltWcbXpuJBszLbEzahA/view?usp=sharing
July2019,Summer,X,Natural,Zion_Canyon_SB_July2019,S17,S17_S01_July2019,S17_S01_F2.2_July2019,Plant,Plant Material,0.0918,Grass sp. 2,Poaceae,,Family,Plantae,n/a,Magnoliopsida,Poales,Poaceae,n/a,n/a,https://drive.google.com/file/d/1P68hqSAKhw_8Wi9mq7tzEg0xgNSqh1cq/view?usp=sharing
July2019,Summer,X,Natural,Zion_Lodge_July2019,S32,S32_S01_July2019,S32_S01_F1.2_July2019,Invertebrate,Arthropod,0.1248,Carrion beetle,Siliphidae,,Family,Animalia,Arthropoda,Insecta,Coleoptera,Siliphidae,n/a,n/a,https://drive.google.com/file/d/1hT2KqnZDGZyNBBKhwJLtbX2PxJsI6yIx/view?usp=sharing
July2019,Summer,X,Natural,Zion_Canyon_AB_July2019,S38,S38_S01_July2019,S38_S01_F1.2_July2019,Plant,Plant Material,0.0488,Grass sp. 3,Poaceae,,Family,Plantae,n/a,Magnoliopsida,Poales,Poaceae,n/a,n/a,https://drive.google.com/file/d/1TBQuyKChMKD0b0cafKelOKSxcrdhhigP/view?usp=sharing
July2019,Summer,X,Natural,Zion_Canyon_AB_July2019,S40,S40_S01_July2019,S40_S01_F1.2_July2019,Invertebrate,Arthropod,0.0151,Scarab beetle,Scarabidae,,family,Animalia,Arthropoda,Insecta,Coleoptera,Scarabaeidae,n/a,n/a,"https://drive.google.com/file/d/19A72ucRs6QpsJCCl2MOUkqeyWPmqUp4T/view?usp=sharing, https://drive.google.com/file/d/1H2TRzjo6G1bNcXB2UOkZ5BoqY6rqeOxl/view?usp=sharing"
Nov2020,Winter,X,Natural,SP_HQ_NL6_Nov2020,SP_HQ_NL6_Nov2021,SP_HQ_NL6_S4_Nov2020,SP_HQ_NL6_S4_F2_Nov2020,Invertebrate,Arthropod,0.0031,Ant,Formicidae,,Family,Animalia,Arthropoda,Insecta,Hymenoptera,Formicidae,n/a,n/a,https://drive.google.com/file/d/1c6i8BJOI1YvbtPx8HE-l8W9DRn_m_yaG/view?usp=sharing
Nov2020,Winter,X,Natural,SP_HQ_NL6_Nov2020,SP_HQ_NL6_Nov2021,SP_HQ_NL6_S4_Nov2020,SP_HQ_NL6_S4_F3_Nov2020,Plant,Plant Material,0.0124,Grass,Poaceae,,Family,Plantae,,Magnoliopsida,Poales,Poaceae,n/a,n/a,https://drive.google.com/file/d/157QtrxaGhN3tv-7z7V7kJEa5FJBx79JP/view?usp=sharing
July2019,Summer,X,Building,MY_Delivery_July2019,S11,S11_S09_July2019,S11_S09_F3.2_July2019,Plant,Seeds,0.045,Apple,Malus,,Genus,Plantae,n/a,Magnoliopsida,Rosales,Rosaceae,Malus,n/a,https://drive.google.com/file/d/14KyCb_1G5BQHjkCaS94PiIDdmK47N_FM/view?usp=sharing
July2019,Summer,X,Building,MY_Showers_July2019,S13,S13_S01_July2019,S13_S01_F3_July2019,Vertebrate,Teeth,0.1032,Deer mouse,Peromyscus,,Genus,Animalia,Chordata,Mammalia,Rodentia,Cricetidae,Peromyscus,n/a,"https://drive.google.com/file/d/1lwXu2O0WCvm4vcX_WEcVZHvAd57RIji0/view?usp=sharing , https://drive.google.com/file/d/1ZUuOjJ5el4_Y1Za7pKiU0b1h1calEzu4/view?usp=sharing"
July2019,Summer,X,Building,MY_Showers_July2019,S13,S13_S03_July2019,S13_S03_F1_July2019,Vertebrate,Bone,0.273,Woodrat,Neotoma,,Genus,Animalia,Chordata,Mammalia,Rodentia,Cricetidae,Neotoma,n/a,
July2019,Summer,X,Building,MY_Showers_July2019,S13,S13_S03_July2019,S13_S03_F1.2_July2019,Vertebrate,Teeth,0.009,Deer mouse,Peromyscus,,Genus,Animalia,Chordata,Mammalia,Rodentia,Cricetidae,Peromyscus,n/a,
July2019,Summer,X,Building,MY_Showers_July2019,S13,S13_S05_July2019,S13_S05_F3_July2019,Vertebrate,Teeth,0.0942,Woodrat,Neotoma,,Genus,Animalia,Chordata,Mammalia,Rodentia,Cricetidae,Neotoma,n/a,https://drive.google.com/file/d/1cl7cv7b-pGfMpzVBZMPH0bEkoUoW6j6g/view?usp=sharing
July2019,Summer,X,Building,MY_Showers_July2019,S13,S13_S07_July2019,S13_S07_F2_July2019,Vertebrate,Teeth,0.2904,Woodrat,Neotoma,,Genus,Animalia,Chordata,Mammalia,Rodentia,Cricetidae,Neotoma,n/a,
July2019,Summer,X,Building,MY_Showers_July2019,S13,S13_S08_July2019,S13_S08_F3_July2019,Plant,Seeds,0.0653,Apple,Malus,,Genus,Plantae,,Magnoliopsida,Rosales,Rosaceae,Malus,n/a,https://drive.google.com/file/d/1kE930CEQKy2iApDB9jYLO9RkJ8rf0U01/view?usp=sharing
July2019,Summer,X,Building,MY_Showers_July2019,S13,S13_S09_July2019,S13_S09_F3_July2019,Vertebrate,Bone,0.1404,Woodrat,Neotoma,,Genus,Animalia,Chordata,Mammalia,Rodentia,Cricetidae,Neotoma,n/a,"https://drive.google.com/file/d/1BOiZT5KBkjx0wdRZcw0wcCCLeEJLrbyz/view?usp=sharing, https://drive.google.com/file/d/1xbtsnj_PB4TZfQrccR6qHQHWTK8OqbEZ/view?usp=sharing"
July2019,Summer,X,Building,MY_Showers_July2019,S13,S13_S09_July2019,S13_S09_F3.2_July2019,Vertebrate,Bone,0.0375,Deer mouse,Peromyscus,,Genus,Animalia,Chordata,Mammalia,Rodentia,Peromyscus,n/a,n/a,https://drive.google.com/file/d/1XGpPUBxzB0lnsxJjKcXDKLS5ig7HedoJ/view?usp=sharing
Nov2020,Winter,X,Building,MY2_Nov2020,MY2_Nov2021,MY2_S3_Nov2020,MY2_S3_F2_Nov2020,Vertebrate,Bone,0.0072,Deer mouse,Peromyscus,,Genus,Animalia,Chordata,Mammalia,Rodentia,Cricetidae,Peromyscus,n/a,"https://drive.google.com/file/d/1T6RJIOq2QzcOzCWkO2o-RpFoe-o3eVh7/view?usp=sharing, https://drive.google.com/file/d/1QxMmzaUJG5ejTmX-PVs-lkVaUelA410H/view?usp=sharing"
Nov2020,Winter,X,Building,MY2_Nov2020,MY2_Nov2021,MY2_S5_Nov2020,MY2_S5_F1_Nov2020,Plant,Seeds,0.1366,Apple,Malus,,Genus,Plantae,n/a,Magnoliopsida,Rosales,Rosaceae,Malus,n/a,https://drive.google.com/file/d/1hPIgZr8TrW7XRnKCC1bG4QCKkyUbHdzg/view?usp=sharing
Nov2020,Winter,X,Building,MY2_Nov2020,MY2_Nov2021,MY2_S5_Nov2020,MY2_S5_F1.2_Nov2020,Plant,Seeds,0.0579,Hackberry,Celtis,,Genus,Plantae,n/a,Magnoliopsida,Rosales,Cannabaceae,Celtis,n/a,https://drive.google.com/file/d/1jv3pbHr1KEXlnH-eL4hp5VTc6auXvjY_/view?usp=sharing
Nov2020,Winter,X,Building,MY2_Nov2020,MY2_Nov2021,MY2_S7_Nov2020,MY2_S7_F3_Nov2020,Vertebrate,Bone,0.0367,Woodrat,Neotoma,,Genus,Animalia,Chordata,Mammalia,Rodentia,Cricetidae,Neotoma,n/a,"https://drive.google.com/file/d/16XVkhg30KLYfp4UmxOU7oyfBu2gBc2Jp/view?usp=sharing, https://drive.google.com/file/d/1_0yKDkdlOs-jOixX72rJZwvwiPDl9DMH/view?usp=sharing"
Nov2020,Winter,X,Building,MY3_Nov2020,MY3_Nov2021,MY3_S3_Nov2020,MY3_S3_F2_Nov2020,Plant,Seeds,0.1712,Pepper,Capsicum,,Genus,Plantae,n/a,Magnoliopsida,Solanales,Solanaceae,Capsicum,n/a,"https://drive.google.com/file/d/1MvpmbVOoRxzG0KZRpe-ggs9HfDv5dYXB/view?usp=sharing, https://drive.google.com/file/d/1W23EvX2DWzWeKqTx__v06R7MZDgU1GI4/view?usp=sharing"
Nov2020,Winter,X,Building,MY3_Nov2020,MY3_Nov2021,MY3_S5_Nov2020,MY3_S5_F1_Nov2020,Vertebrate,Teeth,0.0466,Deer mouse,Peromyscus,,Genus,Animalia,Chordata,Mammalia,Rodentia,Cricetidae,Peromyscus,n/a,https://drive.google.com/file/d/18F7VRTZdGSN1pjOr4YBy7ZWtCqvJO-_B/view?usp=sharing
Nov2020,Winter,X,Building,MY3_Nov2020,MY3_Nov2021,MY3_S6_Nov2020,MY3_S6_F1_Nov2020,Plant,Seeds,0.9016,Manzanita,Arctostaphylos,,Genus,Plantae,n/a,Magnoliopsida,Ericales,Ericaceae,Arctostaphylos,n/a,https://drive.google.com/file/d/1yyps6MCwbV3YrsApKNSBq-vXmFaBoeqY/view?usp=sharing
Jan2021,Winter,X,Building,MY4_Jan2021,MY4_Jan2021,MY4_S1_Jan2021,MY4_S1_F2_Jan2021,Vertebrate,Bone,0.0098,Woodrat,Neotoma,,Genus,Animalia,Chordata,Mammalia,Rodentia,Cricetidae,Neotoma,n/a,https://drive.google.com/file/d/18EHnAmrtVp-ftlaZbXlPKu8FTaxBzGi7/view?usp=sharing
Jan2021,Winter,X,Building,MY4_Jan2021,MY4_Jan2021,MY4_S2_Jan2021,MY4_S2_F2_Jan2021,Vertebrate,Bone,0.1214,Woodrat,Neotoma,,Genus,Animalia,Chordata,Mammalia,Rodentia,Cricetidae,Neotoma,n/a,"https://drive.google.com/file/d/1oaeeW4_i23aoKeRN4ojZqWi3uhCLeeeW/view?usp=sharing, https://drive.google.com/file/d/14_7bwG96QrPA8qVyyRGOcICsJz3p12R2/view?usp=sharing"
Jan2021,Winter,X,Building,MY4_Jan2021,MY4_Jan2021,MY4_S5_Jan2021,MY4_S5_F4_Jan2021,Vertebrate,Bone,0.4461,Woodrat,Neotoma,,Genus,Animalia,Chordata,Mammalia,Rodentia,Cricetidae,Neotoma,n/a,https://drive.google.com/file/d/1EnHNCP_hqPDRWRBMngA9N8bIniZJKFTa/view?usp=sharing
Nov2020,Winter,X,Building,MY6_Nov2020,MY6_Nov2021,MY6_S2_Nov2020,MY6_S2_F3_Nov2020,Plant,Seeds,0.4266,Apple,Malus,,Genus,Plantae,,Magnoliopsida,Rosales,Rosaceae,Malus,n/a,"https://drive.google.com/file/d/1lLXj49lh5TseQcHZ6XlxCV8PdwNmNZju/view?usp=sharing , https://drive.google.com/file/d/1lTDVnFGcNwa8nyQ7wOcv1KTTTqBfT_dW/view?usp=sharing"
Nov2020,Winter,X,Building,MY6_Nov2020,MY6_Nov2021,MY6_S4_Nov2020,MY6_S4_F3_Nov2020,Plant,dark blue/purple berry husk,0.0158,Juniper,Juniperus,,Genus,Plantae,,Pinopsida,Pinales,Cupressaceae,Juniperus,n/a,"https://drive.google.com/file/d/1Hus5W7pkCaKFUItTcUoCLr9jHoVqHFAj/view?usp=sharing, https://drive.google.com/file/d/1lTDVnFGcNwa8nyQ7wOcv1KTTTqBfT_dW/view?usp=sharing"
Nov2020,Winter,X,Building,MY6_Nov2020,MY6_Nov2021,MY6_S5_Nov2020,MY6_S5_F1_Nov2020,Vertebrate,Bone,0.1295,Woodrat,Neotoma,,Genus,Animalia,Chordata,Mammalia,Rodentia,Cricetidae,Neotoma,n/a,"https://drive.google.com/file/d/1TusGSApoGWDMQ8cwP68d767cZQQC4k20/view?usp=sharing, https://drive.google.com/file/d/1gxLEk9RlyGW8FGptW4dt0TEIZ4V0oHZi/view?usp=sharing, https://drive.google.com/file/d/1ClcQX7Z4YLc6iPoyT6AL6J2iOG25q3UB/view?usp=sharing"
Nov2020,Winter,X,Building,MY6_Nov2020,MY6_Nov2021,MY6_S6_Nov2020,MY6_S6_F2_Nov2020,Vertebrate,Bone,0.2628,Woodrat,Neotoma,,Genus,Animalia,Chordata,Mammalia,Rodentia,Cricetidae,Neotoma,n/a,https://drive.google.com/file/d/1CMCgGNdhSFg9tKbgcBfxjTSiTaAzc_nC/view?usp=sharing
Jan2021,Winter,X,Building,RW_Jan2021,RW,RW_S2_Jan2021,RW_S2_F3_Jan2021,Vertebrate,Bone,0.0078,Deer Mouse,Peromyscus,,Genus,Animalia,Chordata,Mammalia,Rodentia,Cricetidae,Peromyscus,n/a,"https://drive.google.com/file/d/1FhIHmuOI00cwJ7KmmGOw1bZMnWlxxRx1/view?usp=sharing, https://drive.google.com/file/d/1FACPzA0L6MT1tZwQ9UhaBJtdJIahgF3Y/view?usp=sharing"
Nov2020,Winter,X,Building,ZL3_Nov2020,ZL3_Nov2021,ZL3_S1_Nov2020,ZL3_S1_F1.3_Nov2020,Plant,Seeds,0.0886,Hackberry,Celtis,,Genus,Plantae,n/a,Magnoliopsida,Rosales,Cannabaceae,Celtis,n/a,https://drive.google.com/file/d/1NjUCVuGbAS_nhdUveIavtD9on4RGEJHH/view?usp=sharing
Nov2020,Winter,X,Building,ZL3_Nov2020,ZL3_Nov2021,ZL3_S10_Nov2020,ZL3_S10_F1_Nov2020,Invertebrate,Arthropod,0.0144,Unknown Insect,Insecta,,Genus,Animalia,Arthropoda,Insecta,n/a,n/a,n/a,n/a,https://drive.google.com/file/d/1vAaP6bKk8BqTPHaOzh-L7maTIATdB8g1/view?usp=sharing
Nov2020,Winter,X,Building,ZL3_Nov2020,ZL3_Nov2021,ZL3_S6_Nov2020,ZL3_S6_F2.2_Nov2020,Plant,Seeds,0.0564,Grape,Vitus,,Genus,Plantae,n/a,Magnoliopsida,Vitales,Vitaceae,Vitis,n/a,https://drive.google.com/file/d/1JEkL7ZtBVQGpM0sZ7KDym2ZQ5-OdQ15o/view?usp=sharing
Nov2020,Winter,X,Building,ZL4_Nov2020,ZL4_Nov2021,ZL4_S6_Nov2020,ZL4_S6_F2_Nov2020,Plant,Seeds,0.0211,Indian root,Lomatium,,genus,Plantae,n/a,Magnoliopsida,Apiales,Apiaceae,Lomatium,n/a,https://drive.google.com/file/d/1D86hH9_RW4sayUGyNvZvh3g3wKvWcWqG/view?usp=sharing
Nov2020,Winter,X,Building,ZL6_Nov2020,ZL6_Nov2021,ZL6_S10_Nov2020,ZL6_S10_F1_Nov2020,Invertebrate,Arthropod,0.0158,Bumble bee,Bombus,,Genus,Animalia,Arthropoda,Insecta,Hymenopteran,Apidae,Bombus,,"https://drive.google.com/file/d/1_bZrt9_arqjAl9jms2XP96Bg7mkAXKmP/view?usp=sharing, https://drive.google.com/file/d/1syYoe6q-z5TLiC2USiWdL-5riLX-j8Em/view?usp=sharing , https://drive.google.com/file/d/1y5qysDiJRGal7TVkF82xM38nFOeEG7W5/view?usp=sharing , https://drive.google.com/file/d/1X-92-ewZUqEl4A5qAou_TPYxesW2CQYL/view?usp=sharing"
Nov2020,Winter,X,Building,ZL6_Nov2020,ZL6_Nov2021,ZL6_S3_Nov2020,ZL6_S3_F1_Nov2020,Plant,Seeds,0.1734,Manzanita,Arctostaphylos,,Genus,Plantae,n/a,Magnoliopsida,Ericales,Ericaceae,Arctostaphylos,n/a,https://drive.google.com/file/d/1cUu0BGxV4YQkesJEPQfe5VWrhFqMF00s/view?usp=sharing
Nov2020,Winter,X,Building,ZL6_Nov2020,ZL6_Nov2021,ZL6_S4_Nov2020,ZL6_S4_F2.1_Nov2020,Invertebrate,Arthropod,0.0001,Ladybug,Coccinellidae,,Genus,Animalia,Arthropoda,Insecta,Coleoptera,Coccinellidae,n/a,n/a,https://drive.google.com/file/d/1hDYZz93W4nmi8vsqj1SkUR3TAV2y1_FU/view?usp=sharing
Nov2020,Winter,X,Building,ZL6_Nov2020,ZL6_Nov2021,ZL6_S4_Nov2020,ZL6_S4_F2.2_Nov2020,Invertebrate,Arthropod,0.0013,Western conifer seed bug,Leptoglossus Occidentalis,,Genus,Animalia,Arthropoda,Insecta,Hemiptera,Coreidae,Leptoglossus,Occidentalis,https://drive.google.com/file/d/1hDYZz93W4nmi8vsqj1SkUR3TAV2y1_FU/view?usp=sharing
Nov2020,Winter,X,Building,ZL6_Nov2020,ZL6_Nov2021,ZL6_S5_Nov2020,ZL6_S5_F2_Nov2020,Vertebrate,Bone,0.0568,Mammal,Mammalia,,Genus,Animalia,Chordata,Mammalia,n/a,n/a,n/a,n/a,https://drive.google.com/file/d/1nMi-sEABaxl-Z8fVBbtdS1G8upnn9kDO/view?usp=sharing
Nov2020,Winter,X,Building,ZL6_Nov2020,ZL6_Nov2021,ZL6_S8_Nov2020,ZL6_S8_F1_Nov2020,Plant,Seeds,0.2153,Juniper,Juniperus,,Genus,Plantae,,Pinopsida,Pinales,Cupressaceae,Juniperus,n/a,https://drive.google.com/file/d/1KiZj7AN41viAx6x1M7jCO0T-dYxYtwFH/view?usp=sharing
Jan2021,Winter,X,Natural,LH_Jan2021,LH,LH_S1_Jan2021,LH_S1_F1_Nov2020,Plant,Seeds,5.9715,Hackberry,Celtis,,Genus,Plantae,n/a,n/a,n/a,n/a,n/a,n/a,https://drive.google.com/file/d/1cdCTCoafIeZ665EPQf-6lB9yi6rbdlkW/view?usp=sharing
Jan2021,Winter,X,Natural,NL5_Jan2021,NL5_Jan2021,NL5_S2_Jan2021,NL5_S2_F3_Jan2021,Plant,Seeds,1.6176,Hackberry,Celtis,,Genus,Plantae,n/a,Magnoliopsida,Rosales,Cannabaceae,Celtis,n/a,https://drive.google.com/file/d/126rrpdU5T7ZVU6X7xmqXBWivwosWKutL/view?usp=sharing
Nov2020,Winter,X,Natural,SP_HQ_NL6_Nov2020,SP_HQ_NL6_Nov2021,SP_HQ_NL6_S2_Nov2020,SP_HQ_NL6_S2_F3_Nov2020,Vertebrate,Bone,0.0552,Deer mouse,Peromyscus,,Genus,Animalia,Chordata,Mammalia,Rodentia,Cricetidae,Peromyscus,n/a,https://drive.google.com/file/d/1Ny9DrB8spYXy8fbVQkIB1ARuqzPurErf/view?usp=sharing
Nov2020,Winter,X,Natural,SP_HQ_NL6_Nov2020,SP_HQ_NL6_Nov2021,SP_HQ_NL6_S3_Nov2020,SP_HQ_NL6_S3_F1_Nov2020,Plant,Seeds,0.3084,Apple,Malus,,Genus,Plantae,,Magnoliopsida,Rosales,Rosaceae,Malus,n/a,"https://drive.google.com/file/d/1oTpyWKqNeiRDZ8gBfI9NUS089bVEZEf2/view?usp=sharing, https://drive.google.com/file/d/1t4JibVim9tfv9aIfv0edAjCVsjvNbfvL/view?usp=sharing"
July2019,Summer,X,Building,MY_Delivery_July2019,S12,S12_S04_July2019,S12_S04_F2_July2019,Plant,Plant Material,0.1421,Unknown Plant,Plantae,,Kingdom,Plantae,n/a,n/a,n/a,n/a,n/a,n/a,https://drive.google.com/file/d/1JP8rNDzysAHcjT_I7vvDX42Mi7_3u4Gk/view?usp=sharing
July2019,Summer,X,Building,MY_Showers_July2019,S13,S13_S02_July2019,S13_S02_F3_July2019,Plant,Plant Material,0.3979,Unknown Plant,Plantae,,Kingdom,Plantae,n/a,n/a,n/a,n/a,n/a,n/a,
July2019,Summer,X,Building,MY_Showers_July2019,S13,S13_S03_July2019,S13_S03_F6_July2019,Plant,Seeds,0.0088,Unknown Plant,Plantae,,Kingdom,Plantae,n/a,n/a,n/a,n/a,n/a,n/a,https://drive.google.com/file/d/1SmnSaiyZjAIm_VIQfW7WhIAbnmhiCqtf/view?usp=sharing
July2019,Summer,X,Building,MY_Showers_July2019,S13,S13_S03_July2019,S13_S03_F6.2_July2019,Plant,Seeds,0.0028,Unknown Plant,Plantae,,Kingdom,Plantae,n/a,n/a,n/a,n/a,n/a,n/a,https://drive.google.com/file/d/1JeQ8hR0lvOMYBOTylXL_NevP5-5VnhPa/view?usp=sharing
July2019,Summer,X,Building,MY_Showers_July2019,S13,S13_S04_July2019,S13_S04_F3_July2019,Plant,Plant Material,0.0977,Unknown Plant,Plantae,,Kingdom,Plantae,n/a,n/a,n/a,n/a,n/a,n/a,https://drive.google.com/file/d/1oKkYXWx8h6FYw2khI4ghRH1QOOCMjMJM/view?usp=sharing
July2019,Summer,X,Building,MY_Showers_July2019,S13,S13_S06_July2019,S13_S06_F4_July2019,Plant,Plant Material,0.0621,Unknown Plant,Plantae,,Kingdom,Plantae,n/a,n/a,n/a,n/a,n/a,n/a,https://drive.google.com/file/d/1E2ymhvNpIP4GohzWnS3dE5nRsNz2CEvy/view?usp=sharing
July2019,Summer,X,Building,MY_Showers_July2019,S5,S5_S01_July2019,S5_S01_F1_July2019,Plant,Plant Material,0.2634,Unknown Plant,Plantae,,Kingdom,Plantae,,,,,,,https://drive.google.com/file/d/1Oeq1K9AS9zpahQjBboT3DWna2iyGXnwU/view?usp=sharing
July2019,Summer,X,Building,MY_Roadhouse_July2019,S7,S7_S07_July2019,S7_S07_F6_July2019,Plant,Plant,0.042,Unknown Plant,Plantae,,Kingdom,Plantae,n/a,n/a,n/a,n/a,n/a,n/a,https://drive.google.com/file/d/1J58QorlgWSc42KSBGg3RhRY17tSEfgFo/view?usp=sharing
Jan2021,Winter,X,Building,Dungeon3_Jan2021,Dungeon3,Dungeon3_S1_Jan2021,Dungeon3_S1_F1_Jan2021,Plant,Plant Material,0.1395,Unknown Plant,Plantae,,Kingdom,Plantae,n/a,n/a,n/a,n/a,n/a,n/a,https://drive.google.com/file/d/1ekmalIc0mYM13p_TYpj-4_RjJeBRTpTp/view?usp=sharing
Nov2020,Winter,X,Building,MY3_Nov2020,MY3_Nov2021,MY3_S2_Nov2020,MY3_S2_F2_Nov2020,Plant,Plant Material,0.1712,Unknown Plant,Plantae,,Kingdom,Plantae,n/a,n/a,n/a,n/a,n/a,n/a,https://drive.google.com/file/d/1FP7aj61WnzmEkoVbLqjlmoXf8Rt4MSFN/view?usp=sharing
Nov2020,Winter,X,Building,MY3_Nov2020,MY3_Nov2021,MY3_S4_Nov2020,MY3_S4_F1_Nov2020,Plant,Plant Material,0.4522,Unknown Plant,Plantae,,Kingdom,Plantae,n/a,n/a,n/a,n/a,n/a,n/a,https://drive.google.com/file/d/1Ho4ikpLyvCgV_XxKkiPSK0IHYXj3_aXe/view?usp=sharing
Nov2020,Winter,X,Building,MY4_Nov2020,MY4_Nov2021,MY4_S4_Nov2020,MY4_S4_F2_Nov2020,Plant,Plant Material,0.0973,Unknown Plant,Plantae,,Kingdom,Plantae,n/a,n/a,n/a,n/a,n/a,n/a,https://drive.google.com/file/d/1IpysbMFQtY8MX283bJpVEsftWoKmXw8O/view?usp=sharing
Jan2021,Winter,X,Building,MY4_Jan2021,MY4_Jan2021,MY4_S5_Jan2021,MY4_S5_F2_Jan2021,Plant,fruit skin,0.3256,Unknown Plant,Plantae,,Kingdom,Plantae,n/a,n/a,n/a,n/a,n/a,n/a,https://drive.google.com/file/d/1QzfPPwRaX-GeIvzchp8NP2NOYEmfTpNx/view?usp=sharing
Nov2020,Winter,,Building,ZL1_Nov2020,ZL1_Nov2021,ZL1_S4_Nov2020,ZL1_S4_F1.2_Nov2020,Plant,Seeds,0.0281,Unknown Plant,Plantae,,Kingdom,Plantae,n/a,n/a,n/a,n/a,n/a,n/a,https://drive.google.com/file/d/1zJ0heZkDjl2mMRtSzUzpmEO31976PPmQ/view?usp=sharing
Nov2020,Winter,,Building,ZL2_Nov2020,ZL2_Nov2021,ZL2_S9_Nov2020,ZL2_S9_F3_Nov2020,Plant,Seeds,0.0409,Unknown Plant,Plantae,,Kingdom,Plantae,n/a,n/a,n/a,n/a,n/a,n/a,"https://drive.google.com/file/d/1mksUJ7wukAJ93wUy4VvUIfv-CVzgo_RG/view?usp=sharing, https://drive.google.com/file/d/1TGprg-LMK1JqsC6i2nHHoGJdVyikV1jP/view?usp=sharing"
Nov2020,Winter,,Building,ZL3_Nov2020,ZL3_Nov2021,ZL3_S1_Nov2020,ZL3_S1_F1_Nov2020,Plant,Seeds,0.0555,Unknown Plant,Plantae,,Kingdom,Plantae,n/a,n/a,n/a,n/a,n/a,n/a,https://drive.google.com/file/d/1NjUCVuGbAS_nhdUveIavtD9on4RGEJHH/view?usp=sharing
Nov2020,Winter,X,Building,ZL3_Nov2020,ZL3_Nov2021,ZL3_S2_Nov2020,ZL3_S2_F4_Nov2020,Plant,Plant Material,0.0618,Unknown Plant,Plantae,,Kingdom,Plantae,n/a,n/a,n/a,n/a,n/a,n/a,https://drive.google.com/file/d/1QTwXZzfx-oxEQ4kMgZPx3LZQ93MhV43m/view?usp=sharing
Nov2020,Winter,,Building,ZL4_Nov2020,ZL4_Nov2021,ZL4_S8_Nov2020,ZL4_S8_F2_Nov2020,Plant,Seeds,0.0049,Unknown Plant,Plantae,,Kingdom,Plantae,n/a,n/a,n/a,n/a,n/a,n/a,https://drive.google.com/file/d/1MPYQeRMOXhsoK-yHNYKSnoDUTSV1ezQ9/view?usp=sharing
Nov2020,Winter,X,Building,ZL6_Nov2020,ZL6_Nov2021,ZL6_S4_Nov2020,ZL6_S4_F3_Nov2020,Plant,Plant Material,0.0153,Unknown Plant,Plantae,,Kingdom,Plantae,n/a,n/a,n/a,n/a,n/a,n/a,https://drive.google.com/file/d/1j6iunbW6uU9FYS_uffUjZYm7dI2c12jY/view?usp=sharing
Nov2020,Winter,X,Building,ZL6_Nov2020,ZL6_Nov2021,ZL6_S5_Nov2020,ZL6_S5_F4_Nov2020,Plant,Plant Material,0.0153,Unknown Plant,Plantae,,Kingdom,Plantae,n/a,n/a,n/a,n/a,n/a,n/a,https://drive.google.com/file/d/1ZtBLSMNMM9z2Dq4p-3FG5K_AIe9xuhRb/view?usp=sharing
July2019,Summer,,Natural,Oak_Creek_Shed_July2019,S1,S1_S01_July2019,S1_S01_F2_July2019,Plant,Seeds,0.0628,Unknown Plant,Plantae,,Kingdom,Plantae,n/a,n/a,n/a,n/a,n/a,n/a,"https://drive.google.com/file/d/1w81yo7tSGIYKbQHFgiimugsaxKceTiFC/view?usp=sharing , https://drive.google.com/file/d/1ChsMxpRxaXFxc9Iohkz5BCvZiLOORRKd/view?usp=sharing"
July2019,Summer,X,Natural,Zion_Canyon_SB_July2019,S14,S14_S01_July2019,S14_S01_F3_July2019,Plant,Plant Material,0.0354,Unknown Plant,Plantae,,Kingdom,Plantae,n/a,n/a,n/a,n/a,n/a,n/a,https://drive.google.com/file/d/1oUx7N5ERcAlQlLzUqgztKi4n2Uh9UEYp/view?usp=sharing
July2019,Summer,X,Natural,Kolob_Canyon_July2019,S2,S2_S01_July2019,S2_S01_F2_July2019,Plant,Plant Material,0.0151,Unknown Plant,Plantae,,Kingdom,Plantae,n/a,n/a,n/a,n/a,n/a,n/a,https://drive.google.com/file/d/1UK8NQYV2CUFbV54IK5VfiU9qWJwDBmJT/view?usp=sharing
July2019,Summer,X,Natural,Kolob_Canyon_July2019,S3,S3_S01_July2019,S3_S01_F2_July2019,Plant,Plant Material,0.126,Unknown Plant,Plantae,,Kingdom,Plantae,n/a,n/a,n/a,n/a,n/a,n/a,https://drive.google.com/file/d/1ICVW-8wjfA0MriODS_DYqBMeWq3669ht/view?usp=sharing
Nov2020,Winter,X,Natural,SP_HQ_NL6_Nov2020,SP_HQ_NL6_Nov2021,SP_HQ_NL6_S1_Nov2020,SP_HQ_NL6_S1_F3_Nov2020,Plant,Plant Material,0.0462,Unknown Plant,Plantae,,Kingdom,Plantae,n/a,n/a,n/a,n/a,n/a,n/a,https://drive.google.com/file/d/1UJ5Vhq-8qIjj-uXym9bCQwg4HOyYLglM/view?usp=sharing
July2019,Summer,X,Building,MY_Delivery_July2019,S11,S11_S02_July2019,S11_S02_F1_July2019,Anthropogenic,Paper Napkin,0.4674,Paper Napkin,Paper Napkin,,n/a,n/a,n/a,n/a,n/a,n/a,n/a,n/a,
July2019,Summer,X,Building,MY_Delivery_July2019,S11,S11_S05_July2019,S11_S05_F1_July2019,Anthropogenic,Paper,0.3137,Paper,Paper,,n/a,n/a,n/a,n/a,n/a,n/a,n/a,n/a,
July2019,Summer,X,Building,MY_Delivery_July2019,S11,S11_S06_July2019,S11_S06_F1_July2019,Anthropogenic,Clear Plastic,0.0488,Plastic,Plastic,,n/a,n/a,n/a,n/a,n/a,n/a,n/a,n/a,
July2019,Summer,X,Building,MY_Delivery_July2019,S11,S11_S06_July2019,S11_S06_F3_July2019,Anthropogenic,Paper,0.1054,Paper,Paper,,n/a,n/a,n/a,n/a,n/a,n/a,n/a,n/a,
July2019,Summer,X,Building,MY_Delivery_July2019,S11,S11_S08_July2019,S11_S08_F1_July2019,Anthropogenic,Clorox Wipe,0.2453,Clorox Wipe,Clorox Wipe,,n/a,n/a,n/a,n/a,n/a,n/a,n/a,n/a,
July2019,Summer,X,Building,MY_Delivery_July2019,S11,S11_S10_July2019,S11_S10_F1_July2019,Contaminant,Insulation,0.0946,Insulation,Insulation,,n/a,n/a,n/a,n/a,n/a,n/a,n/a,n/a,
July2019,Summer,X,Building,MY_Delivery_July2019,S12,S12_S02_July2019,S12_S02_F1_July2019,Anthropogenic,Paper,0.3038,Paper,Paper,,n/a,n/a,n/a,n/a,n/a,n/a,n/a,n/a,
July2019,Summer,X,Building,MY_Delivery_July2019,S12,S12_S04_July2019,S12_S04_F1_July2019,Anthropogenic,Paper,0.3303,Paper,Paper,,n/a,n/a,n/a,n/a,n/a,n/a,n/a,n/a,
July2019,Summer,X,Building,MY_Delivery_July2019,S12,S12_S05_July2019,S12_S05_F1_July2019,Anthropogenic,Paper,0.073,Paper,Paper,,n/a,n/a,n/a,n/a,n/a,n/a,n/a,n/a,
July2019,Summer,X,Building,MY_Delivery_July2019,S12,S12_S05_July2019,S12_S05_F2_July2019,Anthropogenic,Clear Plastic,0.0677,Clear Plastic,Clear Plastic,,n/a,n/a,n/a,n/a,n/a,n/a,n/a,n/a,
July2019,Summer,X,Building,MY_Delivery_July2019,S12,S12_S06_July2019,S12_S06_F1_July2019,Anthropogenic,Paper,1.0521,Paper,Paper,,n/a,n/a,n/a,n/a,n/a,n/a,n/a,n/a,
July2019,Summer,X,Building,MY_Delivery_July2019,S12,S12_S07_July2019,S12_S07_F1_July2019,Anthropogenic,Paper Napkin,0.1452,Paper Napkin,Paper Napkin,,n/a,n/a,n/a,n/a,n/a,n/a,n/a,n/a,
July2019,Summer,X,Building,MY_Delivery_July2019,S12,S12_S07_July2019,S12_S07_F2_July2019,Anthropogenic,Wax Paper,0.2488,Wax Paper,Wax Paper,,n/a,n/a,n/a,n/a,n/a,n/a,n/a,n/a,
July2019,Summer,X,Building,MY_Delivery_July2019,S12,S12_S07_July2019,S12_S07_F3_July2019,Anthropogenic,Foil,0.1222,Foil,Foil,,n/a,n/a,n/a,n/a,n/a,n/a,n/a,n/a,
July2019,Summer,X,Building,MY_Delivery_July2019,S12,S12_S07_July2019,S12_S07_F4_July2019,Anthropogenic,Gray Plastic Bag,0.0561,Gray Plastic Bag,Gray Plastic Bag,,n/a,n/a,n/a,n/a,n/a,n/a,n/a,n/a,
July2019,Summer,X,Building,MY_Delivery_July2019,S12,S12_S08_July2019,S12_S08_F1_July2019,Anthropogenic,Paper,0.2101,Paper,Paper,,n/a,n/a,n/a,n/a,n/a,n/a,n/a,n/a,
July2019,Summer,X,Building,MY_Delivery_July2019,S12,S12_S09_July2019,S12_S09_F3_July2019,Contaminant,Insulation,0.0972,Insulation,Insulation,,n/a,n/a,n/a,n/a,n/a,n/a,n/a,n/a,
July2019,Summer,X,Building,MY_Delivery_July2019,S12,S12_S10_July2019,S12_S10_F1_July2019,Anthropogenic,Paper Napkin,0.303,n/a,Paper Napkin,,n/a,n/a,n/a,n/a,n/a,n/a,n/a,n/a,
July2019,Summer,X,Building,MY_Showers_July2019,S13,S13_S01_July2019,S13_S01_F1_July2019,Anthropogenic,Paper Napkin,0.303,Paper Napkin,Paper Napkin,,n/a,n/a,n/a,n/a,n/a,n/a,n/a,n/a,
July2019,Summer,X,Building,MY_Showers_July2019,S13,S13_S01_July2019,S13_S01_F5_July2019,Anthropogenic,Paper,0.052,Paper,Paper,,n/a,n/a,n/a,n/a,n/a,n/a,n/a,n/a,
July2019,Summer,X,Building,MY_Showers_July2019,S13,S13_S01_July2019,S13_S01_F6_July2019,Unknown,Unknown ID,0.2269,Unknown ID,Unknown ID,,n/a,n/a,n/a,n/a,n/a,n/a,n/a,n/a,
July2019,Summer,X,Building,MY_Showers_July2019,S13,S13_S02_July2019,S13_S02_F1_July2019,Contaminant,Insulation,0.0756,Insulation,Insulation,,n/a,n/a,n/a,n/a,n/a,n/a,n/a,n/a,
July2019,Summer,X,Building,MY_Showers_July2019,S13,S13_S02_July2019,S13_S02_F2_July2019,Anthropogenic,Paper,1.4443,Paper,Paper,,n/a,n/a,n/a,n/a,n/a,n/a,n/a,n/a,
July2019,Summer,X,Building,MY_Showers_July2019,S13,S13_S02_July2019,S13_S02_F4_July2019,Unknown,Unknown ID,0.0584,Unknown ID,Unknown ID,,n/a,n/a,n/a,n/a,n/a,n/a,n/a,n/a,
July2019,Summer,X,Building,MY_Showers_July2019,S13,S13_S03_July2019,S13_S03_F3_July2019,Anthropogenic,Paper,0.0565,Paper,Paper,,n/a,n/a,n/a,n/a,n/a,n/a,n/a,n/a,
July2019,Summer,X,Building,MY_Showers_July2019,S13,S13_S03_July2019,S13_S03_F7_July2019,Unknown,Unknown ID,0.0797,Unknown ID,Unknown ID,,n/a,n/a,n/a,n/a,n/a,n/a,n/a,n/a,
July2019,Summer,X,Building,MY_Showers_July2019,S13,S13_S04_July2019,S13_S04_F5_July2019,Unknown,Unknown ID,0.088,Unknown ID,Unknown ID,,n/a,n/a,n/a,n/a,n/a,n/a,n/a,n/a,
July2019,Summer,X,Building,MY_Showers_July2019,S13,S13_S05_July2019,S13_S05_F4_July2019,Unknown,Unknown ID,0.0143,Unknown ID,Unknown ID,,n/a,n/a,n/a,n/a,n/a,n/a,n/a,n/a,
July2019,Summer,X,Building,MY_Showers_July2019,S13,S13_S06_July2019,S13_S06_F2_July2019,Anthropogenic,Paper,0.0673,Paper,Paper,,n/a,n/a,n/a,n/a,n/a,n/a,n/a,n/a,
July2019,Summer,X,Building,MY_Showers_July2019,S13,S13_S06_July2019,S13_S06_F6_July2019,Unknown,Unknown ID,0.064,Unknown ID,Unknown ID,,n/a,n/a,n/a,n/a,n/a,n/a,n/a,n/a,
July2019,Summer,X,Building,MY_Showers_July2019,S13,S13_S07_July2019,S13_S07_F1_July2019,Anthropogenic,Plastic,0.0631,Plastic,Plastic,,n/a,n/a,n/a,n/a,n/a,n/a,n/a,n/a,
July2019,Summer,X,Building,MY_Showers_July2019,S13,S13_S07_July2019,S13_S07_F3_July2019,Anthropogenic,Paper,0.2926,Paper,Paper,,n/a,n/a,n/a,n/a,n/a,n/a,n/a,n/a,
July2019,Summer,X,Building,MY_Showers_July2019,S13,S13_S08_July2019,S13_S08_F4_July2019,Anthropogenic,Paper,0.0608,Paper,Paper,,n/a,n/a,n/a,n/a,n/a,n/a,n/a,n/a,
July2019,Summer,X,Building,MY_Showers_July2019,S13,S13_S10_July2019,S13_S10_F1_July2019,Anthropogenic,Paper,0.6465,Paper,Paper,,n/a,n/a,n/a,n/a,n/a,n/a,n/a,n/a,
July2019,Summer,X,Building,MY_Showers_July2019,S13,S13_S10_July2019,S13_S10_F4_July2019,Anthropogenic,Wax Paper,0.0829,n/a,Wax Paper,,n/a,n/a,n/a,n/a,n/a,n/a,n/a,n/a,
July2019,Summer,X,Building,MY_Delivery_July2019,S4,S4_S02_July2019,S4_S02_F1_July2019,Anthropogenic,Paper,0.7319,Paper,Paper,,n/a,n/a,n/a,n/a,n/a,n/a,n/a,n/a,
July2019,Summer,X,Building,MY_Delivery_July2019,S4,S4_S02_July2019,S4_S02_F2_July2019,Anthropogenic,Foil,0.1414,Foil,Foil,,n/a,n/a,n/a,n/a,n/a,n/a,n/a,n/a,
July2019,Summer,X,Building,MY_Delivery_July2019,S4,S4_S02_July2019,S4_S02_F3_July2019,Anthropogenic,Black Plastic Bag,0.3365,Plastic,Plastic,,n/a,n/a,n/a,n/a,n/a,n/a,n/a,n/a,
July2019,Summer,X,Building,MY_Delivery_July2019,S4,S4_S02_July2019,S4_S02_F4_July2019,Anthropogenic,Clear Plastic,0.0733,Plastic,Plastic,,n/a,n/a,n/a,n/a,n/a,n/a,n/a,n/a,
July2019,Summer,X,Building,MY_Showers_July2019,S5,S5_S04_July2019,S5_S04_F1_July2019,Anthropogenic,Paper,0.8049,Paper,Paper,,n/a,n/a,n/a,n/a,n/a,n/a,n/a,n/a,
July2019,Summer,X,Building,MY_Showers_July2019,S6,S6_S01_July2019,S6_S01_F1_July2019,Unknown,Unknown ID,0.1418,Unknown ID,Unknown ID,,n/a,n/a,n/a,n/a,n/a,n/a,n/a,n/a,
July2019,Summer,X,Building,MY_Signshop_July2019,S6,S6_S01_July2019,S6_S01_F2_July2019,Anthropogenic,Black Plastic Bag,0.0864,Black Plastic Bag,Black Plastic Bag,,n/a,n/a,n/a,n/a,n/a,n/a,n/a,n/a,
July2019,Summer,X,Building,MY_Signshop_July2019,S6,S6_S02_July2019,S6_S02_F2_July2019,Anthropogenic,Plastic,0.1516,Plastic,Plastic,,n/a,n/a,n/a,n/a,n/a,n/a,n/a,n/a,
July2019,Summer,X,Building,MY_Signshop_July2019,S6,S6_S04_July2019,S6_S04_F1_July2019,Anthropogenic,White Plastic Bag,0.0944,White Plastic Bag,White Plastic Bag,,n/a,n/a,n/a,n/a,n/a,n/a,n/a,n/a,
July2019,Summer,X,Building,MY_Signshop_July2019,S6,S6_S06_July2019,S6_S06_F1_July2019,Anthropogenic,Paper with Text,0.0961,Paper with Text,Paper with Text,,n/a,n/a,n/a,n/a,n/a,n/a,n/a,n/a,
July2019,Summer,X,Building,MY_Signshop_July2019,S6,S6_S06_July2019,S6_S06_F3_July2019,Anthropogenic,Foil,0.0752,Foil,Foil,,n/a,n/a,n/a,n/a,n/a,n/a,n/a,n/a,
July2019,Summer,X,Building,MY_Signshop_July2019,S6,S6_S06_July2019,S6_S06_F4_July2019,Anthropogenic,Red Fibers,0.0408,Red Fibers,Red Fibers,,n/a,n/a,n/a,n/a,n/a,n/a,n/a,n/a,
July2019,Summer,X,Building,MY_Roadhouse_July2019,S7,S7_S02_July2019,S7_S02_F1_July2019,Anthropogenic,Paper Napkin,0.2927,Paper Napkin,Paper Napkin,,n/a,n/a,n/a,n/a,n/a,n/a,n/a,n/a,
July2019,Summer,X,Building,MY_Roadhouse_July2019,S7,S7_S04_July2019,S7_S04_F1_July2019,Anthropogenic,Paper,0.2013,Paper,Paper,,n/a,n/a,n/a,n/a,n/a,n/a,n/a,n/a,
July2019,Summer,X,Building,MY_Roadhouse_July2019,S7,S7_S05_July2019,S7_S05_F1_July2019,Anthropogenic,Paper Napkin,0.1898,Paper Napkin,Paper Napkin,,n/a,n/a,n/a,n/a,n/a,n/a,n/a,n/a,
July2019,Summer,X,Building,MY_Roadhouse_July2019,S7,S7_S06_July2019,S7_S06_F1_July2019,Anthropogenic,Paper Napkin,0.3345,Paper Napkin,Paper Napkin,,n/a,n/a,n/a,n/a,n/a,n/a,n/a,n/a,
July2019,Summer,X,Building,MY_Roadhouse_July2019,S7,S7_S07_July2019,S7_S07_F1_July2019,Anthropogenic,Foil,0.0441,Foil,Foil,,n/a,n/a,n/a,n/a,n/a,n/a,n/a,n/a,
July2019,Summer,X,Building,MY_Roadhouse_July2019,S7,S7_S07_July2019,S7_S07_F2_July2019,Anthropogenic,Clear Plastic,0.1155,Clear Plastic,Clear Plastic,,n/a,n/a,n/a,n/a,n/a,n/a,n/a,n/a,
July2019,Summer,X,Building,MY_Roadhouse_July2019,S7,S7_S07_July2019,S7_S07_F4_July2019,Anthropogenic,Wax Paper,0.1548,Wax Paper,Wax Paper,,n/a,n/a,n/a,n/a,n/a,n/a,n/a,n/a,
July2019,Summer,X,Building,MY_Roadhouse_July2019,S7,S7_S07_July2019,S7_S07_F5_July2019,Anthropogenic,Paper Napkin,0.1161,Paper Napkin,Paper Napkin,,n/a,n/a,n/a,n/a,n/a,n/a,n/a,n/a,
July2019,Summer,X,Building,MY_Roadhouse_July2019,S7,S7_S08_July2019,S7_S08_F3_July2019,Anthropogenic,Paper Napkin,0.0595,Paper Napkin,Paper Napkin,,n/a,n/a,n/a,n/a,n/a,n/a,n/a,n/a,
July2019,Summer,X,Building,MY_Roadhouse_July2019,S7,S7_S10_July2019,S7_S10_F1_July2019,Anthropogenic,Paper Napkin,0.1532,Paper Napkin,Paper Napkin,,n/a,n/a,n/a,n/a,n/a,n/a,n/a,n/a,
Nov2020,Winter,X,Building,MY2_Nov2020,MY2_Nov2021,MY2_S6_Nov2020,MY2_S6_F2_Nov2020,Anthropogenic,paper,0.1418,Paper,Paper,,n/a,n/a,n/a,n/a,n/a,n/a,n/a,n/a,https://drive.google.com/file/d/1KERF9jTrunxKW-xbR37-bCFPJaaYaIz8/view?usp=sharing
Nov2020,Winter,X,Building,MY3_Nov2020,MY3_Nov2021,MY3_S3_Nov2020,MY3_S3_F1_Nov2020,Anthropogenic,aluminum foil,0.0012,n/a,Aluminum foil,,n/a,n/a,n/a,n/a,n/a,n/a,n/a,n/a,https://drive.google.com/file/d/1vgs853KdCMdnPQeAHJuUxc5qTbqRVDCo/view?usp=sharing
Nov2020,Winter,X,Building,MY3_Nov2020,MY3_Nov2021,MY3_S3_Nov2020,MY3_S3_F3_Nov2020,Anthropogenic,insulation,0.0186,n/a,insulation,,n/a,n/a,n/a,n/a,n/a,n/a,n/a,n/a,https://drive.google.com/file/d/1KXwhuUCp257tx77QR083piDYwHdYqOoo/view?usp=sharing
Nov2020,Winter,,Building,MY4_Nov2020,MY4_Nov2021,MY4_S1_Nov2020,MY4_S1_F3_Nov2020,Plant,Seeds,0.0108,Plant Material,Plantae,,Kingdom,Plantae,n/a,n/a,n/a,n/a,n/a,n/a,https://drive.google.com/file/d/1ZEtiYL3ZT596Aq1_g83giZCrKlu2lBNH/view?usp=sharing
Jan2021,Winter,X,Building,MY4_Jan2021,MY4_Jan2021,MY4_S2_Jan2021,MY4_S2_F1_Jan2021,Anthropogenic,Aluminum foil,0.0297,n/a,Aluminum foil,,n/a,n/a,n/a,n/a,n/a,n/a,n/a,n/a,https://drive.google.com/file/d/18mKyi1NOiurIs_Opv3mV4CVwOmM8JlL9/view?usp=sharing
Nov2020,Winter,X,Building,MY4_Nov2020,MY4_Nov2021,MY4_S3_Nov2020,MY4_S3_F2_Nov2020,Anthropogenic,paper,0.1333,Paper,paper,,n/a,n/a,n/a,n/a,n/a,n/a,n/a,n/a,https://drive.google.com/file/d/1mCdS44ZFIYx871RzfBLeTX69gzP0M1Ib/view?usp=sharing
Jan2021,Winter,X,Building,MY4_Jan2021,MY4_Jan2021,MY4_S4_Jan2021,MY4_S4_F1_Jan2021,Anthropogenic,"string, plastic bag, plastic, alimunum, other",0.1373,n/a,"string, plastic bag, plastic, alimunum, other",,n/a,n/a,n/a,n/a,n/a,n/a,n/a,n/a,https://drive.google.com/file/d/1UQh1UkI1IkmNz49euyw_ieeV9U1OAdWl/view?usp=sharing
Nov2020,Winter,X,Building,MY4_Nov2020,MY4_Nov2021,MY4_S4_Nov2020,MY4_S4_F1_Nov2020,Anthropogenic,aluminium foil,0.0009,n/a,Aluminum foil,,n/a,n/a,n/a,n/a,n/a,n/a,n/a,n/a,https://drive.google.com/file/d/1Gj3-DlxVV_YLiTsD-wBiZyVXaWn0qbOu/view?usp=sharing
Nov2020,Winter,X,Building,MY6_Nov2020,MY6_Nov2021,MY6_S6_Nov2020,MY6_S6_F3_Nov2020,Anthropogenic,fruit sticker,0.023,n/a,fruit sticker,,n/a,n/a,n/a,n/a,n/a,n/a,n/a,n/a,https://drive.google.com/file/d/17uByf-_G2OS04o4LV-ele-SkX5wzZE0P/view?usp=sharing
Nov2020,Winter,X,Building,MY6_Nov2020,MY6_Nov2021,MY6_S8_Nov2020,MY6_S8_F1_Nov2020,Anthropogenic,foam,0.0034,n/a,foam,,n/a,n/a,n/a,n/a,n/a,n/a,n/a,n/a,https://drive.google.com/file/d/1cSF1xeuKEgFXjk_KHqcu6duOkXWOzr3n/view?usp=sharing
Nov2020,Winter,X,Building,ZL1_Nov2020,ZL1_Nov2021,ZL1_S1_Nov2020,ZL1_S1_F1_Nov2020,Anthropogenic,pink fiber,0.0006,n/a,pink fiber,,n/a,n/a,n/a,n/a,n/a,n/a,n/a,n/a,https://drive.google.com/file/d/1PKD04YNDqrgD5q0EL5h1P_Yakokjq6Xr/view?usp=sharing
Nov2020,Winter,X,Building,ZL2_Nov2020,ZL2_Nov2021,ZL2_S3_Nov2020,ZL2_S3_F1_Nov2020,Anthropogenic,plastic or paper,0.0047,n/a,plastic or paper,,n/a,n/a,n/a,n/a,n/a,n/a,n/a,n/a,https://drive.google.com/file/d/1XgzLMD54pxwjuCSts8Jxvv-4JGjk8wOK/view?usp=sharing
Nov2020,Winter,X,Building,ZL2_Nov2020,ZL2_Nov2021,ZL2_S4_Nov2020,ZL2_S4_F4_Nov2020,Anthropogenic,Paper,0.0001,Paper,Paper,,n/a,n/a,n/a,n/a,n/a,n/a,n/a,n/a,
Nov2020,Winter,X,Building,ZL2_Nov2020,ZL2_Nov2021,ZL2_S9_Nov2020,ZL2_S9_F2_Nov2020,Anthropogenic,plastic and paper,0.0414,n/a,plastic and paper,,n/a,n/a,n/a,n/a,n/a,n/a,n/a,n/a,https://drive.google.com/file/d/17GTzqUp_xeeHtsuaD1XNPcmcUepWD__g/view?usp=sharing
Nov2020,Winter,X,Building,ZL3_Nov2020,ZL3_Nov2021,ZL3_S1_Nov2020,ZL3_S1_F3_Nov2020,Anthropogenic,paper,0.0046,Paper,paper,,n/a,n/a,n/a,n/a,n/a,n/a,n/a,n/a,https://drive.google.com/file/d/15NaZv1E_2HZOKYuDVayMgK-TjyH3l24i/view?usp=sharing
Nov2020,Winter,X,Building,ZL4_Nov2020,ZL4_Nov2021,ZL4_S4_Nov2020,ZL4_S4_F3_Nov2020,Anthropogenic,Plastic,0.0001,Plastic,Plastic,,n/a,n/a,n/a,n/a,n/a,n/a,n/a,n/a,https://drive.google.com/file/d/1yoqPWcHwXr7D2ep01TQqTgIlyzIUJ331/view?usp=sharing
Nov2020,Winter,X,Building,ZL4_Nov2020,ZL4_Nov2021,ZL4_S6_Nov2020,ZL4_S6_F3_Nov2020,Anthropogenic,Plastic,0.0028,Plastic,Plastic,,n/a,n/a,n/a,n/a,n/a,n/a,n/a,n/a,https://drive.google.com/file/d/1qY6BOLXWV33EeRvVSQA_xWQqkkmbmrQ6/view?usp=sharing
Nov2020,Winter,X,Building,ZL4_Nov2020,ZL4_Nov2021,ZL4_S8_Nov2020,ZL4_S8_F1_Nov2020,Anthropogenic,Paper,0.0856,Paper,paper,,n/a,n/a,n/a,n/a,n/a,n/a,n/a,n/a,https://drive.google.com/file/d/1-GAkm8Q_wzQ7jZOFsjK8GNZrPr1tfau9/view?usp=sharing
Nov2020,Winter,X,Building,ZL6_Nov2020,ZL6_Nov2021,ZL6_S1_Nov2020,ZL6_S1_F1_Nov2020,Anthropogenic,Rope,0.0234,n/a,rope,,n/a,n/a,n/a,n/a,n/a,n/a,n/a,n/a,https://drive.google.com/file/d/12qlE-tuzg2lGSD-H3XeuvtNXUa49d3ko/view?usp=sharing
Nov2020,Winter,X,Building,ZL6_Nov2020,ZL6_Nov2021,ZL6_S4_Nov2020,ZL6_S4_F4_Nov2020,Anthropogenic,fibers,0.0007,Fibers,Fibers,,n/a,n/a,n/a,n/a,n/a,n/a,n/a,n/a,https://drive.google.com/file/d/1p7lh1Plt54AhlNWxvKxxn68slINqNMST/view?usp=sharing
Nov2020,Winter,X,Building,ZL6_Nov2020,ZL6_Nov2021,ZL6_S5_Nov2020,ZL6_S5_F3_Nov2020,Anthropogenic,plastic,0.0058,n/a,plastic,,n/a,n/a,n/a,n/a,n/a,n/a,n/a,n/a,https://drive.google.com/file/d/1IVcmEiIYlPYLA-uNGWPJxIndl2wa5H5t/view?usp=sharing
Nov2020,Winter,X,Building,ZL6_Nov2020,ZL6_Nov2021,ZL6_S8_Nov2020,ZL6_S8_F2_Nov2020,Anthropogenic,paper,0.0046,Paper,paper,,n/a,n/a,n/a,n/a,n/a,n/a,n/a,n/a,https://drive.google.com/file/d/1pMuqfirNYHtiQCpsvrXGdDmLIgXZe7eI/view?usp=sharing
Nov2020,Winter,X,Building,ZL6_Nov2020,ZL6_Nov2021,ZL6_S9_Nov2020,ZL6_S9_F1_Nov2020,Anthropogenic,plastic fibers,0.0012,n/a,plastic fibers,,n/a,n/a,n/a,n/a,n/a,n/a,n/a,n/a,https://drive.google.com/file/d/1Oy-8s6J3_ZTih00j1fT7vOLNc1vOh-rI/view?usp=sharing
July2019,Summer,X,Natural,Oak_Creek_Shed_July2019,S1,S1_S01_July2019,S1_S01_F5_July2019,Rocks,Rocks,0.0935,Rocks,n/a,,n/a,n/a,n/a,n/a,n/a,n/a,n/a,n/a,https://drive.google.com/file/d/1BIyqS032_BZCA4Y1ap5wNxXxF4xbn3hP/view?usp=sharing
July2019,Summer,X,Building,MY_Delivery_July2019,S11,S11_S04_July2019,S11_S04_F1_July2019,Contaminant,Insulation,0.0596,Insulation,n/a,,n/a,n/a,n/a,n/a,n/a,n/a,n/a,n/a,
July2019,Summer,X,Natural,Zion_Canyon_SB_July2019,S14,S14_S02_July2019,S14_S02_F5_July2019,Rocks,Rock,0.2078,Rocks,Rock,,n/a,n/a,n/a,n/a,n/a,n/a,n/a,n/a,
July2019,Summer,X,Natural,Kolob_Canyon_July2019,S3,S3_S01_July2019,S3_S01_F4_July2019,Unknown,Unknown ID,0.0089,Unknown ID,Unknown ID,,n/a,n/a,n/a,n/a,n/a,n/a,n/a,n/a,
July2019,Winter,X,Natural,RW_Jan2021,RW,RW_S2_Jan2021,RW_S2_F2_Jan2021,Rocks,Rocks,0.5228,Rocks,n/a,,n/a,n/a,n/a,n/a,n/a,n/a,n/a,n/a,https://drive.google.com/file/d/1bvXZkFmpypYrEWKXkzBlW4H25rqYRzLE/view?usp=sharing
Nov2020,Winter,X,Natural,SP_HQ_NL6_Nov2020,SP_HQ_NL6_Nov2021,SP_HQ_NL6_S1_Nov2020,SP_HQ_NL6_S1_F4_Nov2020,Rocks,Rocks,0.4078,Rocks,Rocks,,n/a,n/a,n/a,n/a,n/a,n/a,n/a,n/a,
Nov2020,Winter,X,Natural,SP_HQ_NL6_Nov2020,SP_HQ_NL6_Nov2021,SP_HQ_NL6_S2_Nov2020,SP_HQ_NL6_S2_F2_Nov2020,Rocks,Rocks,3.472,Rocks,n/a,,n/a,n/a,n/a,n/a,n/a,n/a,n/a,n/a,
Nov2020,Winter,X,Natural,SP_HQ_NL6_Nov2020,SP_HQ_NL6_Nov2021,SP_HQ_NL6_S3_Nov2020,SP_HQ_NL6_S3_F2_Nov2020,Rocks,Rocks,0.7538,Rocks,Rocks,,n/a,n/a,n/a,n/a,n/a,n/a,n/a,n/a,
July2019,Summer,X,Building,MY_Showers_July2019,S13,S13_S01_July2019,S13_S01_F4_July2019,Invertebrate,Arthropod,0.1813,Grasshopper,Orthoptera,,Order,Animalia,Arthropoda,Insecta,Orthoptera,n/a,n/a,n/a,https://drive.google.com/file/d/12Aat46WffI8TW38jhljzzJqMwIaoRPYt/view?usp=sharing
July2019,Summer,X,Building,MY_Showers_July2019,S13,S13_S10_July2019,S13_S10_F2_July2019,Vertebrate,Bone,0.1336,Rodent,Rodentia,,Order,Animalia,Chordata,Mammalia,Rodentia,n/a,n/a,n/a,https://drive.google.com/file/d/1hkomrnvOc2ws4oIOgO6izv-XTFHVdqXn/view?usp=sharing
July2019,Summer,X,Building,MY_Roadhouse_July2019,S7,S7_S03_July2019,S7_S03_F1.2_July2019,Invertebrate,Arthropod,0.0144,Beetle,Coleoptera,,Order,Animalia,Arthropoda,Insecta,Coleoptera,n/a,n/a,n/a,https://drive.google.com/file/d/1kNGaqY5C3pg3ZybNJw3LM-GYuJnaeyeM/view?usp=sharing
July2019,Summer,X,Building,MY_Roadhouse_July2019,S7,S7_S08_July2019,S7_S08_F2_July2019,Vertebrate,Bone,0.4498,Rodent,Rodentia,,Order,Animalia,Chordata,Mammalia,Rodentia,n/a,n/a,n/a,https://drive.google.com/file/d/1lsIY3E9t7qbVDx6NctKH28xymHJ1DfkT/view?usp=sharing
Nov2020,Winter,X,Building,MY2_Nov2020,MY2_Nov2021,MY2_S1_Nov2020,MY2_S1_F3_Nov2020,Invertebrate,Arthropod,0.0296,Grasshopper,Orthoptera,,Order,Animalia,Arthropoda,Insecta,Orthoptera,n/a,n/a,n/a,https://drive.google.com/file/d/11TPMUjg2jyruBlqjGw5yNcxXS_EfWaK-/view?usp=sharing
Nov2020,Winter,X,Building,MY2_Nov2020,MY2_Nov2021,MY2_S7_Nov2020,MY2_S7_F1_Nov2020,Invertebrate,Arthropod,0.0424,Grasshopper,Orthoptera,,Order,Animalia,Arthropoda,Insecta,Orthoptera,n/a,n/a,n/a,https://drive.google.com/file/d/1FoThFL_s1aSLxkcogC2aYFIlybeHtaps/view?usp=sharing
Nov2020,Winter,X,Building,MY3_Nov2020,MY3_Nov2021,MY3_S2_Nov2020,MY3_S2_F3_Nov2020,Invertebrate,Arthropod,0.0015,Grasshopper,Orthoptera,,Order,Animalia,Arthropoda,Insecta,Orthoptera,n/a,n/a,n/a,https://drive.google.com/file/d/1XLhjvWQs5bF8Dok6wD4lrc-x62ffCkga/view?usp=sharing
Nov2020,Winter,X,Building,MY6_Nov2020,MY6_Nov2021,MY6_S2_Nov2020,MY6_S2_F1_Nov2020,Invertebrate,Arthropod,0.0116,Beetle,Coleoptera,,Order,Animalia,Arthropoda,Insecta,Coleoptera,n/a,n/a,n/a,"https://drive.google.com/file/d/1p0pkNQgCmVcWdXZ1H4bCUKkDsrqkqA_m/view?usp=sharing, https://drive.google.com/file/d/1EJB2O84Ptl35MwXf3HPrxnTTy8mDGejX/view?usp=sharing"
Nov2020,Winter,X,Building,MY6_Nov2020,MY6_Nov2021,MY6_S4_Nov2020,MY6_S4_F2_Nov2020,Vertebrate,Bone,0.1326,Rodent,Rodentia,,Order,Animalia,Chordata,Mammalia,Rodentia,n/a,n/a,n/a,"https://drive.google.com/file/d/1ClcQX7Z4YLc6iPoyT6AL6J2iOG25q3UB/view?usp=sharing, https://drive.google.com/file/d/1gxLEk9RlyGW8FGptW4dt0TEIZ4V0oHZi/view?usp=sharing"
Nov2020,Winter,X,Building,MY6_Nov2020,MY6_Nov2021,MY6_S6_Nov2020,MY6_S6_F4_Nov2020,Invertebrate,Arthropod,0.0083,Grasshopper,Orthoptera,,Order,Animalia,Arthropoda,Insecta,Orthoptera,n/a,n/a,n/a,https://drive.google.com/file/d/1uCgWbXFZfbmkaf92pHQZFDbMVIxDg0uB/view?usp=sharing
Nov2020,Winter,X,Building,MY6_Nov2020,MY6_Nov2021,MY6_S8_Nov2020,MY6_S8_F2_Nov2020,Invertebrate,Arthropod,0.0076,Beetle,Coleoptera,,Order,Animalia,Arthropoda,Insecta,Coleoptera,n/a,n/a,n/a,https://drive.google.com/file/d/1PGqqquTAWjQCRHdp779ujZE0aqMVWJQu/view?usp=sharing
Nov2020,Winter,X,Building,MY6_Nov2020,MY6_Nov2021,MY6_S9_Nov2020,MY6_S9_F3_Nov2020,Invertebrate,Arthropod,-0.0145,Beetle,Coleoptera,,Order,Animalia,Arthropoda,Insecta,Coleoptera,n/a,n/a,n/a,https://drive.google.com/file/d/1au4qkg_c0F0NLVUNN8aF3cz2s2PR43dY/view?usp=sharing
Nov2020,Winter,X,Building,MY6_Nov2020,MY6_Nov2021,MY6_S9_Nov2020,MY6_S9_F3_Nov2020,Invertebrate,Arthropod,0.0201,Grasshopper,Orthoptera,,Order,Animalia,Arthropoda,Insecta,Orthoptera,n/a,n/a,n/a,https://drive.google.com/file/d/1au4qkg_c0F0NLVUNN8aF3cz2s2PR43dY/view?usp=sharing
Jan2021,Winter,X,Building,RW_Jan2021,RW,RW_S2_Jan2021,RW_S2_F1_Jan2021,Invertebrate,Arthropod,0.0059,Grasshopper,Orthoptera,,Order,Animalia,Arthropoda,Insecta,Orthoptera,n/a,n/a,n/a,https://drive.google.com/file/d/1y13OYtQXFwempZZBP5zNKJLqGVZpn3Mm/view?usp=sharing
Nov2020,Winter,X,Building,ZL1_Nov2020,ZL1_Nov2021,ZL1_S4_Nov2020,ZL1_S4_F2_Nov2020,Invertebrate,Arthropod,0.0679,Grasshopper,Orthoptera,,Order,Animalia,Arthropoda,Insecta,Orthoptera,n/a,n/a,n/a,"https://drive.google.com/file/d/1GwmRkDwRwztuOqRdwlhWJzPt9xgxhco9/view?usp=sharing, https://drive.google.com/file/d/16l5abcjXxjeDjiYjjkhguTE_2ms8Ej3F/view?usp=sharing"
Nov2020,Winter,X,Building,ZL2_Nov2020,ZL2_Nov2021,ZL2_S2_Nov2020,ZL2_S2_F2_Nov2020,Invertebrate,Arthropod,0.0126,Grasshopper,Orthoptera,,Order,Animalia,Arthropoda,Insecta,Orthoptera,n/a,n/a,n/a,"https://drive.google.com/file/d/1HEi_hJDw7nwyr6RXfN2v_NnDGOohSx12/view?usp=sharing, https://drive.google.com/file/d/1lMaoqyfmFevBjkR5udQH2zUSBfQRK5Lj/view?usp=sharing, https://drive.google.com/file/d/1adt2YbGK8eAzg6DLLZ67RjO8hNdtqjga/view?usp=sharing, https://drive.google.com/file/d/1ZRTwWfRJnlFlN8QQh167j2P1mLqzw_-4/view?usp=sharing"
Nov2020,Winter,X,Building,ZL2_Nov2020,ZL2_Nov2021,ZL2_S4_Nov2020,ZL2_S4_F2_Nov2020,Invertebrate,Arthropod,0.0023,Beetle,Coleoptera,,Order,Animalia,Arthropoda,Insecta,Coleoptera,n/a,n/a,n/a,https://drive.google.com/file/d/1HflXww_rdtyWMMU_d69tm_IjSylx7_Kp/view?usp=sharing
Nov2020,Winter,X,Building,ZL3_Nov2020,ZL3_Nov2021,ZL3_S1_Nov2020,ZL3_S1_F2_Nov2020,Invertebrate,Arthropod,0.0371,Grasshopper,Orthoptera,,Order,Animalia,Arthropoda,Insecta,Orthoptera,n/a,n/a,n/a,https://drive.google.com/file/d/1sxVL_fuGtsJlEms8MeTHKb6Rph47Lrsy/view?usp=sharing
Nov2020,Winter,X,Building,ZL3_Nov2020,ZL3_Nov2021,ZL3_S4_Nov2020,ZL3_S4_F1_Nov2020,Invertebrate,Arthropod,0.0117,Beetle,Coleoptera,,Order,Animalia,Arthropoda,Insecta,Coleoptera,n/a,n/a,n/a,https://drive.google.com/file/d/1x9g-ceNCFcdoVXgLN78nKX-UNZTeqbZG/view?usp=sharing
Nov2020,Winter,X,Building,ZL3_Nov2020,ZL3_Nov2021,ZL3_S6_Nov2020,ZL3_S6_F1_Nov2020,Invertebrate,Arthropod,0.0517,Grasshopper,Orthoptera,,Order,Animalia,Arthropoda,Insecta,Orthoptera,n/a,n/a,n/a,https://drive.google.com/file/d/15lCjIbS3gOqoagz5OVYOLtADtODyg80z/view?usp=sharing
Nov2020,Winter,X,Building,ZL3_Nov2020,ZL3_Nov2021,ZL3_S7_Nov2020,ZL3_S7_F1_Nov2020,Invertebrate,Arthropod,0.0239,Beetle,Coleoptera,,Order,Animalia,Arthropoda,Insecta,Coleoptera,n/a,n/a,n/a,https://drive.google.com/file/d/1JCceZYmDmdbtYSvkfq_8jOi5zcye6BL9/view?usp=sharing
Nov2020,Winter,X,Building,ZL3_Nov2020,ZL3_Nov2021,ZL3_S7_Nov2020,ZL3_S7_F3_Nov2020,Vertebrate,Bone,0.6821,Mammal,Mammalia,,Order,Animalia,Chordata,Mammalia,n/a,n/a,n/a,n/a,https://drive.google.com/file/d/1bvb-WVyMgcMJRXYE8PQftzdfW05lw15S/view?usp=sharing
Nov2020,Winter,X,Building,ZL4_Nov2020,ZL4_Nov2021,ZL4_S10_Nov2020,ZL4_S10_F1_Nov2020,Invertebrate,Arthropod,0.021,Beetle,Coleoptera,,Order,Animalia,Arthropoda,Insecta,Coleoptera,n/a,n/a,n/a,https://drive.google.com/file/d/1jm0tns7TJ1iYMsI6ErHIohbYahQxUTWy/view?usp=sharing
Nov2020,Winter,X,Building,ZL4_Nov2020,ZL4_Nov2021,ZL4_S4_Nov2020,ZL4_S4_F1_Nov2020,Invertebrate,Arthropod,0.0072,Beetle,Coleoptera,,Order,Animalia,Arthropoda,Insecta,Coleoptera,n/a,n/a,n/a,https://drive.google.com/file/d/1x9g-ceNCFcdoVXgLN78nKX-UNZTeqbZG/view?usp=sharing
Nov2020,Winter,X,Building,ZL4_Nov2020,ZL4_Nov2021,ZL4_S6_Nov2020,ZL4_S6_F1_Nov2020,Invertebrate,Arthropod,0.0595,Grasshopper,Orthoptera,,Order,Animalia,Arthropoda,Insecta,Orthoptera,n/a,n/a,n/a,https://drive.google.com/file/d/1gfQT4t-yLM3ZTkaIivZtyQWjChQsLE_W/view?usp=sharing
Nov2020,Winter,X,Building,ZL6_Nov2020,ZL6_Nov2021,ZL6_S7_Nov2020,ZL6_S7_F2_Nov2020,Vertebrate,Bone,0.0241,Mammal,Mammalia,,Order,Animalia,Chordata,Mammalia,n/a,n/a,n/a,n/a,"https://drive.google.com/file/d/1JFcT5wHvXzaj9IgmL2MgoXusrMz-53M6/view?usp=sharing, https://drive.google.com/file/d/1zbQ9DmE1E9UGUiM6TNf6U1hNWF9_eq8N/view?usp=sharing"
Nov2020,Winter,X,Building,ZL7_Nov2020,ZL7_Nov2021,ZL7_S5_Nov2020,ZL7_S5_F1_Nov2020,Invertebrate,Arthropod,0.0248,Grasshopper,Orthoptera,,Order,Animalia,Arthropoda,Insecta,Orthoptera,n/a,n/a,n/a,https://drive.google.com/file/d/1mdnbhoQhlW5QI9Bnymx7PbMzRCLIAa2e/view?usp=sharing
July2019,Summer,X,Natural,Zion_Canyon_SB_July2019,S14,S14_S01_July2019,S14_S01_F2_July2019,Invertebrate,Arthropod,0.0165,Beetle 1,Coleoptera,,Order,Animalia,Arthropoda,Insecta,Coleoptera,n/a,n/a,n/a,https://drive.google.com/file/d/1yLQD5MPUVnFO90EDhVdu3d4BCPhI7i9O/view?usp=sharing
July2019,Summer,X,Natural,Zion_Canyon_SB_July2019,S14,S14_S01_July2019,S14_S01_F2.2_July2019,Invertebrate,Arthropod,0.0634,Beetle 2,Coleoptera,,Order,Animalia,Arthropoda,Insecta,Coleoptera,n/a,n/a,n/a,https://drive.google.com/file/d/1yLQD5MPUVnFO90EDhVdu3d4BCPhI7i9O/view?usp=sharing
July2019,Summer,X,Natural,Zion_Canyon_SB_July2019,S14,S14_S02_July2019,S14_S02_F1_July2019,Invertebrate,Arthropod,0.2646,Unknown Arthropod,Coleoptera,,Order,Animalia,Arthropoda,Insecta,Coleoptera,n/a,n/a,n/a,https://drive.google.com/file/d/1jR_yulNVcnjhxfNPbeaISAKZaDPy9x7f/view?usp=sharing
July2019,Summer,X,Natural,Zion_Canyon_SB_July2019,S14,S14_S02_July2019,S14_S02_F4_July2019,Vertebrate,Bone,0.0932,Mammal,Mammalia,,Order,Animalia,Chordata,Mammalia,n/a,n/a,n/a,n/a,https://drive.google.com/file/d/18fx9JspdgL6891qu70ByeVNZYfEKFRTE/view?usp=sharing
July2019,Summer,X,Natural,Zion_Canyon_SB_July2019,S16,S16_S01_July2019,S16_S01_F1_July2019,Invertebrate,Arthropod,0.8254,Beetle,Coleoptera,,Order,Animalia,Arthropoda,Insecta,Coleoptera,n/a,n/a,n/a,"https://drive.google.com/file/d/1qRS4k26bG2VRamwwRggP4CXGYSfsmlll/view?usp=sharing, https://drive.google.com/file/d/1oBud11YnEcseixtxNRu_v0XCK0LIvTHt/view?usp=sharing"
July2019,Summer,X,Natural,Zion_Canyon_SB_July2019,S17,S17_S01_July2019,S17_S01_F1_July2019,Invertebrate,Arthropod,2.1467,Beetle,Coleoptera,,Order,Animalia,Arthropoda,Insecta,Coleoptera,n/a,n/a,n/a,https://drive.google.com/file/d/1uqNvHSwbNpEGHMLaPwGbPUEjOhG9KO_e/view?usp=sharing
July2019,Summer,X,Natural,Kolob_Canyon_July2019,S2,S2_S01_July2019,S2_S01_F1_July2019,Invertebrate,Arthropod,0.2908,Unknown Insect,Insecta,,Order,Animalia,Arthropoda,Insecta,n/a,n/a,n/a,n/a,https://drive.google.com/file/d/1QNrWrNQGrcKuhrihHRZ17udCITXoe919/view?usp=sharing
July2019,Summer,X,Natural,Zion_Canyon_AB_July2019,S38,S38_S01_July2019,S38_S01_F3_July2019,Invertebrate,Arthropod,0.1542,Grasshopper,Orthoptera,,Order,Animalia,Arthropoda,Insecta,Orthoptera,n/a,n/a,n/a,https://drive.google.com/file/d/1ephJN-XG1IzsjtJEXo2Q98UBJVISs9vy/view?usp=sharing
July2019,Summer,X,Natural,Zion_Canyon_AB_July2019,S40,S40_S01_July2019,S40_S01_F1.3_July2019,Invertebrate,Arthropod,0.0118,Beetle,Coleoptera,,order,Animalia,Arthropoda,Insecta,Coleoptera,n/a,n/a,n/a,"https://drive.google.com/file/d/19A72ucRs6QpsJCCl2MOUkqeyWPmqUp4T/view?usp=sharing, https://drive.google.com/file/d/1H2TRzjo6G1bNcXB2UOkZ5BoqY6rqeOxl/view?usp=sharing"
Jan2021,Winter,X,Natural,NL5_Jan2021,NL5_Jan2021,NL5_S2_Jan2021,NL5_S2_F2_Jan2021,Vertebrate,Bone,0.2119,Rodent,Rodentia,,Order,Animalia,Chordata,Mammalia,Rodentia,n/a,n/a,n/a,"https://drive.google.com/file/d/1v1Slzb6d58J_iUxMPktIjlvd7brrwa3X/view?usp=sharing, https://drive.google.com/file/d/1ig-Nd3p912VMsA7BhF2adlclNfgiJmxY/view?usp=sharing"
Nov2020,Winter,X,Natural,SP_HQ_NL6_Nov2020,SP_HQ_NL6_Nov2021,SP_HQ_NL6_S2_Nov2020,SP_HQ_NL6_S2_F3.2_Nov2020,Vertebrate,Bone,0.0382,Lizard,Squamata,,Order,Animalia,Chordata,Reptilia,Squamata,n/a,n/a,n/a,"https://drive.google.com/file/d/1UBcvt9_XWWVVWW2M41vKV_ASkyKd_RGv/view?usp=sharing, https://drive.google.com/file/d/1172hW-ryMFcahVvPPvAzh7s3Nmwsd9si/view?usp=sharing, https://drive.google.com/file/d/1lzIAHjL2nYTHXly5MG2zBFdzYjqoBJP4/view?usp=sharing, https://drive.google.com/file/d/1fA7IL9qNQQQGWYg7r67kUZQV0ZOiyVn0/view?usp=sharing, https://drive.google.com/file/d/1wG8yUsbMToAs8k9LkpiG150bmn1nUKCM/view?usp=sharing, https://drive.google.com/file/d/1QCZT2W3cahH7wlM6vsV0IKqa2htmQmhK/view?usp=sharing,"
July2019,Summer,X,Building,MY_Delivery_July2019,S11,S11_S03_July2019,S11_S03_F2_July2019,Vertebrate,Bone,0.0992,Unknown Vertebrate,Chordata,,Phylum,Animalia,Chordata,n/a,n/a,n/a,n/a,n/a,https://drive.google.com/file/d/1g_tQW0fMJ6qEhATQTIeCFTZulDnZ0opW/view?usp=sharing
July2019,Summer,X,Building,MY_Delivery_July2019,S11,S11_S04_July2019,S11_S04_F3_July2019,Vertebrate,Bone,0.1215,Unknown Vertebrate,Chordata,,Phylum,Animalia,Chordata,n/a,n/a,n/a,n/a,n/a,https://drive.google.com/file/d/1H84tcM2UH3UOYjA53dE5ydCrvTL9je0B/view?usp=sharing
July2019,Summer,X,Building,MY_Delivery_July2019,S11,S11_S05_July2019,S11_S05_F2_July2019,Vertebrate,Bone,0.1874,Unknown Vertebrate,Chordata,,Phylum,Animalia,Chordata,n/a,n/a,n/a,n/a,n/a,https://drive.google.com/file/d/1ipyc95QOaFnqJb82SKgpnyapN_0ynWyY/view?usp=sharing
July2019,Summer,X,Building,MY_Delivery_July2019,S11,S11_S06_July2019,S11_S06_F4_July2019,Vertebrate,Bone,0.1038,Unknown Vertebrate,Chordata,,Phylum,Animalia,Chordata,n/a,n/a,n/a,n/a,n/a,https://drive.google.com/file/d/1Z0m7-mIFgNKK37H6KlclMJYcFBNK6wdU/view?usp=sharing
July2019,Summer,X,Building,MY_Delivery_July2019,S11,S11_S09_July2019,S11_S09_F1_July2019,Vertebrate,Bone,0.085,Unknown Vertebrate,Chordata,,Phylum,Animalia,Chordata,n/a,n/a,n/a,n/a,n/a,https://drive.google.com/file/d/1j7UxzaSWzYI5O2-LZNQ7acOBF6oE2PGA/view?usp=sharing
July2019,Summer,X,Building,MY_Delivery_July2019,S12,S12_S02_July2019,S12_S02_F3_July2019,Vertebrate,Bone,0.0881,Unknown Vertebrate,Chordata,,Phylum,Animalia,Chordata,n/a,n/a,n/a,n/a,n/a,"https://drive.google.com/file/d/1MuxZGSDm4wHPbscB0NBRCEK-rRGemN2g/view?usp=sharing, https://drive.google.com/file/d/1K7W3T3u49B5Kd9KSt1LB5a__dOVq8zwT/view?usp=sharing"
July2019,Summer,X,Building,MY_Delivery_July2019,S12,S12_S03_July2019,S12_S03_F1_July2019,Vertebrate,Bone,0.1256,Unknown Vertebrate,Chordata,,Phylum,Animalia,Chordata,n/a,n/a,n/a,n/a,n/a,
July2019,Summer,X,Building,MY_Delivery_July2019,S12,S12_S08_July2019,S12_S08_F2_July2019,Vertebrate,Bone,0.1322,Unknown Vertebrate,Chordata,,Phylum,Animalia,Chordata,n/a,n/a,n/a,n/a,n/a,
July2019,Summer,X,Building,MY_Delivery_July2019,S12,S12_S09_July2019,S12_S09_F1_July2019,Vertebrate,Bone,0.1133,Unknown Vertebrate,Chordata,,Phylum,Animalia,Chordata,n/a,n/a,n/a,n/a,,
July2019,Summer,X,Building,MY_Delivery_July2019,S12,S12_S10_July2019,S12_S10_F2_July2019,Vertebrate,Bone,0.096,Unknown Vertebrate,Chordata,,Phylum,Animalia,Chordata,n/a,n/a,n/a,n/a,n/a,
July2019,Summer,X,Building,MY_Showers_July2019,S13,S13_S01_July2019,S13_S01_F2_July2019,Vertebrate,Bone Fragments,0.096,Unknown Vertebrate,Chordata,,Phylum,Animalia,Chordata,Mammalia,Rodentia,Cricetidae,n/a,n/a,
July2019,Summer,X,Building,MY_Showers_July2019,S13,S13_S05_July2019,S13_S05_F1_July2019,Vertebrate,Bone,0.3435,Unknown Vertebrate,Chordata,,Phylum,Animalia,Chordata,Mammalia,Rodentia,Cricetidae,n/a,n/a,https://drive.google.com/file/d/1vDXy0tyQ-P_gobPPKFN19z3ukgZQB6GF/view?usp=sharing
July2019,Summer,X,Building,MY_Showers_July2019,S13,S13_S06_July2019,S13_S06_F1_July2019,Vertebrate,Bone,0.0904,Unknown Vertebrate,Chordata,,Phylum,Animalia,Chordata,Mammalia,n/a,n/a,n/a,n/a,https://drive.google.com/file/d/1BSIKgcpZ0zWZnIdTCxRY1r_nEokoxIam/view?usp=sharing
July2019,Summer,X,Building,MY_Showers_July2019,S13,S13_S08_July2019,S13_S08_F2_July2019,Vertebrate,Bone,0.1404,Unknown Vertebrate,Chordata,,Phylum,Animalia,Chordata,n/a,n/a,n/a,n/a,n/a,https://drive.google.com/file/d/1deILouGu5LL63K5O2YZcbRepHqZbZHmu/view?usp=sharing
July2019,Summer,X,Building,MY_Showers_July2020,S13,S13_S09_July2019,S13_S09_F2_July2019,Vertebrate,Bone,0.1404,Unknown Vertebrate,Chordata,,Phylum,Animalia,Chordata,n/a,n/a,n/a,n/a,n/a,
July2019,Summer,X,Building,MY_Delivery_July2019,S4,S4_S01_July2019,S4_S01_F1_July2019,Vertebrate,Bone,0.0485,Unknown Vertebrate,Chordata,,Phylum,Animalia,Chordata,n/a,n/a,n/a,n/a,n/a,https://drive.google.com/file/d/121CFpldiMlbWKANeUyk5cnkwlzLkKsI3/view?usp=sharing
July2019,Summer,X,Building,MY_Showers_July2019,S5,S5_S02_July2019,S5_S02_F1_July2019,Vertebrate,Bone,0.2356,Unknown Vertebrate,Chordata,,Phylum,Animalia,Chordata,n/a,n/a,n/a,n/a,n/a,https://drive.google.com/file/d/121CFpldiMlbWKANeUyk5cnkwlzLkKsI3/view?usp=sharing
July2019,Summer,X,Building,MY_Showers_July2019,S5,S5_S03_July2019,S5_S03_F1_July2019,Vertebrate,Bone,0.1093,Unknown Vertebrate,Chordata,,Phylum,Animalia,Chordata,n/a,n/a,n/a,n/a,n/a,https://drive.google.com/file/d/1MStb2zr6AOPWptFqdUO4yjfRGyGzjCgZ/view?usp=sharing
July2019,Summer,X,Building,MY_Signshop_July2019,S6,S6_S03_July2019,S6_S03_F2_July2019,Vertebrate,Bone,0.1476,Unknown Vertebrate,Chordata,,Phylum,Animalia,Chordata,n/a,n/a,n/a,n/a,n/a,https://drive.google.com/file/d/12sefdPN0lJsk0caXsHLB_oY7-CvSJsZr/view?usp=sharing
July2019,Summer,X,Building,MY_Signshop_July2019,S6,S6_S05_July2019,S6_S05_F1_July2019,Vertebrate,Bone,0.1325,Unknown Vertebrate,Chordata,,Phylum,Animalia,Chordata,n/a,n/a,n/a,n/a,n/a,https://drive.google.com/file/d/1MStb2zr6AOPWptFqdUO4yjfRGyGzjCgZ/view?usp=sharing
July2019,Summer,X,Building,MY_Roadhouse_July2019,S7,S7_S01_July2019,S7_S01_F1_July2019,Vertebrate,Bone,0.2294,Unknown Vertebrate,Chordata,,Phylum,Animalia,Chordata,n/a,n/a,n/a,n/a,n/a,https://drive.google.com/file/d/1ppCsnqU-sv5z787DyvCmJ_eS9D_GISyh/view?usp=sharing
July2019,Summer,X,Building,MY_Roadhouse_July2019,S7,S7_S10_July2019,S7_S10_F2_July2019,Vertebrate,Bone,0.0333,Unknown Vertebrate,Chordata,,Phylum,Animalia,Chordata,n/a,n/a,n/a,n/a,n/a,https://drive.google.com/file/d/1jzEN47k4hXDXrklH7g_4qa0a5SZy1hWG/view?usp=sharing
Nov2020,Winter,X,Building,MY2_Nov2020,MY2_Nov2021,MY2_S1_Nov2020,MY2_S1_F1_Nov2020,Vertebrate,Bone,0.0311,Unknown Vertebrate,Unknown Vertebrate,,Phylum,Animalia,Chordata,n/a,n/a,n/a,n/a,n/a,https://drive.google.com/file/d/1FBxCZakeebmg01nLBPGXHAr_49hAQy8v/view?usp=sharing
Nov2020,Winter,X,Building,MY2_Nov2020,MY2_Nov2021,MY2_S4_Nov2020,MY2_S4_F2_Nov2020,Vertebrate,Bone,0.0852,Unknown Vertebrate,Chordata,,Phylum,Animalia,Chordata,n/a,n/a,n/a,n/a,n/a,https://drive.google.com/file/d/1xpGizNfu0R_VNsxcjedGOF05MMCcXeNk/view?usp=sharing
Nov2020,Winter,X,Building,MY2_Nov2020,MY2_Nov2021,MY2_S5_Nov2020,MY2_S5_F3_Nov2020,Vertebrate,Bone,0.0174,Unknown Vertebrate,Chordata,,Phylum,Animalia,Chordata,n/a,n/a,n/a,n/a,n/a,https://drive.google.com/file/d/1JmVqBYGHYQDqLrLKMLrcKSgL1-FBebFT/view?usp=sharing
Nov2020,Winter,X,Building,MY2_Nov2020,MY2_Nov2021,MY2_S6_Nov2020,MY2_S6_F1_Nov2020,Vertebrate,Bone,0.0598,Unknown Vertebrate,Chordata,,Phylum,Animalia,Chordata,n/a,n/a,n/a,n/a,n/a,https://drive.google.com/file/d/184OWLbbxvYCiGxC5-Sqxk-UD0PnI_N7r/view?usp=sharing
Nov2020,Winter,X,Building,MY3_Nov2020,MY3_Nov2021,MY3_S3_Nov2020,MY3_S3_F4_Nov2020,Vertebrate,Bone,0.0917,Unknown Vertebrate,Chordata,,Phylum,Animalia,Chordata,n/a,n/a,n/a,n/a,n/a,https://drive.google.com/file/d/12t8IqP2AmcBX3qC8o5if4oDOxEH9QKoZ/view?usp=sharing
Nov2020,Winter,X,Building,MY3_Nov2020,MY3_Nov2021,MY3_S4_Nov2020,MY3_S4_F2_Nov2020,Vertebrate,Bone,0.0074,Unknown Vertebrate,Chordata,,Phylum,Animalia,Chordata,n/a,n/a,n/a,n/a,n/a,https://drive.google.com/file/d/1HJBDDk2R9WGMaYeSSgK7o7bfysFnHUEs/view?usp=sharing
Nov2020,Winter,X,Building,MY4_Nov2020,MY4_Nov2021,MY4_S1_Nov2020,MY4_S1_F1_Nov2020,Vertebrate,Bone,0.0125,Unknown Vertebrate,Chordata,,Phylum,Animalia,Chordata,n/a,n/a,n/a,n/a,n/a,https://drive.google.com/file/d/1r9KNubw7ZbvekXCNbcDwJ-mj2ZBYrUT7/view?usp=sharing
Jan2021,Winter,X,Building,MY4_Jan2021,MY4_Jan2021,MY4_S3_Jan2021,MY4_S3_F1_Jan2021,Vertebrate,Bone,0.3249,Unknown Vertebrate,Chordata,,Phylum,Animalia,Chordata,n/a,n/a,n/a,n/a,n/a,https://drive.google.com/file/d/1EnHNCP_hqPDRWRBMngA9N8bIniZJKFTa/view?usp=sharing
Nov2020,Winter,X,Building,MY6_Nov2020,MY6_Nov2021,MY6_S2_Nov2020,MY6_S2_F2_Nov2020,Vertebrate,Bone,0.0088,Unknown Vertebrate,Chordata,,Phylum,Animalia,Chordata,,n/a,n/a,n/a,n/a,https://drive.google.com/file/d/1siShbltEwoaatN-vd4ZuoSYjNlGDVza6/view?usp=sharing
Nov2020,Winter,X,Building,MY6_Nov2020,MY6_Nov2021,MY6_S8_Nov2020,MY6_S8_F3_Nov2020,Vertebrate,Bone,0.0088,Unknown Vertebrate,Chordata,,Phylum,Animalia,Chordata,n/a,n/a,n/a,n/a,n/a,https://drive.google.com/file/d/1mHHlXQVP_VKSyDGPJWOBA1RNecIf4w9I/view?usp=sharing
Nov2020,Winter,X,Building,MY6_Nov2020,MY6_Nov2021,MY6_S9_Nov2020,MY6_S9_F2_Nov2020,Vertebrate,Bone,0.0541,Unknown Vertebrate,Chordata,,Phylum,Animalia,Chordata,n/a,n/a,n/a,n/a,n/a,https://drive.google.com/file/d/1mHHlXQVP_VKSyDGPJWOBA1RNecIf4w9I/view?usp=sharing
Jan2021,Winter,X,Building,RW_Jan2021,RW,RW_S1_Jan2021,RW_S1_F2_Jan2021,Vertebrate,Bone,0.2764,Unknown Vertebrate,Unknown Vertebrate,,Phylum,Animalia,Chordata,n/a,n/a,n/a,n/a,n/a,https://drive.google.com/file/d/1MQBypIIDaoN1DQ0fVwEQRmtbttzqRIcu/view?usp=sharing
Nov2020,Winter,X,Building,ZL2_Nov2020,ZL2_Nov2021,ZL2_S2_Nov2020,ZL2_S2_F3_Nov2020,Vertebrate,Bone,0.0644,Unknown Vertebrate,Chordata,,Phylum,Animalia,Chordata,n/a,n/a,n/a,n/a,n/a,https://drive.google.com/file/d/1yU1LABvMbpXcZ856caXIf0iHmUdUj6jY/view?usp=sharing
Nov2020,Winter,X,Building,ZL2_Nov2020,ZL2_Nov2021,ZL2_S3_Nov2020,ZL2_S3_F2_Nov2020,Vertebrate,Bone,0.0351,Unknown Vertebrate,Chordata,,Phylum,Animalia,Chordata,n/a,n/a,n/a,n/a,n/a,https://drive.google.com/file/d/13gSZAg-TTCdgJ9b17Miynxu0UMO8-87X/view?usp=sharing
Nov2020,Winter,X,Building,ZL2_Nov2020,ZL2_Nov2021,ZL2_S4_Nov2020,ZL2_S4_F3_Nov2020,Vertebrate,Bone,0.0165,Unknown Vertebrate,Chordata,,Phylum,Animalia,Chordata,n/a,n/a,n/a,n/a,n/a,https://drive.google.com/file/d/1QIJmL88QYxDs4HLe5wrcLr3YGSQJ7Jj5/view?usp=sharing
Nov2020,Winter,X,Building,ZL2_Nov2020,ZL2_Nov2021,ZL2_S5_Nov2020,ZL2_S5_F2_Nov2020,Vertebrate,Bone,0.0229,Unknown Vertebrate,Chordata,,Phylum,Animalia,Chordata,n/a,n/a,n/a,n/a,n/a,https://drive.google.com/file/d/1eeWD8xj89CCxOS1SHuOk8GYM8zvhzhIK/view?usp=sharing
Nov2020,Winter,X,Building,ZL3_Nov2020,ZL3_Nov2021,ZL3_S10_Nov2020,ZL3_S10_F2_Nov2020,Vertebrate,Bone,0.0234,Unknown Vertebrate,Chordata,,Phylum,Animalia,Chordata,n/a,n/a,n/a,n/a,n/a,https://drive.google.com/file/d/1FBxCZakeebmg01nLBPGXHAr_49hAQy8v/view?usp=sharing
Nov2020,Winter,X,Building,ZL3_Nov2020,ZL3_Nov2021,ZL3_S2_Nov2020,ZL3_S2_F1_Nov2020,Vertebrate,Bone,0.0342,Unknown Vertebrate,Chordata,,Phylum,Animalia,Chordata,n/a,n/a,n/a,n/a,n/a,https://drive.google.com/file/d/1bvb-WVyMgcMJRXYE8PQftzdfW05lw15S/view?usp=sharing
Nov2020,Winter,X,Building,ZL4_Nov2020,ZL4_Nov2021,ZL4_S10_Nov2020,ZL4_S10_F2_Nov2020,Vertebrate,Bone,0.0609,Unknown Vertebrate,Chordata,,Phylum,Animalia,Chordata,n/a,n/a,n/a,n/a,n/a,https://drive.google.com/file/d/1Ds65VYhpdV8cszVL9NProKSXdKVWGYVw/view?usp=sharing
Nov2020,Winter,X,Building,ZL4_Nov2020,ZL4_Nov2021,ZL4_S4_Nov2020,ZL4_S4_F2_Nov2020,Vertebrate,Bone,0.1199,Unknown Vertebrate,Chordata,,Phylum,Animalia,Chordata,n/a,n/a,n/a,n/a,n/a,https://drive.google.com/file/d/1Ds65VYhpdV8cszVL9NProKSXdKVWGYVw/view?usp=sharing
Nov2020,Winter,X,Building,ZL6_Nov2020,ZL6_Nov2021,ZL6_S1_Nov2020,ZL6_S1_F2_Nov2020,Vertebrate,Bone,0.1604,Unknown Vertebrate,Chordata,,Phylum,Animalia,Chordata,n/a,n/a,n/a,n/a,n/a,
Nov2020,Winter,X,Building,ZL6_Nov2020,ZL6_Nov2021,ZL6_S4_Nov2020,ZL6_S4_F1_Nov2020,Vertebrate,Bone,0.0116,Unknown Vertebrate,Chordata,,Phylum,Animalia,Chordata,n/a,n/a,n/a,n/a,n/a,https://drive.google.com/file/d/1NaJez3afWf_7x5sBm5kBJA0qTz0XVsd2/view?usp=sharing
July2019,Summer,,Natural,Kolob_Canyon_July2019,S3,S3_S01_July2019,S3_S01_F1_July2019,Vertebrate,Bone,0.1804,Unknown Vertebrate,Chordata,,Phylum,Animalia,Chordata,n/a,n/a,n/a,n/a,n/a,https://drive.google.com/file/d/1Q7LeALfZNkIW2r8_9IEmh64rMmSusFxF/view?usp=sharing
Nov2020,Winter,X,Natural,SP_HQ_NL6_Nov2020,SP_HQ_NL6_Nov2021,SP_HQ_NL6_S1_Nov2020,SP_HQ_NL6_S1_F2_Nov2020,Vertebrate,Teeth,0.5257,Unknown Vertebrate,Chordata,,Phylum,Animalia,Chordata,n/a,n/a,n/a,n/a,n/a,https://drive.google.com/file/d/1Ny9DrB8spYXy8fbVQkIB1ARuqzPurErf/view?usp=sharing
Nov2020,Winter,X,Natural,SP_HQ_NL6_Nov2020,SP_HQ_NL6_Nov2021,SP_HQ_NL6_S2_Nov2020,SP_HQ_NL6_S2_F3.3_Nov2020,Vertebrate,Bone,0.1229,Unknown Vertebrate,Chordata,,Phylum,Animalia,Chordata,n/a,n/a,n/a,n/a,n/a,
July2019,Summer,X,Building,MY_Delivery_July2019,S11,S11_S09_July2019,S11_S09_F3_July2019,Plant,Seeds,0.052,Pricklypear,Opuntia,,Species,Plantae,n/a,Magnoliopsida,Caryophyllales,Cactaceae,Opuntia,Opuntia engelmannii,https://drive.google.com/file/d/14KyCb_1G5BQHjkCaS94PiIDdmK47N_FM/view?usp=sharing
July2019,Summer,X,Building,MY_Signshop_July2019,S6,S6_S02_July2019,S6_S02_F1_July2019,Plant,Seeds,0.1832,Pricklypear,Opuntia,,Species,Plantae,n/a,Magnoliopsida,Caryophyllales,Cactaceae,Opuntia,Opuntia engelmannii,https://drive.google.com/file/d/1MsXvrgr5RWKQ1RFk_Xcmis25nk7yv5fG/view?usp=sharing
July2019,Summer,X,Building,MY_Signshop_July2019,S6,S6_S06_July2019,S6_S06_F2_July2019,Plant,Seeds,0.1731,Manzanita,Arctostaphylos,,Species,Plantae,n/a,Magnoliopsida,Ericales,Ericaceae,Arctostaphylos,n/a,https://drive.google.com/file/d/13c4O6AEOCPAuld8Oe3-Xe2IR7khd7Ayw/view?usp=sharing
Jan2021,Winter,X,Building,Dungeon3_Jan2021,Dungeon3,Dungeon3_S1_Jan2021,Dungeon3_S1_F2_Jan2021,Invertebrate,Arthropod,0.0047,Western conifer seed bug,Leptoglossus Occidentalis,,Species,Animalia,Arthropoda,Insecta,Hemiptera,Coreidae,Leptoglossus,Occidentalis,https://drive.google.com/file/d/1GfaIx8C9Tol4fIiQa7p-Q_ytvKOKVC7P/view?usp=sharing
Nov2020,Winter,X,Building,MY3_Nov2020,MY3_Nov2021,MY3_S1_Nov2020,MY3_S1_F3_Nov2020,Invertebrate,Arthropod,0.0037,Western conifer seed bug,Leptoglossus Occidentalis,,Species,Animalia,Arthropoda,Insecta,Hemiptera,Coreidae,Leptoglossus,Occidentalis,https://drive.google.com/file/d/1Mpg6TTFzueVAksj_hgmQEEjkE9Cd5FEl/view?usp=sharing
Jan2021,Winter,X,Building,MY4_Jan2021,MY4_Jan2021,MY4_S2_Jan2021,MY4_S2_F4_Jan2021,Plant,Seeds,0.0112,Chokecherry,Prunus virginiana,,Species,Plantae,n/a,Magnoliopsida,Rosales,Rosaceae,Prunus,Virginiana,https://drive.google.com/file/d/1e1uUwgULCTFAGPlbJ9taAxz3DHbcBTzE/view?usp=sharing
Nov2020,Winter,X,Building,MY6_Nov2020,MY6_Nov2021,MY6_S5_Nov2020,MY6_S5_F2.2_Nov2020,Plant,Seeds,0.0051,Pricklypear,Opuntia,,Species,Plantae,n/a,Magnoliopsida,Caryophyllales,Cactaceae,Opuntia,Opuntia engelmannii,https://drive.google.com/file/d/1xGsJZOIWveYwvvWGBvYo6D7XA0NdzMvy/view?usp=sharing
Nov2020,Winter,X,Building,MY6_Nov2020,MY6_Nov2021,MY6_S5_Nov2020,MY6_S5_F2.3_Nov2020,Plant,Seeds,0.2187,Manzanita,Arctostaphylos,,Species,Plantae,n/a,Magnoliopsida,Ericales,Ericaceae,Arctostaphylos,n/a,https://drive.google.com/file/d/1vmSDvJjpJsfpC5nPPIdz3jGeXc6-Lv0Z/view?usp=sharing
Nov2020,Winter,X,Building,MY6_Nov2020,MY6_Nov2021,MY6_S9_Nov2020,MY6_S9_F1_Nov2020,Plant,seeds,0.0784,Manzanita,Arctostaphylos,,Species,Plantae,n/a,Magnoliopsida,Ericales,Ericaceae,Arctostaphylos,n/a,https://drive.google.com/file/d/1ZhBNcH7yFsNTTXrk_5FFPhX5vNGWI-hE/view?usp=sharing
Jan2021,Winter,X,Building,RW_Jan2021,RW,RW_S2_Jan2021,RW_S2_F5_Jan2021,Plant,Seeds,0.0097,Chokeberry,Prunus virginiana,,Species,Plantae,,Magnoliopsida,Rosales,Rosaceae,Prunus,Virginiana,"https://drive.google.com/file/d/1bsUjF5EaJtAhGj25XEvIkTyEyWIPDn1V/view?usp=sharing, https://drive.google.com/file/d/1l_zrHm7KMuXckRdF77HIDvsNZUvQ_Okd/view?usp=sharing"
Nov2020,Winter,X,Building,ZL1_Nov2020,ZL1_Nov2021,ZL1_S4_Nov2020,ZL1_S4_F1_Nov2020,Plant,Seeds,0.0169,Pricklypear,Opuntia,,Species,Plantae,n/a,Magnoliopsida,Caryophyllales,Cactaceae,Opuntia,Opuntia engelmannii,https://drive.google.com/file/d/1zJ0heZkDjl2mMRtSzUzpmEO31976PPmQ/view?usp=sharing
Nov2020,Winter,X,Building,ZL2_Nov2020,ZL2_Nov2021,ZL2_S1_Nov2020,ZL2_S1_F1_Nov2020,Plant,Seeds,0.0135,Pricklypear,Opuntia,,Species,Plantae,n/a,Magnoliopsida,Caryophyllales,Cactaceae,Opuntia,Opuntia engelmannii,https://drive.google.com/file/d/1K6ZqSSo5BQ3Pc-V7Cw5YP4YHhV0l5_mT/view?usp=sharing
Nov2020,Winter,,Building,ZL2_Nov2020,ZL2_Nov2021,ZL2_S2_Nov2020,ZL2_S2_F1_Nov2020,Plant,Seeds,0.0008,Thysanocarpus curvipes,Plantae,,Species,Plantae,n/a,Magnoliopsida,Brassicales,Brassicaceae,Thysanocarpus,Thysanocarpus curvipes,https://drive.google.com/file/d/11iz4IJ2lhdyioP0eT1NgpEsyKFdZVSPr/view?usp=sharing
Nov2020,Winter,X,Building,ZL2_Nov2020,ZL2_Nov2021,ZL2_S9_Nov2020,ZL2_S9_F1.3_Nov2020,Invertebrate,Arthropod,0.0034,Western conifer seed bug,Leptoglossus Occidentalis,,Species,Animalia,Arthropoda,Insecta,Hemiptera,Coreidae,Leptoglossus,Occidentalis,https://drive.google.com/file/d/1yQ_UpN4gopDC-9AjEyLBJ5Z4akguQXVw/view?usp=sharing
Nov2020,Winter,X,Building,ZL3_Nov2020,ZL3_Nov2021,ZL3_S1_Nov2020,ZL3_S1_F1.2_Nov2020,Plant,Seeds,0.1067,Pricklypear,Opuntia,,Species,Plantae,n/a,Magnoliopsida,Caryophyllales,Cactaceae,Opuntia,Opuntia engelmannii,https://drive.google.com/file/d/1NjUCVuGbAS_nhdUveIavtD9on4RGEJHH/view?usp=sharing
Nov2020,Winter,X,Building,ZL3_Nov2020,ZL3_Nov2021,ZL3_S6_Nov2020,ZL3_S6_F2_Nov2020,Plant,Seeds,0.0534,Hackberry,Celtis,,Species,Plantae,n/a,Magnoliopsida,Rosales,Cannabaceae,Celtis,n/a,https://drive.google.com/file/d/1D_13J520Wo6rjg4aw1qRNY6W1Inpm_jp/view?usp=sharing
Nov2020,Winter,X,Building,ZL6_Nov2020,ZL6_Nov2021,ZL6_S7_Nov2020,ZL6_S7_F1_Nov2020,Invertebrate,Arthropod,0.0053,Western conifer seed bug,Leptoglossus Occidentalis,,Species,Animalia,Arthropoda,Insecta,Hemiptera,Coreidae,Leptoglossus,Occidentalis,"https://drive.google.com/file/d/1aScNOMdAbYOMERi13sC5VZvy3JN7rkrf/view?usp=sharing, https://drive.google.com/file/d/1W3rtfRBlQMrWU29Vnr4jtT55oveics0e/view?usp=sharing"
Jan2021,Winter,X,Building,ZL9_Jan2021,ZL9_Jan2021,ZL9_S3_Jan2021,ZL9_S3_F2_Jan2021,Invertebrate,Arthropod,0.0008,Western black-legged tick,Ixodes pacificus,,Species,Animalia,Arthropoda,Euchelicerata,Ixodida,Ixodidae,Ixodes,Pacificus,https://drive.google.com/file/d/1UNFgr16uOZVrqAQVbr7ApoK5vKu6NHEw/view?usp=sharing
July2019,Summer,X,Natural,Zion_Canyon_SB_July2019,S16,S16_S01_July2019,S16_S01_F2_July2019,Plant,Seeds,0.3188,Manzanita,Arctostaphylos,,Species,Plantae,n/a,Magnoliopsida,Ericales,Ericaceae,Arctostaphylos,n/a,https://drive.google.com/file/d/1pzDw68tYargAKltWcbXpuJBszLbEzahA/view?usp=sharing
July2019,Summer,X,Natural,Zion_Canyon_SB_July2019,S17,S17_S01_July2019,S17_S01_F2_July2019,Plant,Seeds,3.848,Manzanita,Arctostaphylos,,Species,Plantae,n/a,Magnoliopsida,Ericales,Ericaceae,Arctostaphylos,n/a,https://drive.google.com/file/d/1P68hqSAKhw_8Wi9mq7tzEg0xgNSqh1cq/view?usp=sharing
July2019,Summer,X,Natural,Zion_Lodge_July2019,S32,S32_S01_July2019,S32_S01_F1_July2019,Invertebrate,Arthropod,0.6778,Ten-lined june beetle,Polyphylla decemlineata,,Species,Animalia,Arthropoda,Insecta,Coleoptera,Scarabaeidae,Polyphylla,Decemlineata,https://drive.google.com/file/d/1hT2KqnZDGZyNBBKhwJLtbX2PxJsI6yIx/view?usp=sharing
July2019,Summer,X,Natural,Zion_Canyon_AB_July2019,S38,S38_S01_July2019,S38_S01_F1_July2019,Plant,Seeds,2.2844,Manzanita,Arctostaphylos,,Species,Plantae,n/a,Magnoliopsida,Ericales,Ericaceae,Arctostaphylos,n/a,https://drive.google.com/file/d/1TBQuyKChMKD0b0cafKelOKSxcrdhhigP/view?usp=sharing
July2019,Summer,X,Natural,Zion_Canyon_AB_July2019,S40,S40_S01_July2019,S40_S01_F1_July2019,Invertebrate,Arthropod,0.6114,Ten-lined june beetle,Polyphylla decemlineata,,Species,Animalia,Arthropoda,Insecta,Coleoptera,Scarabaeidae,Polyphylla,Decemlineata,"https://drive.google.com/file/d/19A72ucRs6QpsJCCl2MOUkqeyWPmqUp4T/view?usp=sharing, https://drive.google.com/file/d/1H2TRzjo6G1bNcXB2UOkZ5BoqY6rqeOxl/view?usp=sharing"
Nov2020,Winter,X,Natural,SP_HQ_NL6_Nov2020,SP_HQ_NL6_Nov2021,SP_HQ_NL6_S2_Nov2020,SP_HQ_NL6_S2_F1_Nov2020,Plant,Seeds,5.1424,Hackberry,Celtis,,Species,Plantae,n/a,Magnoliopsida,Rosales,Cannabaceae,Celtis,n/a,https://drive.google.com/file/d/1V83bV7R6Z9WCJ25xdzvNyDAdi6W2TOkb/view?usp=sharing
Nov2020,Winter,X,Natural,SP_HQ_NL6_Nov2020,SP_HQ_NL6_Nov2021,SP_HQ_NL6_S2_Nov2020,SP_HQ_NL6_S2_F1.2_Nov2020,Plant,Seeds,0.3291,Pricklypear,Opuntia engelmannii,,Species,Plantae,n/a,Magnoliopsida,Caryophyllales,Cactaceae,Opuntia,Opuntia engelmannii,https://drive.google.com/file/d/1sTnQNJxJYkJ4lWVyck_a0KzQvlOFiRoM/view?usp=sharing
Nov2020,Winter,X,Natural,SP_HQ_NL6_Nov2020,SP_HQ_NL6_Nov2021,SP_HQ_NL6_S4_Nov2020,SP_HQ_NL6_S4_F3.2_Nov2020,Plant,Seeds,0.0166,Pricklypear,Opuntia,,Species,Plantae,,Magnoliopsida,Caryophyllales,Cactaceae,Opuntia,Opuntia engelmannii,https://drive.google.com/file/d/157QtrxaGhN3tv-7z7V7kJEa5FJBx79JP/view?usp=sharing
Nov2020,Winter,X,Natural,WH_Nov2020,WH_Nov2021,WH_S1_Nov2020,WH_S1_F1_Nov2020,Plant,Seeds,0.0472,Hackberry,Celtis,,Species,Plantae,n/a,Magnoliopsida,Rosales,Cannabaceae,Celtis,n/a,https://drive.google.com/file/d/1y6ouGMW3crpIpYsfcqdrLlKJ85XMkKns/view?usp=sharing