interaction_id,No,sample_id,sample_type,verbatim_text,ReportedName,reported_percentage,ScientificName,taxon_authority,taxon_rank,life-stage,notes
di_001,M39506,M39506s,stomach,"Aves: red-feathered Fringillidae, Richmondena cardinalis, or Pyrrhuloxia ",Aves,20,,,,,
di_002,M39506,M39506s,stomach,Mammalia: Sciurus niger,Sciurus niger,80,,,,,
di_003,M39506,M39506s,stomach,Bassariscus digital parts,,present,,,,,
di_004,M39507,M39507s,stomach,Bassariscus hair,Bassariscus,part of 0.5 cc,,,,,
di_005,M39507,M39507s,stomach,sand,sand,part of 0.5 cc,,,,,
di_006,M39508,M39508s,stomach,"Aves feathers: Fringillidae, Richmondena cardinalis, or Pyrrhuloxia ",Aves,50,,,,,
di_007,M39508,M39508s,stomach,Lacertilia: Sceloporus sp.,Sceloporus sp.,50,,,,,
di_008,M39509,M39509s,stomach,"Aves feathers: Fringillidae, Richmondena, or Pyrrhuloxia",Aves,100,,,,,"Fringillidae, Richmondena, or Pyrrhuloxia "
di_009,M39509,M39509s,stomach,sand,sand,part of 0.5 cc,,,,,
di_010,M39509,M39509s,stomach,wood,wood,part of 0.5 cc,,,,,
di_011,M39510,M39510s,stomach,Centurus aurifrons,Centurus aurifrons,100,,,,,
di_012,M39510,M39510s,stomach,"6 seeds of Celtis sp., possib. secondary",Celtis,trace,,,,seeds,
di_013,M39511,M39511s,stomach,Aves: Richmondena cardinalis,Richmondena cardinalis,,,,,,
di_014,M39511,M39511s,stomach,Celtis sp. fruit,Celtis sp.,,,,,fruit,
di_015,M39512,M39512s,stomach,Rhaphidophorinae,Rhaphidophorinae,50,,,,,
di_016,M39512,M39512s,stomach,Mantidae,Mantidae,15,,,,,
di_017,M39512,M39512s,stomach,Arilus sp. (Reduviidae),Arilus sp.,20,,,,,
di_018,M39512,M39512s,stomach,Phalangida,Phalangida,15,,,,,
di_019,M39512,M39512s,stomach,Plant mat. undet.,Plant,trace,,,,,
di_020,M39568,M39568s,stomach,Aves: Columbidae,Columbidae,100,,,,,
di_021,M39569,M39569s,stomach,Aves: Toxostoma sp.,Toxostoma sp.,100,,,,,
di_022,M39570,M39570s,stomach,Aves: Colaptes auritus,Colaptes auritus,100,,,,,
di_023,M39570,M39570s,stomach,Insecta: Pentamidae,Pentatomidae,trace,,,,,
di_024,M39570,M39570s,stomach,Araneida,Araneida,trace,,,,,
di_025,M39571,M39571s,stomach,Araneida,Araneida,100,,,,,
di_026,M39571,M39571s,stomach,trap debris (wood and sand),debris,trace,,,,,
di_028,M39572,M39572s,stomach,Aves: Zonotrichia albicollis (det. R.E.S.),Zonotrichia albicollis,100,,,,,
di_029,M39572,M39572s,stomach,woody debris,debris,trace,,,,,
di_030,M39573,M39573s,stomach,Aves: prob. Toxostoma sp.,Aves,100,,,,,
di_031,M39573,M39573s,stomach,sand ,sand ,part of 1.0 cc,,,,,
di_032,M39573,M39573s,stomach,Bassariscus digital parts,Bassariscus,part of 1.0 cc,,,,,
di_033,M39574,M39574s,stomach,"Decticinae, near Pediodectes sp.",Decticinae,78,,,,,
di_034,M39574,M39574s,stomach,Conocephalinae,Conocephalinae,2,,,,,
di_035,M39574,M39574s,stomach,Oedipodinae,Oedipodinae,2,,,,,
di_036,M39574,M39574s,stomach,Cyrtacanthacrinae,Cyrtacanthacrinae,1,,,,,
di_037,M39574,M39574s,stomach,Ortoptera eggs,Ortoptera,trace,,,,eggs,
di_038,M39574,M39574s,stomach,1 Scorpionida,Scorpionida,1,,,,,
di_039,M39574,M39574s,stomach,Lepidoptera cocoon,Lepidoptera,1,,,,,
di_040,M39574,M39574s,stomach,2 Insect larvae,Insect,trace,,,,larvae,
di_041,M39574,M39574s,stomach,1 Coleoptera: Eleodes sp. (Tenebrionidae),Eliodes sp.,trace,,,,,
di_042,M39574,M39574s,stomach,1 Arachnida,Arachnida,trace,,,,,
di_043,M39574,M39574s,stomach,1 Chilopoda,Chilopoda,trace,,,,,
di_044,M39574,M39574s,stomach,Arthropod eggs,Arthropod,trace,,,,eggs,
di_045,M39574,M39574s,stomach,"1 Bufo sp., prob woodhousei ",Bufo sp.,9,,,,,
di_046,M39574,M39574s,stomach,1 Eumeces sp.,Eumeces sp. ,2,,,,,
di_047,M39574,M39574s,stomach,1 Sceloporus sp.,Sceloporus sp. ,4,,,,,
di_048,M39574,M39574s,stomach,1 seed: Prunus sp.,Prunus sp.,trace,,,,seed,
di_049,M39574,M39574c,colon,"Decticinae, near Pediodectes sp.",Decticinae,89,,,,,
di_050,M39574,M39574c,colon,"Eumeces sp., scales and bone frags.",Eumeces sp. ,3,,,,,
di_051,M39574,M39574c,colon,Orthoptera eggs,Orthoptera,2,,,,eggs,
di_052,M39574,M39574c,colon,Oedipodinae,Oedipodinae,2,,,,,
di_053,M39574,M39574c,colon,Arachnida,Arachnida,trace,,,,,
di_054,M39574,M39574c,colon,Coleoptera frags,Coleoptera,trace,,,,,
di_055,M39574,M39574c,colon,Hymenoptera,Hymenoptera,trace,,,,,
di_056,M39574,M39574c,colon,4 Leguminosea seeds,Leguminosea,3,,,,seeds,
di_057,M39574,M39574c,colon,Cornus sp. frags,Cornus sp. ,1,,,,,
di_058,M39574,M39574c,colon,Gramineae leaves,Gramineae,trace,,,,leaves,
di_059,M39574,M39574c,colon,Bufo sp.,Bufo sp.,trace,,,,,
di_060,M39575,M39575i,intestine,woody trap debris,debris,trace,,,,,
di_061,M39575,M39575c,colon,Ceuthophilus sp.,Ceuthophilus sp.,94,,,,,
di_062,M39575,M39575c,colon,Tettigoniidae: Decticinae,Decticinae,4,,,,,
di_063,M39575,M39575c,colon,Gryllidae,Gryllidae,1,,,,,
di_064,M39575,M39575c,colon,Lacertilia: Eumeces sp. (scales),Eumeces sp. ,1,,,,,
di_065,M39575,M39575c,colon,woody debris,debris,4 cc,,,,,
di_066,M39576,M39756s,stomach,Acrididae,Acrididae,1,,,,,
di_067,M39576,M39756s,stomach,Rhaphidophorinae,Rhaphidophorinae,43,,,,,
di_068,M39576,M39756s,stomach,Tettigoniidae,Tettigoniidae,43,,,,,
di_069,M39576,M39756s,stomach,Tenebrionidae,Tenebrionidae,1,,,,,
di_070,M39576,M39756s,stomach,Lepidoptera cocoon,Lepidoptera,8,,,,,
di_071,M39576,M39756s,stomach,Araneida,Araneida,1,,,,,
di_072,M39576,M39756s,stomach,Scorpionida,Scorpionida,3,,,,,
di_073,M39576,M39756si,small intestine,Oedipodinae,Oedipodinae,1,,,,,
di_074,M39576,M39756si,small intestine,Rhaphidophorinae,Rhaphidophorinae,40,,,,,
di_075,M39576,M39756si,small intestine,Tettigoniidae,Tettigoniidae,22,,,,,
di_076,M39576,M39756si,small intestine,Tenebrionidae,Tenebrionidae,1,,,,,
di_077,M39576,M39756si,small intestine,Lepidoptera cocoon,Lepidoptera,30,,,,cocoon,
di_078,M39576,M39756si,small intestine,Araneida,Araneida,1,,,,,
di_079,M39576,M39756si,small intestine,Scorpionida,Scorpionida,5,,,,,
di_080,M39576,M39576c,colon,Oedipodinae,Oedipodinae,27,,,,,
di_081,M39576,M39576c,colon,Rhaphidophorinae,Rhaphidophorinae,27,,,,,
di_082,M39576,M39576c,colon,Decticinae,Decticinae,27,,,,,
di_083,M39576,M39576c,colon,Lepidoptera cocoon,Lepidoptera,15,,,,cocoon,
di_084,M39576,M39576c,colon,Araneida,Araneida,trace,,,,,
di_085,M39576,M39576c,colon,Gramineae leaves,Gramineae,4,,,,,leaves
di_086,M39577,M39577s,stomach,Tettigoniidae,Tettigoniidae,45,,,,,
di_087,M39577,M39577s,stomach,Acrididae,Acrididae,5,,,,,
di_088,M39577,M39577s,stomach,Tenebrionidae,Tenebrionidae,trace,,,,,
di_089,M39577,M39577s,stomach,Araneida,Araneida,trace,,,,,
di_090,M39577,M39577s,stomach,Scorpionida,Scorpionida,50,,,,,
di_091,M39577,M39577s,stomach,Bassariscus hair,Bassariscus,1 cc,,,,,
di_092,M39577,M39577si,small intestine,Tettigoniidae,Tettigoniidae,50,,,,,
di_093,M39577,M39577si,small intestine,Scorpionida,Scorpionida,50,,,,,
di_094,M39577,M39577c,colon,Decticinae,Decticinae,9,,,,,
di_095,M39577,M39577c,colon,Acrididae,Acrididae,2,,,,,
di_096,M39577,M39577c,colon,Coleoptera,Coleoptera,9,,,,,
di_097,M39577,M39577c,colon,Araneida,Araneida,1,,,,,
di_098,M39577,M39577c,colon,Scorpionida,Scorpionida,9,,,,,
di_099,M39577,M39577c,colon,Diospyros texana: fruit,Diospyros texana,70,,,,fruit,
di_100,M39577,M39577c,colon,Bassariscus hair,Bassariscus,trace,,,,,
di_1000,M40235,M40235si,small intestine,Coleoptera: Tenebrionidae,Tenebrionidae,3,,,,,
di_1001,M40235,M40235si,small intestine,Araneida,Araneida,trace,,,,,
di_1002,M40235,M40235si,small intestine,Eumeces sp. ,Eumeces sp. ,2,,,,,
di_1003,M40235,M40235si,small intestine,trap debris,debris,0.3 cc,,,,,
di_1004,M40235,M40235c,colon,"Diospyros texana, seeds & fruit skins ",Diospyros texana,43,,,,seed; fruit,
di_1005,M40235,M40235c,colon,"Orthoptera, Tettigoniidae: Cyrtacanthacrinae",Cyrtacanthacrinae,45,,,,,
di_1006,M40235,M40235c,colon,"Orthoptera, Tettigoniidae: Decticinae",Decticinae,6,,,,,
di_1007,M40235,M40235c,colon,Orthoptera eggs; possibly Acrididae,Orthoptera,trace,,,,eggs,
di_1008,M40235,M40235c,colon,Coleoptera: Tenebrionidae,Tenebrionidae,6,,,,,
di_1009,M40235,M40235c,colon,woody debris (not food),debris,0.1 cc,,,,,
di_101,M39913,M39913s,stomach,Chilopoda,Chilopoda,75,,,,,
di_1010,M40235,M40236s,stomach,Tettigoniidae (Orthoptera),,trace,,,,,
di_1011,M40236,M40236s,stomach,Insect fragments,Insect,trace,,,,,
di_1012,M40236,M40236s,stomach,Sceloporus sp. ,Sceloporus sp.,trace,,,,,
di_1013,M40236,M40236s,stomach,hair from self ,self,1.5 cc,,,,,
di_1014,M40236,M40236s,stomach,trap debris,debris,trace,,,,,
di_1015,M40236,M40236si,small intestine,Orthoptera,Orthoptera,trace,,,,,
di_1016,M40236,M40236si,small intestine,Araneida,Araneida,trace,,,,,
di_1017,M40236,M40236si,small intestine,hair from self,,1.0 cc,,,,,
di_1018,M40236,M40236c,colon,Orthoptera: Blattidae,Blattidae,2,,,,,
di_1019,M40236,M40236c,colon,Orthoptera: Gryllidae,Gryllidae,15,,,,,
di_102,M39913,M39913s,stomach,Araneida,Araneida,15,,,,,
di_1020,M40236,M40236c,colon,Orthoptera: Acrididae: Cyrtacanthacrinae,Cyrtacanthacrinae,12,,,,,
di_1021,M40236,M40236c,colon,"Hemiptera, Coreidae: Chelonidea sp.",Chelonidae,2,,,,,
di_1022,M40236,M40236c,colon,Coleoptera: Carabidae,Carabidae,2,,,,,
di_1023,M40236,M40236c,colon,Coleoptera: Scarabaeidae,Scarabaeidae,3,,,,,
di_1024,M40236,M40236c,colon,"Coleoptera, Scarabaeidae: larva",Scarabaeidae,2,,,,,
di_1025,M40236,M40236c,colon,3 Coleoptera: Prob. Chrysomelidae,Chrusomelidae,2,,,,,
di_1026,M40236,M40236c,colon,"Hymenoptera, Formicidae: Pachycondylaharpas sp.",Pachycondylaharpas sp.,2,,,,,
di_1027,M40236,M40236c,colon,Hymenoptera ,Hymenoptera ,trace,,,,,
di_1028,M40236,M40236c,colon,Scorpionida: Centruridae,Centrurudae,19,,,,,
di_1029,M40236,M40236c,colon,Araneida,Araneida,15,,,,,
di_103,M39913,M39913s,stomach,"Insecta(Tettigoniidae, & Coleoptera)",Tettigoniidae,part of 5,,,,,
di_1030,M40236,M40236c,colon,Sceloporus sp. - scales & body segment,Sceloporus,5,,,,,
di_1031,M40236,M40236c,colon,Animal material: prob Sceloporus eggs,Animal,17,,,,,
di_1032,M40236,M40236c,colon,Pico-passeres feathers,Pico-Passeres,trace,,,,,
di_1033,M40236,M40236c,colon,hair of self,self,7.5 cc,,,,,
di_1034,M40236,M40236c,colon,woody debris,debris,1.0 cc,,,,,
di_1035,M40236,M40237s,stomach,Orthoptera: Gryllidae,Gryllidae,1,,,,,
di_1036,M40237,M40237s,stomach,"Insect abdomen, prob. Hemiptera",Insect,trace,,,,,
di_1037,M40237,M40237s,stomach,"Coleoptera, Scarabeidae: Phyllophaga sp.",Phyllophaga sp.,trace,,,,,
di_1038,M40237,M40237s,stomach,1 Hymenopter: Formicidae,Formicidae,trace,,,,,
di_1039,M40237,M40237s,stomach,3 Diptera - Heads,Diptera,trace,,,,,
di_104,M39913,M39913s,stomach,"Insecta(Tettigoniidae, & Coleoptera)",Coleoptera,part of 5,,,,,
di_1040,M40237,M40237s,stomach,Scorpionida,Scorpionida,1,,,,,
di_1041,M40237,M40237s,stomach,Araneida,Araneida,trace,,,,,
di_1042,M40237,M40237s,stomach,feathers (Non-gallinaceos bird),bird,trace,,,,,
di_1043,M40237,M40237s,stomach,2? Leporidae: Sylvilagus sp.,Sylvilagus sp.,98,,,,,
di_1044,M40237,M40237si,small intestine,"Sorthoptera, Tettigoniidae: Dectinae",Dectinae,1,,,,,
di_1045,M40237,M40237si,small intestine,Orthoptera: Gryllidae,Gryllidae,4,,,,,
di_1046,M40237,M40237si,small intestine,Orthoptera: Acrididae,Acrididae,1,,,,,
di_1047,M40237,M40237si,small intestine,"1 Coleoptera, prob. Tenebrionidae",Coleoptera,1,,,,,
di_1048,M40237,M40237si,small intestine,2 Diptera,Diptera,1,,,,,
di_1049,M40237,M40237si,small intestine,2 Hymenoptera: Formicidae,Formicidae,trace,,,,,
di_105,M39913,M39913s,stomach,Juniperus sp. fuit & twig,Juniperus sp. ,5,,,,fruit,
di_1050,M40237,M40237si,small intestine,Scorpionida,Scorpionida,2,,,,,
di_1051,M40237,M40237si,small intestine,1 Araneida,Araneida,trace,,,,,
di_1052,M40237,M40237si,small intestine,Chilopoda,Chilopoda,4,,,,,
di_1053,M40237,M40237si,small intestine,1 Colubridae: (Diadophis?) - Tail and scales,Colubridae,3,,,,,
di_1054,M40237,M40237si,small intestine,Leporidae: Sylvilagus sp.,Sylvilagus sp.,83,,,,,
di_1055,M40237,M40237si,small intestine,trap debris,debris,trace,,,,,
di_1056,M40237,M40237c,colon,Orthoptera: Gryllidae,Gryllidae,16,,,,,
di_1057,M40237,M40237c,colon,Coleoptera: Scarabeidae (legs),Scarabeidae,4,,,,,
di_1058,M40237,M40237c,colon,Diptera,Diptera,4,,,,,
di_1059,M40237,M40237c,colon,Hymenoptera: Formicidae,Formicidae,trace,,,,,
di_106,M39913,M39913si,small intestine,woody material,material,trace,,,,,
di_1060,M40237,M40237c,colon,Scopionidae,Scopionidae,16,,,,,
di_1061,M40237,M40237c,colon,Chilopoda,Chilopoda,trace,,,,,
di_1062,M40237,M40237c,colon,Colubridae: (Diadophis sp.?),Colubridae,22,,,,,
di_1063,M40237,M40237c,colon,1 Feather - Pico-Passeriform,Pico-Passeriform,trace,,,,,
di_1064,M40237,M40237c,colon,Leporidae: Sylvilagus sp.,Sylvilagus sp.,38,,,,,
di_1065,M40237,M40237c,colon,"1 Tick, probably from self or prey",tick,,,,,,
di_1066,M40237,M40238s,stomach,hair & flesh of Odocoileus sp. (carrion),Odocoileus sp.,,,,,,
di_1067,M40238,M40238s,stomach,debris (non-food item),debris,,,,,,
di_1068,M40238,M40238si,small intestine,Orthoptera,Orthoptera,,,,,,
di_1069,M40238,M40238si,small intestine,Scorpionida,Scorpionida,,,,,,
di_107,M39913,M39913c,colon,Chilopoda,Chilopoda,trace,,,,,
di_1070,M40238,M40238si,small intestine,Undet. Reptile scales,reptile,,,,,,
di_1071,M40238,M40238si,small intestine,hair of self ,self,,,,,,
di_1072,M40238,M40238si,small intestine,debris,debris,,,,,,
di_1073,M40238,M40238c,colon,Trioda sp.,Trioda sp.,,,,,,
di_1074,M40238,M40238c,colon,Morus sp. ,Morus sp. ,,,,,,
di_1075,M40238,M40238c,colon,Orthoptera: Blattidae,Blattidae,,,,,,
di_1076,M40238,M40238c,colon,Orthoptera: Tettigoniidae: Rhaphidophorinae,Rhaphidophorinae,,,,,,
di_1077,M40238,M40238c,colon,Orthoptera: Gryllidae,Gryllidae,5,,,,,
di_1078,M40238,M40238c,colon,Orthoptera; Acrididae,Acrididae,trace,,,,,
di_1079,M40238,M40238c,colon,1 Coleoptera: Tenebrionidae,Tenebrionidae,5,,,,,
di_108,M39913,M39913c,colon,Coleoptera,Coleoptera,trace,,,,,
di_1080,M40238,M40238c,colon,"1 Coleoptera, Scarabaeida: Phileurus sp. ",Phileurus sp.,19,,,,,
di_1081,M40238,M40238c,colon,1 Coleoptera: Scarabaeidae,Scarabaeidae,5,,,,,
di_1082,M40238,M40238c,colon,1 Coleoptera,Coleoptera,trace,,,,,
di_1083,M40238,M40238c,colon,Hymenoptera: Formicidae,Formicidae,5,,,,,
di_1084,M40238,M40238c,colon,Lepidoptera: Larva & Adult,Lepidoptera,trace,,,,,
di_1085,M40238,M40238c,colon,Scorpionida,Scorpionida,46,,,,,
di_1086,M40238,M40238c,colon,Colubridae: Scales and body section,Colubridae,trace,,,,,
di_1087,M40238,M40238c,colon,hair of self,self,1,,,,,
di_1088,M40238,M40238c,colon,debris (leaf & Juniperus twig tips),debris,trace,,,,,
di_1089,M40238,M40239s,stomach,"Cricetinae, probably Peromyscus",Cricetinae,100,,,,,
di_109,M39913,M39913c,colon,Juniperus sp. seeds,Juniperus sp. ,50,,,,seed,
di_1090,M40239,M40239s,stomach,plant debris,debris,0.2 cc,,,,,
di_1091,M40239,M40239si,small intestine,Araneida,Araneida,trace,,,,,
di_1092,M40239,M40239si,small intestine,"hair of Cricetinae, prob Peromyscus",,100,,,,,
di_1093,M40239,M40239si,small intestine,hair of self,self,0.6 cc,,,,,
di_1094,M40239,M40239si,small intestine,woody debris,debris,0.1 cc,,,,,
di_1095,M40239,M40239c,colon,"Hymenoptera, Vespidae: Polistes sp.",Polistes sp.,25,,,,,
di_1096,M40239,M40239c,colon,Teiidae: Cnemidophorus sexlineatus,Cnemidophorus sexlineatus,5,,,,,
di_1097,M40239,M40239c,colon,Cricetina: Peromyscus sp.,Peromyscus sp.,70,,,,,
di_1098,M40239,M40240s,stomach,Acrididae,Acrididae,35,,,,,
di_1099,M40240,M40240s,stomach,Blattidae,Blattidae,40,,,,,
di_110,M39913,M39913c,colon,Ortoptera (including the forms listed below),Orthoptera,part of 50,,,,,
di_1100,M40240,M40240s,stomach,Lepidoptera: larvae,Lepidoptera,20,,,,,
di_1101,M40240,M40240s,stomach,Araneida,Araneida,5,,,,,
di_1102,M40240,M40240si,small intestine,Blattidae (fragments of above),Blattidae,33,,,,,
di_1103,M40240,M40240si,small intestine,Acrididae (fragments of above),Acrididae,33,,,,,
di_1104,M40240,M40240si,small intestine,Lepidoptera larva (fragments of above,Lepidoptera,34,,,,,
di_1105,M40240,M40240si,small intestine,Bassariscus hair,Bassariscus,trace,,,,,
di_1106,M40240,M40241s,stomach,Sylvilagus sp.,Sylvilagus sp.,100,,,,,
di_1107,M40241,M40241si,small intestine,Sylvilagus sp.,Sylvilagus sp.,100,,,,,
di_1108,M40241,M40241si,small intestine,B. astutus hair,B. astutus,,,,,,
di_1109,M40241,M40241c,colon,Araneida,Araneida,trace,,,,,
di_111,M39913,M39913c,colon,Neoconocephalus sp.,Neoconocephalus sp.,part of 50,,,,,
di_1110,M40241,M40241c,colon,Sylvilagus sp. (juv.),Sylvilagus sp.,100,,,,juvenile,
di_1111,M40241,M40242s,stomach,Sylvilagus floridanus (juv.),Sylvilagus floridanus,100,,,,juvenile,
di_1112,M40242,M40242si,small intestine,Sylvilagus floridanus (juv.),Sylvilagus floridanus,100,,,,juvenile,
di_1113,M40242,M40242c,colon,"Coleoptera, Tenebrionidae: Eleodes tricostata ",Eleodes tricostata,trace,,,,,
di_1114,M40242,M40242c,colon,Sylvilagus floridanus (juv.),Sylvilagus floridanus,100,,,,juvenile,
di_1115,M40242,M40658s,stomach,debris,debris,0.4 cc,,,,,
di_1116,M40658,M40658s,stomach,hair of self,self,trace,,,,,
di_1117,M40658,M40658si,small intestine,debris,debris,0.6 cc,,,,,
di_1118,M40658,M40658si,small intestine,hair of self,self,trace,,,,,
di_1119,M40658,M40658c,colon,Araneida,Araneida,trace,,,,,
di_112,M39913,M39913c,colon,Rhaphidophorinae,Rhaphidophorinae,part of 50,,,,,
di_1120,M40658,M40658c,colon,Acrididae,Acrididae,7,,,,,
di_1121,M40658,M40658c,colon,"Phalaenidae, larvae",Phalaenida,66,,,,,
di_1122,M40658,M40658c,colon,Sceloporus sp.,Sceloporus sp.,27,,,,,
di_1123,M40658,M40658c,colon,debris,debris,part of 15.3 cc,,,,,
di_1124,M40658,M40658c,colon,hair & claws of self,self,part of 15.3 cc,,,,,
di_1125,M40658,M40816s,stomach,debris,debris,part of 0.2 cc,,,,,
di_1126,M40816,M40816s,stomach,hair of self,self,part of 0.2 cc,,,,,
di_1127,M40816,M40816si,small intestine,debris,debris,part of 1.0 cc,,,,,
di_1128,M40816,M40816si,small intestine,hair of self,self,part of 1.0 cc,,,,,
di_1129,M40816,M40816si,colon,debris,debris,0.3 cc,,,,,
di_113,M39913,M39913c,colon,Gryllidae,Gryllidae,part of 50,,,,,
di_1130,M40816,M40816si,colon,hair of self,self,2.5 cc,,,,,
di_1131,M40816,M40816si,colon,Ceuthophilus sp.,Ceuthophilus sp.,100,,,,,
di_1132,M40816,M40817s,stomach,"claw, hair, and toe of self",self,part of 4.5 cc,,,,,
di_1133,M40817,M40817s,stomach,debris,debris,part of 4.5 cc,,,,,
di_1134,M40817,M40817si,small intestine,Leporidae,Leporidae,100,,,,,
di_1135,M40817,M40817si,small intestine,debris,debris,part of 1.5 cc,,,,,
di_1136,M40817,M40817si,small intestine,hair of self,self,part of 1.5 cc,,,,,
di_1137,M40817,M40817c,colon,Phoradendron sp.,Phoradendron sp.,1,,,,,
di_1138,M40817,M40817c,colon,Leporidae,Leporidae,99,,,,,
di_1139,M40817,M40817c,colon,debris,debris,part of 1.0 cc,,,,,
di_114,M39913,M39913c,colon,woody debris,debris,3 cc,,,,,
di_1140,M40817,M40817c,colon,hair of self,self,part of 1.0 cc,,,,,
di_1141,M40817,M40818s,stomach,Neotoma sp.,Neotoma sp.,95,,,,,
di_1142,M40818,M40818s,stomach,Leporidae,Leporidae,5,,,,,
di_1143,M40818,M40818s,stomach,debris,debris,0.2 cc,,,,,
di_1144,M40818,M40818si,small intestine,Neotoma sp.,Neotoma sp.,100,,,,,
di_1145,M40818,M40818c,colon,Neotoma sp.,Neotoma sp.,99,,,,,
di_1146,M40818,M40818c,colon,Lepidoptera larva,Lepidoptera,1,,,,larva,
di_1147,M40818,M40819si,small intestine,"Passeriformes, prob. Fringillidae",Passeriformes,100,,,,,
di_1148,M40819,M40819c,colon,Fragment of leg of undetermined insect,insect,trace,,,,,
di_1149,M40819,M40819c,colon,"Passeriformes, prob. Fringillidae",Passeriformes,100,,,,,
di_115,M39914,M39914s,stomach,Neoconocephalus sp. ,Neoconocephalus sp. ,60,,,,,
di_1150,M40819,M40820s,stomach,debris,debris,part of 0.2 cc,,,,,
di_1151,M40820,M40820s,stomach,hair of self,self,part of 0.2 cc,,,,,
di_1152,M40820,M40821s,stomach,debris,debris,part of 6.0 cc,,,,,
di_1153,M40821,M40821s,stomach,"hair, claws, bones of self",self,part of 6.0 cc,,,,,
di_1154,M40821,M40821s,stomach,Formicidae,Formicidae,50,,,,,
di_1155,M40821,M40821s,stomach,Undet. insect material,insect,50,,,,,
di_1156,M40821,M40821si,small intestine,debris,debris,trace,,,,,
di_1157,M40821,M40821si,small intestine,hair of self,self,trace,,,,,
di_1158,M40821,M40821c,colon,debris,debris,trace,,,,,
di_1159,M40821,M40821c,colon,hair of self,self,trace,,,,,
di_116,M39914,M39914s,stomach,Gryllus assimilis ,Gryllus assimilis ,6,,,,,
di_1160,M40821,M40822s,stomach,Coleoptera ,Coleoptera ,trace,,,,,
di_1161,M40822,M40822s,stomach,Odocoileus virginianus hair,Odocoileus virginianus,trace,,,,,
di_1162,M40822,M40822s,stomach,debris,debris,part of 0.3 cc,,,,,
di_1163,M40822,M40822s,stomach,hair of self,self,part of 0.3 cc,,,,,
di_1164,M40822,M40822c,colon,debris,debris,trace,,,,,
di_1165,M40822,M40823si,small intestine,debris,debris,part of 2.5 cc,,,,,
di_1166,M40823,M40823si,small intestine,hair of self,self,part of 2.5 cc,,,,,
di_1167,M40823,M40823c,colon,Undetermined fruit skin,fruit,trace,,,,,
di_1168,M40823,M40823c,colon,Tettigoniidae,Tettigoniidae,5,,,,,
di_1169,M40823,M40823c,colon,Gryllus assimilis ,Gryllus assimilis ,trace,,,,,
di_117,M39914,M39914s,stomach,Phalaenidae larvae,Phalaenidae,2,,,,larvae,
di_1170,M40823,M40823c,colon,Lepidoptera,Lepidoptera,trace,,,,,
di_1171,M40823,M40823c,colon,Lepidoptera larvae,Lepidoptera,95,,,,larvae,
di_1172,M40823,M40823c,colon,debris,debris,part of 1.5 cc,,,,,
di_1173,M40823,M40823c,colon,hair of self,self,part of 1.5 cc,,,,,
di_1174,M40823,M40824s,stomach,Lepidoptera larvae,,100,,,,,
di_1175,M40824,M40824s,stomach,Araneida,,trace,,,,,
di_1176,M40824,M40824s,stomach,debris,,0.2 cc,,,,,
di_1177,M40824,M40824si,small intestine,Lepidoptera larvae,,100,,,,,
di_1178,M40824,M40824si,small intestine,Lepidoptera,,trace,,,,,
di_1179,M40824,M40824si,small intestine,Araneida,,trace,,,,,
di_118,M39914,M39914s,stomach,Araneida,Araneida,2,,,,,
di_1180,M40824,M40824si,small intestine,debris,,0.3 cc,,,,,
di_1181,M40824,M40824c,colon,Acrididae,,trace,,,,,
di_1182,M40824,M40824c,colon,Lepidoptera larvae,,100,,,,,
di_1183,M40824,M40824c,colon,debris,,0.5 cc,,,,,
di_119,M39914,M39914s,stomach,Chilopoda,Chilopoda,30,,,,,
di_120,M39914,M39914s,stomach,woody material,material,trace,,,,fruit,
di_121,M39914,M39914s,stomach,sand,sand,trace,,,,,
di_122,M39914,M39914si,small intestine,Neoconocephalus sp. ,Neoconocephalus sp. ,95,,,,,
di_123,M39914,M39914si,small intestine,Gryllus assimilis ,Gryllus assimilis ,5,,,,,
di_124,M39914,M39914si,small intestine,woody material,material,part of 3 cc,,,,,
di_125,M39914,M39914si,small intestine,sand,sand,part of 3 cc,,,,,
di_126,M39914,M39914c,colon,Neoconocephalus sp. ,Neoconocephalus sp. ,26,,,,,
di_127,M39914,M39914c,colon,Phalaenidae,Phalaenidae,2,,,,larvae,
di_128,M39914,M39914c,colon,Chilopoda,Chilopoda,2,,,,,
di_129,M39914,M39914c,colon,Juniperus sp. fruit,Juniperus sp. ,70,,,,fruit,
di_130,M39914,M39914c,colon,woody material,material,part of 3 cc,,,,,
di_131,M39914,M39914c,colon,sand,sand,part of 3 cc,,,,,
di_132,M39915,M39915s,stomach,Gryllus assimilis ,Gryllus assimilis ,50,,,,,
di_133,M39915,M39915s,stomach,Acrididae,Acrididae,20,,,,,
di_134,M39915,M39915s,stomach,Tettigoniidae,Tettigoniidae,20,,,,,
di_135,M39915,M39915s,stomach,Pentatomidae,Pentatomidae,10,,,,,
di_136,M39915,M39915si,small intestine,Gryllus assimilis ,Gryllus assimilis ,1,,,,,
di_137,M39915,M39915si,small intestine,Tettigoniidae,Tettigoniidae,2,,,,,
di_138,M39915,M39915si,small intestine,Pentatomidae,Pentatomidae,10,,,,,
di_139,M39915,M39915si,small intestine,Rhaphidophorinae,Rhaphidophorinae,30,,,,,
di_140,M39915,M39915si,small intestine,Mantidae: egg case,Mantidae,20,,,,egg,
di_141,M39915,M39915si,small intestine,Chilopoda,Chilopoda,6,,,,,
di_142,M39915,M39915si,small intestine,Chiroptera: hair and teeth,Chiroptera,30,,,,,
di_143,M39915,M39915si,small intestine,Juniperus sp. fruit,Juniperus sp.,1,,,,fruit,
di_144,M39915,M39915c,colon,Tettigoniidae,Tettigoniidae,5,,,,,
di_145,M39915,M39915c,colon,Juniperus sp. fruit,Juniperus sp.,95,,,,fruit,
di_146,M39916,M39916s,stomach,Chilopoda,Chilopoda,95,,,,,
di_147,M39916,M39916s,stomach,Araneida,Araneida,5,,,,,
di_148,M39916,M39916s,stomach,Bassariscus foot and hair,Bassaricus,9.5 cc,,,,,
di_149,M39916,M39916si,small intestine,Chilopoda,Chilopoda,60,,,,,
di_150,M39916,M39916si,small intestine,undet. Insecta,Insecta,40,,,,,
di_151,M39916,M39916si,small intestine,Bassariscus hair and digital parts,Bassaricus,2.5 cc,,,,,
di_152,M39916,M39916c,colon,Chiroptera: hair,Chiroptera,5,,,,,
di_153,M39916,M39916c,colon,Chilopoda,Chilopoda,trace,,,,,
di_154,M39916,M39916c,colon,undet. Insecta,Insecta,trace,,,,,
di_155,M39916,M39916c,colon,Gryllidae,Gryllidae,trace,,,,,
di_156,M39916,M39916c,colon,Juniperus sp. fruit,Juniperus sp.,95,,,,fruit,
di_157,M39917,M39917s,stomach,Tettigoniidae,Tettigoniidae,25,,,,,
di_158,M39917,M39917s,stomach,Gryllus assimilis ,Gryllus assimilis ,5,,,,,
di_159,M39917,M39917s,stomach,Tenebrionidae,Tenebrionidae,5,,,,,
di_160,M39917,M39917s,stomach,Araneida,Araneida,5,,,,,
di_161,M39917,M39917s,stomach,Scorpionida,Scorpionida,5,,,,,
di_162,M39917,M39917s,stomach,Mammalia: Cricetinae hair,Cricetinae,50,,,,,
di_163,M39917,M39917s,stomach,undet. fruit,fruit,5,,,,,
di_164,M39917,M39917s,stomach,cottony material,material,3 cc,,,,,
di_165,M39917,M39917s,stomach,Bassariscus hair,Bassariscus,trace,,,,,
di_166,M39917,M39917si,small intestine,Orthoptera,Orthoptera,trace,,,,,
di_167,M39917,M39917si,small intestine,Tenebrionidae,Tenebrionidae,5,,,,,
di_168,M39917,M39917si,small intestine,Araneida,Araneida,5,,,,,
di_169,M39917,M39917si,small intestine,Scorpionida,Scorpionida,5,,,,,
di_170,M39917,M39917si,small intestine,Mammalia: Cricetinae hair,Cricetinae,85,,,,,
di_171,M39917,M39917si,small intestine,cottony material ,material,trace ,,,,,
di_172,M39917,M39917si,small intestine,woody debris ,debris,3.0 cc,,,,,
di_173,M39917,M39917si,small intestine,Bassariscus hair,Bassariscus,trace ,,,,,
di_174,M39918,M39918s,stomach,woody debris ,debris,trace,,,,,
di_175,M39918,M39918c,colon,Celtis sp. fruit,Celtis sp. ,50,,,,fruit,
di_176,M39918,M39918c,colon,Sigmodon hispidus: digital parts,Sigmodon hispidus,50,,,,,
di_177,M39918,M39918c,colon,Bassaricus hair and digital parts,Bassaricus,present,,,,,
di_178,M39919,M39919s,stomach,woody trap debris,debris,present,,,,,
di_179,M39919,M39919si,small intestine,trap debris,debris,present,,,,,
di_180,M39919,M39919c,colon,Celtis sp.: fruit,Celtis sp.,25,,,,fruit,
di_181,M39919,M39919c,colon,Cricetinae hair,Cricetinae,50,,,,,
di_182,M39920,M39920s,stomach,Aves:Turdus migratorius,Turdus migratorius,100,,,,,
di_183,M39920,M39920s,stomach,Celtis sp. fruit,Celtis sp.,trace,,,,fruit,
di_184,M39920,M39920si,small intestine,Aves:Turdus migratorius,Turdus migratorius,100,,,,,
di_185,M39920,M39920si,small intestine,Celtis sp. fruit,Celtis sp.,trace,,,,fruit,
di_186,M39920,M39920c,colon,Aves:Turdus migratorius,Turdus migratorius,100,,,,,
di_187,M39921,M39921s,stomach,Sylvilagus sp. (hair & bone frags),Sylvilagus sp.,100,,,,,
di_188,M39921,M39921si,small intestine,Sylvilagus sp. (hair & bone frags),Sylvilagus sp.,100,,,,,
di_189,M39921,M39921c,colon,Sylvilagus sp. (hair & bone frags),Sylvilagus sp.,100,,,,,
di_190,M39922,M39922s,stomach,Phalaenidae larvae,Phalaenidae,10,,,,larvae,
di_191,M39922,M39922s,stomach,Juniperus sp. fruit,Juniperus sp.,90,,,,fruit,
di_192,M39922,M39922si,small intestine,Juniperus sp. fruit,Juniperus sp.,100,,,,fruit,
di_193,M39922,M39922c,colon,Juniperus sp. fruit,Juniperus sp. ,95,,,,fruit,
di_194,M39922,M39922c,colon,Sylvilagus sp.:hair,Sylvilagus sp.,5,,,,,
di_195,M39923,M39923s,stomach,trap debris,debris,trace,,,,,
di_196,M39923,M39923si,small intestine,trap debris,debris,trace,,,,,
di_197,M39923,M39923c,colon,"Cricetinae hair, prob. Sigmodon",Cricetinae ,100,,,,,
di_198,M39924,M39924si,small intestine,woody trap debris,debris,1 cc,,,,,
di_199,M39924,M39924c,colon,woody trap debris,debris,0.5 cc,,,,,
di_200,M39925,M39925s,stomach,Tettigoniidae framents,Tettigoniidae,100,,,,,
di_201,M39925,M39925s,stomach,woody debris,debris,part of 2 cc,,,,,
di_202,M39925,M39925s,stomach,Bassariscus hair and digits,Bassariscus,part of 2 cc,,,,,
di_203,M39925,M39925si,small intestine,Tettigoniidae framents,Tettigoniidae,50,,,,,
di_204,M39925,M39925si,small intestine,Juniperus sp.seed,Juniperus sp.,50,,,,seed,
di_205,M39925,M39925si,small intestine,woody debris,debris,1 cc,,,,,
di_206,M39925,M39925c,colon,Juniperus sp. seeds,Juniperus sp.,50,,,,seed,
di_207,M39925,M39925c,colon,Neoconocephalus sp. ,Neoconocephalus sp. ,25,,,,,
di_208,M39925,M39925c,colon,Phalaenidae larva,Phalaenidae,25,,,,larva,
di_209,M39925,M39925c,colon,Coleoptera,Coleoptera,trace,,,,,
di_210,M39925,M39925c,colon,debris,debris,trace,,,,,
di_211,M39926,M39926s,stomach,Passeriformes feathers,Passeriformes,100,,,,,
di_212,M39926,M39926si,small intestine,Passeriformes feathers,Passeriformes,100,,,,,
di_213,M39926,M39926c,colon,Passeriformes feathers,Passeriformes,10,,,,,
di_214,M39926,M39926c,colon,Juniperus sp. fruit,Juniperus sp.,trace,,,,fruit,
di_215,M39927,M39927s,stomach,trap debris,debris,part of 2 cc,,,,,
di_216,M39927,M39927s,stomach,Bassariscus digits,Bassariscus,part of 2 cc,,,,,
di_217,M39927,M39927si,small intestine,Sylvilagus sp.,Sylvilagus sp.,100,,,,,
di_218,M39927,M39927si,small intestine,debris,debris,trace,,,,,
di_219,M39927,M39927c,colon,Sylvilagus sp.,Sylvilagus sp.,100,,,,,
di_220,M39928,M39928s,stomach,Tettigoniidae,Tettigoniidae,100,,,,,
di_221,M39928,M39928c,colon,Tettigoniidae,Tettigoniidae,100,,,,,
di_222,M39928,M39928c,colon,Bassariscus hair,Bassariscus,present,,,,,
di_223,M39929,M39929s,stomach,Neotoma sp. ,Neotoma sp. ,100,,,,,
di_224,M39929,M39929s,stomach,Pesseriformes feather,Pesseriformes,trace,,,,,
di_225,M39929,M39929s,stomach,Celtis sp. fruit,Celtis sp.,trace,,,,fruit,
di_226,M39929,M39929si,small intestine,Neotoma sp. ,Neotoma sp. ,100,,,,,
di_227,M39929,M39929si,small intestine,Celtis sp. fruit,Celtis sp.,trace,,,,,
di_228,M39929,M39929c,colon,Neotoma sp. ,Neotoma sp. ,98,,,,,
di_229,M39929,M39929c,colon,Lacertilia,Lacertilia,2,,,,,
di_230,M39929,M39929c,colon,"Aves feather, much worn",Aves,trace,,,,,
di_231,M39929,M39929c,colon,Celtis sp. fruit,Celtis sp.,trace,,,,,
di_232,M39929,M39929c,colon,Decticinae,Decticinae,trace,,,,,
di_233,M39929,M39929c,colon,Acrididae,Acrididae,trace,,,,,
di_234,M39930,M39930si,small intestine,trap debris,debris,,,,,,
di_235,M39930,M39930si,colon,Celtis sp. fruit,Celtis sp.,100,,,,fruit,
di_236,M39931,M39931s,stomach,woody debris,debris,2 cc,,,,,
di_237,M39931,M39931si,small intestine,Celtis sp. fruit,Celtis sp.,,,,,,
di_238,M39931,M39931si,small intestine,Sigmodon hispidus hair,Sigmodon hispidus ,,,,,,
di_239,M39931,M39931si,small intestine,woody debris,debris,,,,,,
di_240,M39931,M39931c,colon,Celtis sp.,Celtis sp.,,,,,,
di_241,M39931,M39931c,colon,Sigmodon hispidus hair,Sigmodon hispidus ,,,,,,
di_242,M39932,M39932s,stomach,trap debris,debris,part of 0.5 cc,,,,,
di_243,M39932,M39932s,stomach,Bassariscus digital parts,Bassarsicus,part of 0.5 cc,,,,,
di_244,M39932,M39932si,small intestine,trap debris,,part of 0.25 cc,,,,,
di_245,M39932,M39932si,small intestine,Bassariscus digital parts,Bassarsicus,part of 0.25 cc,,,,,
di_246,M39932,M39932c,colon,"trap derbis (sand, wood, etc.)",debris,1 cc,,,,,
di_247,M39932,M39933s,stomach,Mammalia: Cricetinae hair,Cricetinae,25,,,,,
di_248,M39933,M39933s,stomach,Reptilia:Lacertilia scales,Lacertilia,2,,,,,
di_249,M39933,M39933s,stomach,Orthoptera:Neoconocephalus sp.,Neoconocephalus sp. ,6,,,,,
di_250,M39933,M39933s,stomach,Orthoptera:Acrididae,Acrididae,3,,,,,
di_251,M39933,M39933s,stomach,Orthoptera:Gryllus asimilis,Gryllus assimilis,2,,,,,
di_252,M39933,M39933s,stomach,Odonata:Anisoptera,Anisoptera,6,,,,,
di_253,M39933,M39933s,stomach,Hymenoptera,Hymenoptera,6,,,,,
di_254,M39933,M39933s,stomach,Plant mat.: Celtis sp. fruit,Celtis sp.,50,,,,fruit,
di_255,M39933,M39933s,stomach,Bassariscus digital parts,Bassariscus,3 cc,,,,,
di_256,M39933,M39933si,small intestine,Orthoptera:Neoconocephalus sp.,Neoconocephalus sp. ,5,,,,,
di_257,M39933,M39933si,small intestine,Orthoptera:Gryllus asimilis,Gryllus assimilis,5,,,,,
di_258,M39933,M39933si,small intestine,Hymenoptera,Hymenoptera,10,,,,,
di_259,M39933,M39933si,small intestine,Plant mat.: Celtis sp. fruit,Celtis sp.,80,,,,fruit,
di_260,M39933,M39933c,colon,Orthoptera:Tettigoniidae,Tettigoniidae,trace,,,,,
di_261,M39933,M39933c,colon,Orthoptera:Acrididae,Arididae,trace,,,,,
di_262,M39933,M39933c,colon,Hymenoptera,Hymenoptera,trace,,,,,
di_263,M39933,M39933c,colon,Plant mat.: Celtis sp. fruit,Celtis sp.,100,,,,fruit,
di_264,M39933,M39933c,colon,Plant mat:Phoradendron sp. seed,Phoradendron sp.,trace,,,,seed,
di_265,M39933,M39934s,stomach,trap debris,debris,trace,,,,,
di_266,M39934,M39934si,intestine,sand,sand,part of 5 cc,,,,,
di_267,M39934,M39934si,intestine,debris,debris,part of 5 cc,,,,,
di_268,M39934,M39934c,colon,Celtis sp. fruit,Celtis sp. ,90,,,,fruit,
di_269,M39934,M39934c,colon,Feathers: Passeriformes or Piciformes,,10,,,,,
di_270,M39934,M39934c,colon,Acrididae,Acrididae,trace,,,,,
di_271,M39934,M39934c,colon,Coleoptera,Coleoptera,trace,,,,,
di_272,M39934,M39934c,colon,trap debris,debris,3 cc,,,,,
di_273,M39934,M39935s,stomach,Aves feathers:prob. Cyanocetta cristata (det. R.E.S.),Aves,100,,,,,
di_274,M39935,M39935s,stomach,debris,debris,2 cc,,,,,
di_275,M39935,M39935si,small intestine,woody debris,debris,1 cc,,,,,
di_276,M39935,M39935c,colon,Aves feathers:prob. Cyanocetta cristata (det. R.E.S.),Aves,trace,,,,,
di_277,M39935,M39935c,colon,Sylvilagus sp. hair,Sylvilagus sp.,100,,,,,
di_278,M39935,M39935c,colon,woody debris,debris,1 cc,,,,,
di_279,M39935,M39936s,stomach,Mammalia:Sylvilagus sp.,Sylvilagus sp.,100,,,,,
di_280,M39936,M39936s,stomach,Orthoptera,Orthoptera,trace,,,,,
di_281,M39936,M39936si,small intestine,Aves:Passeriformes feathers,Passeriformes,2,,,,,
di_282,M39936,M39936si,small intestine,"Mammalia:bone frags, prob. Sylvilagus sp.",Mammalia,90,,,,,
di_283,M39936,M39936si,small intestine,Arachnida:Araneida,Araneida,2,,,,,
di_284,M39936,M39936si,small intestine,Orthoptera:Rhaphidophorinae,Rhaphidophorinae,2,,,,,
di_285,M39936,M39936si,small intestine,Orthoptera:Acrididae,Acrididae,2,,,,,
di_286,M39936,M39936si,small intestine,Orthoptera:Gryllidae,Gryllidae,2,,,,,
di_287,M39936,M39936si,small intestine,Coleoptera,Coleoptera,trace,,,,,
di_288,M39936,M39936c,colon,Aves:Passeriformes feathers,Passeriformes,2,,,,,
di_289,M39936,M39936c,colon,"Mammalia:Cricetinae hair, bone frags.",Cricetinae,80,,,,,
di_290,M39936,M39936c,colon,Arachnida:Araneida,Araneida,3,,,,,
di_291,M39936,M39936c,colon,Orthoptera:Rhaphidophorinae,Rhaphidophorinae,3,,,,,
di_292,M39936,M39936c,colon,Coleoptera:(Carabidae in colon),Carabidae,2,,,,,
di_293,M39936,M39936c,colon,Plant. Mat.:Celtis sp. fruit,Celtis sp.,10,,,,fruit,
di_294,M39936,M39937s,stomach,Aves:Dendroica palmarum (det. R.E.S.),Dendroica palmarum,100,,,,,
di_295,M39937,M39937si,small intestine,Aves:Dendroica palmarum (det. R.E.S.),Dendroica palmarum,100,,,,,
di_296,M39937,M39937si,small intestine,Bassariscus claws,Bassariscus,trace,,,,,
di_297,M39937,M39937si,small intestine,debris,debris,trace,,,,,
di_298,M39937,M39937c,colon,Aves:Dendroica palmarum (det. R.E.S.),Dendroica palmarum,80,,,,,
di_299,M39937,M39937c,colon,Juniperus sp.,Juniperus sp.,20,,,,,
di_300,M39937,M39937c,colon,Phalaenidae larva,Phalaenidae,trace,,,,larva,
di_301,M39937,M39937c,colon,Bassariscus hair,Bassariscus,trace,,,,,
di_302,M39937,M39938s,stomach,"Bassariscus claws, digital parts, hair",Bassariscus,part of 10 cc,,,,,
di_303,M39938,M39938s,stomach,woody debris,debris,part of 10 cc,,,,,
di_304,M39938,M39938si,small intestine,Bassariscus hair,Bassariscus,trace,,,,,
di_305,M39938,M39938si,small intestine,woody debris,debris,3 cc,,,,,
di_306,M39938,M39938c,colon,woody debris,debris,7 cc,,,,,
di_307,M39938,M39939s,stomach,"Citellus sp. (hair, 1 bone frag.)",Citellus sp.,100,,,,,
di_308,M39939,M39939si,small intestine,"Citellus sp. (hair, 1 bone frag.)",Citellus sp.,100,,,,,
di_309,M39939,M39939si,small intestine,Juniperus sp.,Juniperus sp.,trace,,,,,
di_310,M39939,M39939c,colon,"bone frag., prob Citellus sp.",,2,,,,,
di_311,M39939,M39939c,colon,Juniperus sp.,Juniperus sp.,80,,,,,
di_312,M39939,M39939c,colon,Phalaenidae larvae,Phalaenidae,10,,,,larvae,
di_313,M39939,M39939c,colon,other Insecta (2 species Lepidoptera adults and eggs),Lepidoptera,part of 8%,,,,eggs; adult,
di_314,M39939,M39939c,colon,other Insecta (Tettigonidae),Tettigoniidae,part of 8%,,,,,
di_315,M39939,M39939c,colon,other Insecta (Acrididae),Acrididae,part of 8%,,,,,
di_316,M39939,M39939c,colon,other Insecta (Gryllidae),Gryllidae,part of 8%,,,,,
di_317,M39939,M39939c,colon,other Insecta (Coleoptera),Coleoptera,part of 8%,,,,,
di_318,M39939,M39940s,stomach,Mammalia:Cricetinae hair,Cricetinae,100,,,,,
di_319,M39940,M39940s,stomach,Plant mat.:Celtis sp. seed,Celtis sp.,trace,,,,seed,
di_320,M39940,M39940s,stomach,debris,debris,0.5 cc,,,,,
di_321,M39940,M39940si,small intestine,debris,debris,trace,,,,,
di_322,M39940,M39940c,colon,Mammalia:Leporidae hair,Leporidae,100,,,,,
di_323,M39940,M39940c,colon,debris,debris,0.5 cc,,,,,
di_324,M39940,M39941s,stomach,trap debris,debris,trace,,,,,
di_325,M39941,M39941si,small intestine,trap debris,debris,1 cc ,,,,,
di_326,M39941,M39941c,colon,trap debris,debris,1 cc,,,,,
di_327,M39941,M39942si,small intestine,trap debris,debris,2 cc,,,,,
di_328,M39942,M39942c,colon,Phoradendron sp. fruit,Phoradendron sp.,100,,,,fruit,
di_329,M39942,M39942c,colon,"hair, prob. Bassariscus",,1 cc,,,,,
di_330,M39942,M39943s,stomach,Celtis sp. fruit,Celtis sp.,100,,,,fruit,
di_331,M39943,M39943s,stomach,woody debris,debris,3 cc,,,,,
di_332,M39943,M39943si,small intestine,Celtis sp. fruit,Celtis sp.,100,,,,fruit,
di_333,M39943,M39943si,small intestine,woody debris,debris,2 cc,,,,,
di_334,M39943,M39943c,colon,Celtis sp. fruit,Celtis sp.,100,,,,fruit,
di_335,M39943,M39943c,colon,woody debris,debris,2 cc,,,,,
di_336,M39943,M39944s,stomach,1 Phoradendron sp. seed,Phorandendron sp.,100,,,,seed,
di_337,M39944,M39944si,small intestine,Orthoptera fragments,Orthoptera,100,,,,,
di_338,M39944,M39944si,small intestine,Bassariscus hair,Bassariscus,0.5 cc,,,,,
di_339,M39944,M39944c,colon,Orthoptera fragments,Orthoptera,100,,,,,
di_340,M39944,M39944c,colon,sand,sand,part of 1 cc,,,,,
di_341,M39944,M39944c,colon,debris,debris,part of 1 cc,,,,,
di_342,M39944,M39944c,colon,Bassariscus hair,Bassariscus,part of 1 cc,,,,,
di_343,M39944,M39945s,stomach,Neoconcephalus sp.(Tettigoniidae),Neoconcephalus sp.,100,,,,,
di_344,M39945,M39945s,stomach,Conocephalus sp. (Tettigoniidae),Conocephalus sp.,trace,,,,,
di_345,M39945,M39945s,stomach,Acrididae,Acrididae,trace,,,,,
di_346,M39945,M39945s,stomach,Celtis sp. fruit,Celtis sp.,trace,,,,fruit,
di_347,M39945,M39945s,stomach,Gramineae seeds,Gramineae,trace,,,,seeds,
di_348,M39945,M39945si,small intestine,Tettigoniidae,Tettigoniidae,80,,,,,
di_349,M39945,M39945si,small intestine,Acrididae,Acrididae,20,,,,,
di_350,M39945,M39945si,small intestine,Gramineae seeds,Gramineae,trace,,,,seeds,
di_351,M39945,M39945c,colon,Neoconcephalus sp.,Neoconcephalus sp.,85,,,,,
di_352,M39945,M39945c,colon,Conocephalus sp.,Conocephalus sp.,5,,,,,
di_353,M39945,M39945c,colon,Acrididae,Acrididae,10,,,,,
di_354,M39945,M39945c,colon,Gryllidae,Gryllidae,trace,,,,,
di_355,M39945,M39945c,colon,Coleoptera,Coleoptera,trace,,,,,
di_356,M39945,M39945c,colon,bone:radio-ulna of Salienta,Salientia,trace,,,,,
di_357,M39945,M39945c,colon,Gramineae seeds,Gramineae,trace,,,,seeds,
di_358,M39945,M39945c,colon,Celtis sp.,Celtis sp.,trace,,,,,
di_359,M39945,M39946s,stomach,Bassariscus hair,Bassariscus,part of 5 cc,,,,,
di_360,M39946,M39946s,stomach,woody debris,,part of 5 cc,,,,,
di_361,M39946,M39946si,small intestine,Bassariscus hair,Bassariscus,par of 1 cc,,,,,
di_362,M39946,M39946si,small intestine,,debris,par of 1 cc,,,,,
di_363,M39946,M39946c,colon,Juniperus sp.,Juniperus sp.,90,,,,,
di_364,M39946,M39946c,colon,Phalaenidae larva,Phalaenidae,10,,,,larva,
di_365,M39946,M39946c,colon,Bassariscus hair,Bassariscus,part of 5 cc,,,,,
di_366,M39946,M39946c,colon,debris,debris,part of 5 cc,,,,,
di_367,M39946,M40186s,stomach,Sciurus niger,Sciurus niger,100,,,,,
di_368,M40186,M40186s,stomach,Odiocoileus sp. hair,Odiocoileus sp.,trace,,,,,
di_369,M40186,M40186s,stomach,debris (leaves),debris,0.2 cc,,,,,
di_370,M40186,M40186si,small intestine,1 Juniperus sp. seed,Juniperus,2,,,,seed,
di_371,M40186,M40186si,small intestine,Sciurus niger,Sciurus niger,98,,,,,
di_372,M40186,M40186c,colon,Juniperus,Juniperus,15,,,,,
di_373,M40186,M40186c,colon,Orthoptera: Acrididae,Acrididae,4,,,,,
di_374,M40186,M40186c,colon,Lepidoptera larva,Lepidoptera,3,,,,larva,
di_375,M40186,M40186c,colon,Undet. Insect head,Insect,trace,,,,,
di_376,M40186,M40186c,colon,Scorpionida:Centruridae,Centuridae,6,,,,,
di_377,M40186,M40186c,colon,Chilopoda:Scolopendridae,Scolopendridae,2,,,,,
di_378,M40186,M40186c,colon,Sciurus niger (bones & hair),Sciurus niger,35,,,,,
di_379,M40186,M40186c,colon,Odiocoileus virginianus hair,Odiocoileus virginianus,35,,,,,
di_380,M40186,M40187s,stomach,Veg. debris,debris,2.0 cc,,,,,
di_381,M40187,M40187si,small intestine,Celtis sp.(skin),Celtis sp.,100,,,,,
di_382,M40187,M40187si,small intestine,Veg. debris,debris,4.1 cc,,,,,
di_383,M40187,M40188s,stomach,Foot and hair of self,self,1.6 cc,,,,,
di_384,M40188,M40188s,stomach,trap debris,debris,0.2 cc,,,,,
di_385,M40188,M40188si,small intestine,Foot and hair of self,self,2.1 cc,,,,,
di_386,M40188,M40188si,small intestine,trap debris,debris,0.6 cc,,,,,
di_387,M40188,M40188c,colon,Opuntia sp. seed,Opuntia sp.,trace,,,,seed,
di_388,M40188,M40188c,colon,Neotoma sp. hair,Neotoma sp.,100,,,,,
di_389,M40188,M40188c,colon,bone & claws of self,self,50,,,,,
di_390,M40188,M40188c,colon,debris,debris,50,,,,,
di_391,M40188,M40189s,stomach,"Sylvilagus sp. hair, bone, & fecal material",Sylvilagus sp.,100,,,,,
di_392,M40189,M40189si,small intestine,Chilopoda sp. ,Chilopoda sp. ,2,,,,,
di_393,M40189,M40189si,small intestine,hair & bone of Slyvilagus sp.,Sylvilagus sp.,98,,,,,
di_394,M40189,M40189c,colon,Phoradendron sp. ,Phoradendron sp. ,40,,,,,
di_395,M40189,M40189c,colon,"Orthoptera, Gryllacrididae: Ceuthopholus sp.",Ceuthopholus sp. ,trace,,,,,
di_396,M40189,M40189c,colon,"Orthoptera, Gryllidae: Gryllus assimilis",Gryllus assimilis,3,,,,,
di_397,M40189,M40189c,colon,"Orthoptera, Acrididae: Acridinae",Acridinae,4,,,,,
di_398,M40189,M40189c,colon,"Orthoptera, Acrididae: Oedopodinae",Oedopodinae,2,,,,,
di_399,M40189,M40189c,colon,Orthoptera: Acrididae,Acrididae,3,,,,,
di_400,M40189,M40189c,colon,Undet. Arthropod fragments,Arthropod,5,,,,,
di_401,M40189,M40189c,colon,"Hemiptera, Coreidae: Chelinidea vittiger",Chelinidea vittiger,3,,,,,
di_402,M40189,M40189c,colon,"Hymoptera, Formicidae: Eciton sp.",Eciton sp.,trace,,,,,
di_403,M40189,M40189c,colon,Chilopoda sp.,Chilopoda sp.,trace,,,,,
di_404,M40189,M40189c,colon,Sylvilagus sp. (hair & bones),Sylvilagus sp.,40,,,,,
di_405,M40189,M40190s,stomach,Celtis sp.,Celtis sp.,28,,,,,
di_406,M40190,M40190s,stomach,Odonata: Libellulidae: Libellulinae,Libellulinae,2,,,,,
di_407,M40190,M40190s,stomach,"Hymenoptera, Vespidae: Polistes sp.",Polistes sp.,trace,,,,,
di_408,M40190,M40190s,stomach,Small Passerine bird,Passerine,70,,,,,
di_409,M40190,M40190s,stomach,Sylvilagus sp. hair,Sylvilagus sp.,trace,,,,,
di_410,M40190,M40190si,small intestine,Celtis sp.,Celtis sp.,65,,,,,
di_411,M40190,M40190si,small intestine,"Hymenoptera, Vespidae: Polistes sp.",Polistes sp.,1,,,,,
di_412,M40190,M40190si,small intestine,Small Passerine bird,Passerine,34,,,,,
di_413,M40190,M40190si,small intestine,undetermined hairs,,trace,,,,,
di_414,M40190,M40190si,small intestine,hair of self,self,trace,Mammalia,,,,
di_415,M40190,M40190c,colon,Celtis sp.,Celtis sp.,80,,,,,
di_416,M40190,M40190c,colon,Small Passerine bird,Passerine,20,,,,,
di_417,M40190,M40191s,stomach,hair of self,self,0.8 cc,,,,,
di_418,M40191,M40191s,stomach,Veg. debris,debris,1.2 cc,,,,,
di_419,M40191,M40191si,small intestine,Celtis sp. skin,Celtis sp.,50,,,,,
di_420,M40191,M40191si,small intestine,Phoradendron sp. (seeds),Phoradendron sp.,50,,,,seeds,
di_421,M40191,M40191c,colon,Phoradendron sp.,Phoradendron sp.,100,,,,,
di_422,M40191,M40192s,stomach,Celtis sp. (skin),Celtis sp.,100,,,,,
di_423,M40192,M40192s,stomach,hair of self,self,trace,,,,,
di_424,M40192,M40192s,stomach,Veg. debris,debris,0.1 cc,,,,,
di_425,M40192,M40192si,small intestine,hair & flesh of self,self,0.9 cc,,,,,
di_426,M40192,M40192si,small intestine,Veg. debris,debris,trace,,,,,
di_427,M40192,M40192c,colon,Celtis sp. (skin),Celtis sp.,100,,,,,
di_428,M40192,M40192c,colon,"hair, claws & bones of self",self,1.2 cc,,,,,
di_429,M40192,M40192c,colon,Veg. debris,debris,trace,,,,,
di_430,M40192,M40193si,small intestine,Phoradendron sp.,Phoradendron sp.,98,,,,,
di_431,M40193,M40193si,small intestine,"Orthoptera, Acrididae: Acridinae",Acridinae,2,,,,,
di_432,M40193,M40193si,small intestine,"Hymenoptera, Formicidae",Formicidae,trace,,,,,
di_433,M40193,M40193si,small intestine,Veg. debris,debris,5.8 cc,,,,,
di_434,M40193,M40193c,colon,Phoradendron sp.,Phoradendron sp.,25,,,,,
di_435,M40193,M40193c,colon,Opuntia sp.,Opuntia sp.,15,,,,,
di_436,M40193,M40193c,colon,"Orthoptera, Acrididae: Cyrtacanthacrinae",Cyrtacanthacinae,2,,,,,
di_437,M40193,M40193c,colon,Lepidoptera larvae,Lepidoptera,trace,,,,larva,
di_438,M40193,M40193c,colon,Coleoptera: Carabidae,Carbidae,trace,,,,,
di_439,M40193,M40193c,colon,Diplopoda,Diplopoda,trace,,,,,
di_440,M40193,M40193c,colon,"Feathers, jaws of passerine bird",Passerine,58,,,,,
di_441,M40193,M40193c,colon,Veg. debris,debris,1.6 cc,,,,,
di_442,M40193,M40194s,stomach,Aphelocoma sp. (Corvidae),Aphelocoma sp.,50,,,,,
di_443,M40194,M40194s,stomach,Sciurus niger,Sciurus niger,50,,,,,
di_444,M40194,M40194si,small intestine,Aphelocoma sp. (Corvidae),Aphelocoma sp.,10,,,,,
di_445,M40194,M40194si,small intestine,Sciurus niger,Sciurus niger,80,,,,,
di_446,M40194,M40194si,small intestine,Perognathus sp.,Perognathus sp.,10,,,,,
di_447,M40194,M40194si,small intestine,debris,debris,trace,,,,,
di_448,M40194,M40194c,colon,Undet. fruit skin,fruit,trace,,,,fruit,
di_449,M40194,M40194c,colon,"Hymenoptera, Formicidae: Eciton sp.",Eciton sp.,trace,,,,,
di_450,M40194,M40194c,colon,Aphelocoma sp. (Corvidae),Aphelocoma sp.,10,,,,,
di_451,M40194,M40194c,colon,Sciurus niger,Sciurus niger,45,,,,,
di_452,M40194,M40194c,colon,Perognathus sp.,Perognathus sp.,45,,,,,
di_453,M40194,M40194c,colon,Odocoileus sp.,Odocoileus sp.,trace,,,,,
di_454,M40194,M40195si,small intestine,Sylvaligus sp.,Sylvaligus sp.,trace,,,,,
di_455,M40195,M40195si,small intestine,Odocoileus sp.,Odocoileus sp.,trace,,,,,
di_456,M40195,M40195si,small intestine,Animal debris (May be own flesh),animal,0.9,,,,,
di_457,M40195,M40195si,small intestine,hair of self,self,trace,,,,,
di_458,M40195,M40195c,colon,Phoradendron sp.,Phoradendron sp.,100,,,,,
di_459,M40195,M40195c,colon,Rhus copallina,Rhus copallina,trace,,,,,
di_460,M40195,M40195c,colon,Cactus needles (prob. debris),cactus,trace,,,,,
di_461,M40195,M40196s,stomach,Leporidae hair,,trace,,,,,
di_462,M40196,M40196s,stomach,hair like plant fiber,plant,trace,,,,,
di_463,M40196,M40196s,stomach,hair of self,self,trace,,,,,
di_464,M40196,M40196s,stomach,Veg. debris,debris,0.3 cc,,,,,
di_465,M40196,M40196si,small intestine,Odocoileus hair,Odocoileus,100,,,,,
di_466,M40196,M40196si,small intestine,"hair, bones, and tooth of self",self,0.4 cc,,,,,
di_467,M40196,M40196si,small intestine,trap debris,debris,3.6 cc,,,,,
di_468,M40196,M40196c,colon,Peromyscus sp. hair,Peromyscus sp. ,100,,,,,
di_469,M40196,M40196c,colon,Odocoileus sp. hair,Odocoileus sp.,trace,,,,,hair
di_470,M40196,M40196c,colon,hair & bone of self,self,trace,,,,,
di_471,M40196,M40196c,colon,Veg. debris,debris,1.2 cc,,,,,
di_472,M40196,M40197s,stomach,Juniperus sp.(seeds & skin),Juniperus sp.,15,,,,seed,
di_473,M40197,M40197s,stomach,Crotalidae: Agkistrodon sp. (prob. mokasen),Agkistrodon sp.,85,,,,,
di_474,M40197,M40197s,stomach,debris,debris,0.7 cc,,,,,
di_475,M40197,M40197si,small intestine,Juniperus sp.,,35,,,,,
di_476,M40197,M40197si,small intestine,Lepidoptera larva,Lepidoptera,5,,,,larva,
di_477,M40197,M40197si,small intestine,Agkistrodon sp. (prob. mokasen),Agkistrodon sp.,60,,,,,
di_478,M40197,M40197c,colon,Juniperus sp.,Juniperus sp.,30,,,,,
di_479,M40197,M40197c,colon,Lepidoptera: Heterocera,Heterocera,trace,,,,,
di_480,M40197,M40197c,colon,Lepidoptera: Noctuidae larvae (many with silk parasitic coccoons),Noctuidae,60,,,,larvae,
di_481,M40197,M40197c,colon,Coleoptera: Carabidae,Carabidae,1,,,,,
di_482,M40197,M40197c,colon,Coleoptera: Curculionidae,Curculionidae,trace,,,,,
di_483,M40197,M40197c,colon,Hymenoptera: Prob. Ichneumonidae,Hymenoptera,trace,,,,,
di_484,M40197,M40197c,colon,"Hymenoptera, Formicidae: Myrmicinae",Myrmicinae,trace,,,,,
di_485,M40197,M40197c,colon,Araneida,Araneida,trace,,,,,
di_486,M40197,M40197c,colon,Chilopoda,Chilopoda,3,,,,,
di_487,M40197,M40197c,colon,Crotalidae: Agkistrodon sp. (prob. mokasen),Agkistrodon sp.,5,,,,,
di_488,M40197,M40198s,stomach,Hemiptera: Pentatomidae,Pentatomidae,trace,,,,,
di_489,M40198,M40198s,stomach,Araneida,Araneida,trace,,,,,
di_490,M40198,M40198s,stomach,Mephitis hairs,Mephitis,trace,,,,,
di_491,M40198,M40198s,stomach,Veg. debris,debris,0.2 cc,,,,,
di_492,M40198,M40198si,small intestine,Undet. Arthropod fragments,Arthopod,4,,,,,fragments
di_493,M40198,M40198si,small intestine,Lepidoptera larvae,Lepidoptera,2,,,,larvae,
di_494,M40198,M40198si,small intestine,"Coleoptera, Scarabaeidae: Phyllophaga sp. (larva)",Phyllophaga sp.,2,,,,larvae,
di_495,M40198,M40198si,small intestine,"Hymenoptera, Formicidae: Eciton sp. ",Eciton sp.,1,,,,,
di_496,M40198,M40198si,small intestine,Hair of Mephistis sp. ,Mephetis sp.,91,,,,,hair
di_497,M40198,M40198si,small intestine,Odocoileus sp. hair,Odocoileus sp.,trace,,,,,hair
di_498,M40198,M40198si,small intestine,Veg. debris,debris,5.9 cc,,,,,
di_499,M40198,M40198c,colon,"Hemiptera, Pentatomidae: Fragments",Pentatomidae,100,,,,,
di_500,M40198,M40198c,colon,Veg. debris,debris,0.7 cc,,,,,
di_501,M40198,M40199s,stomach,Undet. hairs,,100,Mammalia,,,,
di_502,M40199,M40199s,stomach,hair of self,self,part of 2.2 cc,,,,,
di_503,M40199,M40199s,stomach,debris,debris,part of 2.2 cc,Bassariscus astutus,,,,
di_504,M40199,M40199si,small intestine,Elytra of two different Coleoptera,Coleoptera spp.,100,,,,,
di_505,M40199,M40199si,small intestine,debris,debris,2.0 cc,,,,,
di_506,M40199,M40199c,colon,5 Celtis sp. (fruit),Celtis sp.,100,,,,fruit,
di_507,M40199,M40199c,colon,Veg. debris,debris,2.8 cc,,,,,
di_508,M40199,M40200s,stomach,undetermined hairs,,100,,,,,
di_509,M40200,M40200s,stomach,trace hair of self,self,part of 0.4 cc,Mammalia,,,,
di_510,M40200,M40200s,stomach,mass of non-hair fibers,,part of 0.4 cc,,,,,
di_511,M40200,M40200si,small intestine,undetermined hair,,100,,,,,
di_512,M40200,M40200si,small intestine,Sylvilagus hair,Sylvilagus,trace,Mammalia,,,,
di_513,M40200,M40200si,small intestine,hair of self,self,trace,,,,,
di_514,M40200,M40200si,small intestine,Veg. debris,denros,3.2 cc,,,,,
di_515,M40200,M40200c,colon,"Lepidoptera larva, possibly Noctuidae",Lepidoptera,100,,,,larva,
di_516,M40200,M40201s,stomach,Odocoileus sp.,Odocoileus sp.,100,,,,,
di_517,M40201,M40201s,stomach,hair of self,self,,,,,,
di_518,M40201,M40201si,small intestine,Foot and hair of self,self,0.9 cc,,,,,
di_519,M40201,M40201c,colon,Phoradendron sp.,Phoradendron sp.,100,,,,,
di_520,M40201,M40201c,colon,hair of self,self,2.3 cc,,,,,
di_521,M40201,M40202s,stomach,Sciurus niger (apparently a nearly grown sub-adult),Sciurus niger,100,,,,sub-adult,
di_522,M40202,M40202s,stomach,paper,paper,0.1 cc,,,,,
di_523,M40202,M40202si,small intestine,"Orthoptera, Gryllidae: Gryllus assimilis",Gryllus assimilis,trace,,,,,
di_524,M40202,M40202si,small intestine,Sciurus niger (same as above),Sciurus niger,100,,,,sub-adult,
di_525,M40202,M40202c,colon,Celtis sp. (seeda & skin),Celtis sp.,25,,,,seed,
di_526,M40202,M40202c,colon,Orthoptera:Gryllidae,Gryllidae,trace,,,,,
di_527,M40202,M40202c,colon,Hymenoptera: Formicidae (head),Formicidae,trace,,,,,
di_528,M40202,M40202c,colon,Sciurus niger (same as in stom.),Sciurus niger,75,,,,,
di_529,M40202,M40203s,stomach,undet. non-game animal hair,animal,trace,,,,,
di_530,M40203,M40203s,stomach,hair of self,self,trace,,,,,
di_531,M40203,M40203s,stomach,animal debris (meat?),animal,1.0 cc,,,,,
di_532,M40203,M40203si,small intestine,Lepidoptera larvae,Lepidoptera,100,,,,larvae,
di_533,M40203,M40203si,small intestine,hair of undet. non-game animal,animal,trace,,,,,
di_534,M40203,M40203si,small intestine,hair of self,self,1.6 cc,Mammalia,,,,
di_535,M40203,M40203c,colon,Juniperus pnichottii (seed and skins),Juniperus pnichottii,83,,,,seed,
di_536,M40203,M40203c,colon,Lepidoptera (larva),Lepidoptera,17,,,,larva,
di_537,M40203,M40203c,colon,Pico-Passeriform Bird feather,Pico-Passeriform,trace,,,,,
di_538,M40203,M40203c,colon,hair of self,self,trace,,,,,
di_539,M40203,M40203c,colon,debris,debris,0.4 cc,,,,,
di_540,M40203,M40204si,small intestine,Leporidae hair,Leporidae,100,,,,,
di_541,M40204,M40204si,small intestine,hair of self,self,trace,,,,,
di_542,M40204,M40204si,small intestine,Veg. debris,debris,0.8 cc,,,,,
di_543,M40204,M40204c,colon,Celtis sp.,Celtis sp.,70,,,,,
di_544,M40204,M40204c,colon,"Orthoptera, Acrididae: Microcentrum? sp.",Acrididae,5,,,,,
di_545,M40204,M40204c,colon,"Orthoptera, Acrididae: Acridinae",Acridinae,5,,,,,
di_546,M40204,M40204c,colon,"Coleoptera, Tenebrionidae: Eleodes sp. ",Eleodes sp.,5,,,,,
di_547,M40204,M40204c,colon,Araneida,Araneida,trace,,,,,
di_548,M40204,M40204c,colon,Colubridae scale,Colubridae,trace,,,,,
di_549,M40204,M40204c,colon,Leporidae hair,Leporidae,15,,,,,
di_550,M40204,M40204c,colon,"hair, apparently of cow (Bos taurus)",Bos taurus,trace,,,,,
di_551,M40204,M40204c,colon,Veg. debris,derbis,5.6 cc,,,,,
di_552,M40204,M40205s,stomach,,debris,0.1 cc,,,,,
di_553,M40205,M40205si,small intestine,12 Celtis sp. (seeds & fruit coats),Celtis sp.,87,,,,seeds; fruit,12
di_554,M40205,M40205si,small intestine,2 Sophora affinis,Sophora affinis,9,,,,,2
di_555,M40205,M40205si,small intestine,Orthoptera: Acrididae,Acrididae,4,,,,,
di_556,M40205,M40205si,small intestine,"Coleoptera, Scarabaeidae: Phyllophaga tristis",Phyllophaga tristis,trace,,,,,
di_557,M40205,M40205si,small intestine,Chilopoda,Chilopoda,trace,,,,,
di_558,M40205,M40205si,small intestine,Sylvilagus sp. hair,Sylvilagus sp.,trace,,,,,
di_559,M40205,M40205si,small intestine,Odocoileus sp. hair,Odocoileus sp.,trace,,,,,
di_560,M40205,M40205si,small intestine,undet. hair from non-game animal,animal,trace,,,,,
di_561,M40205,M40205si,small intestine,hair of self,self,7.7 cc,,,,,
di_562,M40205,M40205c,colon,28 Celtis sp. (fruit),Celtis sp.,94,,,,fruit,
di_563,M40205,M40205c,colon,3 Sophora affinis,Sophora affinis,6,,,,,
di_564,M40205,M40206s,stomach,"Bird feather, prob. same as in S. int. & colon",Bird,1,,,,,
di_565,M40206,M40206s,stomach,"Cricetine mouse, prob. Peromyscus",Cricetine,99,,,,,
di_566,M40206,M40206s,stomach,Veg. debris,debris,0.2 cc,,,,,
di_567,M40206,M40206si,small intestine,Passerine bird,Passerine,20,,,,,
di_568,M40206,M40206si,small intestine,"Cricetine mouse, prob. Peromyscus",Cricetine,80,,,,,
di_569,M40206,M40206si,small intestine,debris,debris,0.2 cc,,,,,
di_570,M40206,M40206c,colon,Celtis sp.,Celtis sp.,trace,,,,,
di_571,M40206,M40206c,colon,Passerine bird,Passerine,40,,,,,
di_572,M40206,M40206c,colon,Cricetine hair,Cricetine,60,,,,,
di_573,M40206,M40206c,colon,deer hair,deer,trace,,,,,
di_574,M40206,M40206c,colon,debris,debris,1.3 cc,,,,,
di_575,M40206,M40207s,stomach,hair of self,self,trace,,,,,
di_576,M40207,M40207s,stomach,debris,debris,0.2 cc,,,,,
di_577,M40207,M40207si,small intestine,hair of self,self,trace,,,,,
di_578,M40207,M40207si,small intestine,In testinal debris,debris,trace,,,,,
di_579,M40207,M40207c,colon,Orthoptera: Gryllidae,Gryllidae,7,,,,,
di_580,M40207,M40207c,colon,Orthoptera: Acrididae,Acrididae,31,,,,,
di_581,M40207,M40207c,colon,Lepidoptera larva (head),Lepidoptera,6,,,,larva,
di_582,M40207,M40207c,colon,"Coleoptera, Scarabaeidae: Phyllophaga cribrosa",Phyllophaga cribrosa,31,,,,,
di_583,M40207,M40207c,colon,"Coleoptera, Scarabaeidae: Phyllophaga sp.",Phyllophaga sp.,16,,,,,
di_584,M40207,M40207c,colon,"Hymenoptera, Formicidae: Crematogaster sp.",Crematogaster sp.,3,,,,,
di_585,M40207,M40207c,colon,Araneida,Araneida,6,,,,,
di_586,M40207,M40207c,colon,hair of self,self,part of 0.4 cc,,,,,
di_587,M40207,M40207c,colon,debris,debris,part of 0.4 cc,,,,,
di_588,M40207,M40208s,stomach,,Passeriform,trace,,,,,feather
di_589,M40208,M40208s,stomach,,Odocoileus sp.,trace,,,,,hair
di_590,M40208,M40208s,stomach,,insects,trace,,,,,
di_591,M40208,M40208s,stomach,,self,0.4 cc,,,,,hair
di_592,M40208,M40208s,stomach,,debris,0.1 cc,,,,,
di_593,M40208,M40208si,small intestine,,self,100,,,,,hair
di_594,M40208,M40208c,colon,,self,50,,,,,"hair, claws"
di_595,M40208,M40208c,colon,,debris,50,,,,,
di_596,M40208,M40209s,stomach,,Coleoptera,trace,,,,larva,
di_597,M40209,M40209s,stomach,,Arthropoda,trace,,,,,
di_598,M40209,M40209s,stomach,,debris,1 cc,,,,,
di_599,M40209,M40209si,small intestine,,Celtis sp.,trace,,,,,
di_600,M40209,M40209si,small intestine,,Sylvilagus sp.,100,,,,,
di_601,M40209,M40209si,small intestine,,Veg debris,0.4 cc,,,,,
di_602,M40209,M40209c,colon,,Celtis sp.,28,,,,,8
di_603,M40209,M40209c,colon,,Insect,trace,,,,,femur
di_604,M40209,M40209c,colon,,Sylvilagus sp.,72,,,,,
di_605,M40209,M40210s,stomach,,Sylvilagus sp.,100,,,,,hair
di_606,M40210,M40210s,stomach,,Reptile,trace,,,,,1 scale
di_607,M40210,M40210s,stomach,,self,part of 0.6 cc,,,,,hair
di_608,M40210,M40210s,stomach,,debris,part of 0.6 cc,,,,,
di_609,M40210,M40210si,small intestine,,Coleoptera,trace,,,,,fragments
di_610,M40210,M40210si,small intestine,,Opheodrys aestivus,100,,,,,tail scales
di_611,M40210,M40210si,small intestine,,Sylvilagus sp. ,trace,,,,,hairs
di_612,M40210,M40210si,small intestine,Veg. debris ,debris,1.3 cc,,,,,
di_613,M40210,M40210si,small intestine,,self,trace,,,,,hair
di_614,M40210,M40210c,colon,,Tenerionidae,20,,,,,
di_615,M40210,M40210c,colon,,Lepidoptera,15,,,,larva,
di_616,M40210,M40210c,colon,,Chilopoda,4,,,,,?
di_617,M40210,M40210c,colon,,Opheodrys aestivus,25,,,,,
di_618,M40210,M40210c,colon,,Sylvilagus sp.,trace,,,,,hair
di_619,M40210,M40210c,colon,,self,trace,,,,,hair
di_620,M40210,M40210c,colon,,debris,0.5 cc,,,,,
di_621,M40210,M40211s,stomach,,Citellus variegatus buckleyi,100,,,,,
di_622,M40211,M40211c,small intestine,,Citellus variegatus buckleyi,100,,,,,
di_623,M40211,M40212s,stomach,,insects,trace,,,,,
di_624,M40212,M40212s,stomach,,Reithrodontomys sp.,96,,,,,
di_625,M40212,M40212s,stomach,,Sciurus niger,4,,,,,
di_626,M40212,M40212si,small intestine,,Reithrodontomys sp.,60,,,,,
di_627,M40212,M40212si,small intestine,,Sciurus niger,40,,,,,
di_628,M40212,M40212si,small intestine,,Veg. debris,trace,,,,,
di_629,M40212,M40212c,colon,,Sophora affinis,8,,,,,
di_630,M40212,M40212c,colon,,Reithrodontomys sp.,14,,,,,
di_631,M40212,M40212c,colon,,Sciurus niger,15,,,,,
di_632,M40212,M40213s,stomach,,self,60,,,,,hair
di_633,M40213,M40213s,stomach,,debris,40,,,,,
di_634,M40213,M40213si,small intestine,,undetermined animal matter,100,,,,,
di_635,M40213,M40213c,colon,,Juniperus sp.,80,,,,,34
di_636,M40213,M40213c,colon,,Gryllidae,8,,,,,
di_637,M40213,M40213c,colon,,Scarabaeidae,9,,,,,
di_638,M40213,M40213c,colon,,Lepidoptera,2,,,,larva,head
di_639,M40213,M40213c,colon,,Formicidae,1,,,,,
di_640,M40213,M40214s,stomach,,debris,trace,,,,,
di_641,M40214,M40214si,small intestine,,Celtis sp.,95,,,,,
di_642,M40214,M40214si,small intestine,,Acrididae,2,,,,,
di_643,M40214,M40214si,small intestine,,Elytron,3,,,,,
di_644,M40214,M40214si,small intestine,,debris,trace,,,,,
di_645,M40214,M40214si,small intestine,,self,trace,,,,,hair
di_646,M40214,M40214c,colon,,Celtis sp.,100,,,,,
di_647,M40214,M40215s,stomach,,paper,part of 0.1 cc,,,,,
di_648,M40215,M40215s,stomach,,debris,part of 0.1 cc,,,,,
di_649,M40215,M40215si,small intestine,,paper,part of 0.3 cc,,,,,
di_650,M40215,M40215si,small intestine,,debris,part of 0.3 cc,,,,,
di_651,M40215,M40215c,colon,,Celtis sp.,50,,,,,
di_652,M40215,M40215c,colon,,Chloris sp.,30,,,,,
di_653,M40215,M40215c,colon,,undet. fruit skin,20,,,,,
di_654,M40215,M40215c,colon,,self,trace,,,,,
di_655,M40215,M40216s,stomach,,Ceuthophilus sp.,5,,,,,
di_656,M40216,M40216s,stomach,,Gpyllacrididae,1,,,,,
di_657,M40216,M40216s,stomach,,Lepidoptera,60,,,,,
di_658,M40216,M40216s,stomach,,Diptera,1,,,,,
di_659,M40216,M40216s,stomach,,Carabidae,2,,,,,
di_660,M40216,M40216s,stomach,,Polistes sp. ,30,,,,,
di_661,M40216,M40216s,stomach,,Araneida,1,,,,,
di_662,M40216,M40216s,stomach,,Sciuridae,trace,,,,,hair
di_663,M40216,M40216s,stomach,,Veg. debris,0.2 cc,,,,,
di_664,M40216,M40216si,small intestine,,Tettigoniidae,1,,,,,
di_665,M40216,M40216si,small intestine,,Lepidoptera,10,,,,,Prob. Noctuidae
di_666,M40216,M40216si,small intestine,,Carabidae,6,,,,,
di_667,M40216,M40216si,small intestine,,Polistes sp. ,86,,,,,
di_668,M40216,M40216c,colon,,Rhapjodp[jpromae,trace,,,,,
di_669,M40216,M40216c,colon,,Lepidoptera,65,,,,,possibly Noctuidae
di_670,M40216,M40216c,colon,,Carabidae,trace,,,,,
di_671,M40216,M40216c,colon,,Polistes sp. ,35,,,,,
di_672,M40216,M40216c,colon,,Araneida,trace,,,,,
di_673,M40216,M40216c,colon,Veg. debris,debris,0.2 cc,,,,,
di_674,M40216,M40217s,stomach,,Phyllophaga sp.,20,,,,,
di_675,M40217,M40217s,stomach,,Formicidae,trace,,,,,
di_676,M40217,M40217s,stomach,,Chelonethida,trace,,,,,
di_677,M40217,M40217s,stomach,,Undet. insect,trace,,,,,
di_678,M40217,M40217s,stomach,,Peromyscus,80,,,,,
di_679,M40217,M40217s,stomach,woody debris,debris,2.5 cc,,,,,
di_680,M40217,M40217si,small intestine,,Cricetinae,100,,,,,prob. Peromyscus sp.
di_681,M40217,M40217si,small intestine,woody debris,debris,1.9 cc,,,,,
di_682,M40217,M40217c,colon,,Scarabaeidae,trace,,,,,prob. Phyllophaga sp.
di_683,M40217,M40217c,colon,,Lepidoptera ,5,,,,larvae,Noctuidae?
di_684,M40217,M40217c,colon,,Formicidae,trace,,,,,
di_685,M40217,M40217c,colon,,Cricetinae,95,,,,,prob. Peromyscus
di_686,M40217,M40218s,stomach,,Fruit,1,,,,,skin. Celtis sp.?
di_687,M40218,M40218s,stomach,,Gryllidae,4,,,,,1
di_688,M40218,M40218s,stomach,,Gryllus assimilis,4,,,,,1
di_689,M40218,M40218s,stomach,,Acrididae,3,,,,,2
di_690,M40218,M40218s,stomach,,Carabidae,1,,,,,
di_691,M40218,M40218s,stomach,,Lepidoptera,3,,,,larvae,Possibly Noctuidae
di_692,M40218,M40218s,stomach,,Araneida,3,,,,,
di_693,M40218,M40218s,stomach,,Undet. arthropod,trace,,,,,abdomen
di_694,M40218,M40218s,stomach,,Tantilla sp.,20,,,,,
di_695,M40218,M40218s,stomach,,Bird,2,,,,,"feathers (non-game, possibly hawk)"
di_696,M40218,M40218s,stomach,,Bird,1,,,,egg,egg shell (undet.)
di_697,M40218,M40218s,stomach,,Odocoileus sp.,trace,,,,,hair
di_698,M40218,M40218s,stomach,,Cricetinae,57,,,,,(Peromyscus sp.?) hair
di_699,M40218,M40218s,stomach,,self,trace,,,,,
di_700,M40218,M40218si,small intestine,,Celtis sp.,27,,,,,
di_701,M40218,M40218si,small intestine,,Sophoroa affinis,39,,,,seed,sds and sd. coats
di_702,M40218,M40218si,small intestine,,Acrididae,5,,,,,
di_703,M40218,M40218si,small intestine,,Scarabaeidae,4,,,,,
di_704,M40218,M40218si,small intestine,,Tantilla sp.,trace,,,,,feathers
di_705,M40218,M40218si,small intestine,,Colinus virginaanus,3,,,,,hair
di_706,M40218,M40218si,small intestine,,Sylvilagus sp.,1,,,,,hair
di_707,M40218,M40218si,small intestine,,Cricetinae,22,,,,,(Peromyscus sp.?)
di_708,M40218,M40218si,small intestine,,self,0.2 cc,,,,,
di_709,M40218,M40218c,colon,,Celtis sp.,54,,,,,
di_710,M40218,M40218c,colon,,Sophora affinis,46,,,,,
di_711,M40218,M40218c,colon,,Orthoptera,trace,,,,,
di_712,M40218,M40218c,colon,,Colinus sp.,trace,,,,,
di_713,M40218,M40218c,colon,,Cricetinae,trace,,,,,(Peromyscus sp.?)
di_714,M40218,M40218c,colon,,self,trace,,,,,hair
di_715,M40218,M40219s,stomach,,Lepidoptera,2,,,,larva,Noctuidae?
di_716,M40219,M40219s,stomach,,Neotoma sp.,98,,,,,
di_717,M40219,M40219s,stomach,,debris,0.1 cc,,,,,
di_718,M40219,M40219si,small intestine,Sigmodon or Neotoma sp. - bones & hair,,100,,,,,bones and hair
di_719,M40219,M40219si,small intestine,hair from self,self,2.7 cc,,,,,
di_720,M40219,M40219si,small intestine,trap debris,debris,0.2 cc,,,,,
di_721,M40219,M40219c,colon,Orthoptera: Gryllidae?,Orthoptera,trace,,,,,
di_722,M40219,M40219c,colon,7 Lepidoptera larvae - Prob. Noctuidae,Lepidoptera,100,,,,larvae,
di_723,M40219,M40219c,colon,Sciurus niger hairs,Sciurus niger,trace,,,,,
di_724,M40219,M40219c,colon,trace of Juniperus pinchottii,Juniperus pinchottii,trace,,,,,
di_725,M40219,M40220s,stomach,Orthoptera: Tettigoniidae,Tettigoniidae,16,,,,,
di_726,M40220,M40220s,stomach,"Coleoptera, Carabidae: Caolsoma sp.",Caolsoma sp. ,16,,,,,
di_727,M40220,M40220s,stomach,Coleoptera: Carabidae,Carabidae,12,,,,,
di_728,M40220,M40220s,stomach,"Insect eggs, prob. Carabidae",Insect,12,,,,,
di_729,M40220,M40220s,stomach,Chilopoda,Chilopoda,28,,,,,
di_730,M40220,M40220s,stomach,Araneida,Araneida,16,,,,,
di_731,M40220,M40220s,stomach,"Hair, claws etc. of self ",self,4.6 cc,,,,,
di_732,M40220,M40220si,small intestine,Orthoptera: Blattidae,Blattidae,5,,,,,
di_733,M40220,M40220si,small intestine,Orthoptera: Tettigoniidae,Tettigoniidae,20,,,,,
di_734,M40220,M40220si,small intestine,"Orthoptera, Gryllidae: Gryllus assimilis",Gryllus assimilis,5,,,,,
di_735,M40220,M40220si,small intestine,"Coleoptera, Carabidae: Calosoma sp.",Calosoma sp.,19,,,,,
di_736,M40220,M40220si,small intestine,Coleoptera: Carabidae,Carabidae,7,,,,,
di_737,M40220,M40220si,small intestine,"Insect eggs, prob. Carabidae",Insect,5,,,,,
di_738,M40220,M40220si,small intestine,"Coleoptera, Carambycidae?",Coleoptera,2,,,,,
di_739,M40220,M40220si,small intestine,Lepidoptera larva,Lepidoptera,7,,,,,
di_740,M40220,M40220si,small intestine,Lepidoptera (wing fragment),Lepidoptera,2,,,,,
di_741,M40220,M40220si,small intestine,Araneida,Araneida,5,,,,,
di_742,M40220,M40220si,small intestine,Chilopoda,Chilopoda,20,,,,,
di_743,M40220,M40220si,small intestine,Juniperus sp. ,Juniperus sp. ,3,,,,,
di_744,M40220,M40220c,colon,"Orthoptera, Tettigoniidae",Tettigoniidae,77,,,,,
di_745,M40220,M40220c,colon,"Coleoptera, Nitidulidae: Carpophilus sp. ",Carpophilus sp.,2,,,,,
di_746,M40220,M40220c,colon,1 Coleoptera: Elateridae,Elateridae,3,,,,,
di_747,M40220,M40220c,colon,2 Coleoptera: Chrysomelidae,Chrysomelidae,trace,,,,,
di_748,M40220,M40220c,colon,Coleoptera,Coleoptera,2,,,,,
di_749,M40220,M40220c,colon,3 Lepidoptera larvae,Lepidoptera,5,,,,larvae,
di_750,M40220,M40220c,colon,2 Formicidae (hymenoptera) ,Formicidae,trace,,,,,
di_751,M40220,M40220c,colon,Insect egg,Insect,trace,,,,egg,
di_752,M40220,M40220c,colon,Scorpionida,Scorpionida,6,,,,,
di_753,M40220,M40220c,colon,Araneida,Araneida,trace,,,,,
di_754,M40220,M40220c,colon,Chilopoda,Chilopoda,5,,,,,
di_755,M40220,M40220c,colon,Arachnida: Chelonethida,Chelonethida,trace,,,,,
di_756,M40220,M40221s,stomach,Celtis sp ,Celtis sp ,15,,,,,
di_757,M40221,M40221s,stomach,Undet. fruit skin,fruit,15,,,,,
di_758,M40221,M40221s,stomach,Orthoptera: Acrididae,Acrididae,20,,,,,
di_759,M40221,M40221s,stomach,"Coleoptera, Carabidae: Calosoma scrutator",Calosoma scrutator,trace,,,,,
di_760,M40221,M40221s,stomach,Passerine bird feathers ,Passerine,15,,,,,
di_761,M40221,M40221s,stomach,Sciurus niger,Sciurus niger,35,,,,,
di_762,M40221,M40221si,small intestine,Undet. animal flesh,animal,100,,,,,
di_763,M40221,M40221si,small intestine,veg. debris,debris,0.1,,,,,
di_764,M40221,M40221c,colon,undet. animal flesh,animal,67,,,,,
di_765,M40221,M40221c,colon,undet. fruit skin ,fruit,33,,,,,
di_766,M40221,M40221c,colon,Paper? ,,trace,,,,,
di_767,M40221,M40222s,stomach,veg. debris,debris,part of 0.2 cc,,,,,
di_768,M40222,M40222s,stomach,hair of self,self,part of 0.2 cc,,,,,
di_769,M40222,M40222si,small intestine,hair of self,self,trace,,,,,
di_770,M40222,M40222si,small intestine,veg. debris,debris,0.1 cc,,,,,
di_771,M40222,M40222c,colon,Orthoptera: Gryllidae,Gryllidae,47,,,,,
di_772,M40222,M40222c,colon,Orthoptera: Tettigoniidae,Tettigoniidae,52,,,,,
di_773,M40222,M40222c,colon,Orthoptera eggs,Orthoptera,1,,,,egg,
di_774,M40222,M40222c,colon,trace of hair of self,self,trace,,,,,
di_775,M40222,M40222c,colon,veg. debris,debris,0.5 cc,,,,,
di_776,M40222,M40223s,stomach,"Lepidoptera larvae, prob. Noctuidae",Lepidoptera,7,,,,larvae,
di_777,M40223,M40223s,stomach,Sciurus niger limitis,Sciurus niger limitis,93,,,,,
di_778,M40223,M40223s,stomach,veg. debris,debris,trace,,,,,
di_779,M40223,M40223s,stomach,Juniperus sp. twig tips,Juniperus sp.,trace,,,,,
di_780,M40223,M40223si,small intestine,Coleoptera: Scarabaeidae,Scarabaeidae,trace,,,,,
di_781,M40223,M40223si,small intestine,Siphonaptera: Pulex irritans (Contamination?),Pulex irritans,trace,,,,,
di_782,M40223,M40223si,small intestine,27 Lepidoptera larvae,Lepidoptera,100,,,,larvae,
di_783,M40223,M40223si,small intestine,cocoon ,,trace,,,,,
di_784,M40223,M40223si,small intestine,Sciurus niger hair,Sciurus niger,trace,,,,,
di_785,M40223,M40223c,colon,Cricetidae: Neotoma sp. ,Neotoma sp.,100,,,,,
di_786,M40223,M40224s,stomach,1 Juniperus sp. (seed and fruit skin,Juniperus sp.,9,,,,,
di_787,M40224,M40224s,stomach,Sapindus drummondi,Sapindus drummondi,54,,,,,
di_788,M40224,M40224s,stomach,"Orthoptera, Tettigoniidae: Rhaphidophorinae",Rhaphidophorinae,2,,,,,
di_789,M40224,M40224s,stomach,"Coleoptera, Carabidae: Calosoma scrutator",Calosoma scrutator,23,,,,,
di_790,M40224,M40224s,stomach,"Lepidoptera larva, possibly Noctuidae",Lepidoptera,12,,,,,
di_791,M40224,M40224s,stomach,hair of self,self,1.0 cc,,,,,
di_792,M40224,M40224si,small intestine,4 Juniperus sp. ,Juniperus sp. ,3,,,,,
di_793,M40224,M40224si,small intestine,Undet. fruit skin,fruit,58,,,,,
di_794,M40224,M40224si,small intestine,"Coleoptera, carabidae: Caolsoma scrutator",Caolsoma scrutator,39,,,,,
di_795,M40224,M40224si,small intestine,trace of veg. debris,debris,trace,,,,,
di_796,M40224,M40224si,small intestine,Bassariscus claws and hair,Bassariscus,0.5 cc,,,,,
di_797,M40224,M40224c,colon,21 Juniperus sp. ,Juniperus sp.,58,,,,,
di_798,M40224,M40224c,colon,Sapindus drummondi,Sapindus drummondi,17,,,,,
di_799,M40224,M40224c,colon,"Coleoptera, Carabidae: Calosoma scrutator",Calosoma scrutator,trace,,,,,
di_800,M40224,M40224c,colon,hair of bat (Chiroptera(,Chiroptera,25,,,,,
di_801,M40224,M40224c,colon,debris,,0.2 cc,,,,,
di_802,M40224,M40225s,stomach,Orthoptera: Blattidae,Blattidae,5,,,,,
di_803,M40225,M40225s,stomach,Orthoptera: Gryllidae,Gryllidae,10,,,,,
di_804,M40225,M40225s,stomach,Orthoptera: Tettigoniidae,Tettigoniidae,25,,,,,
di_805,M40225,M40225s,stomach,Orthoptera: Acrididae,Acrididae,10,,,,,
di_806,M40225,M40225s,stomach,"Cocoon, prob. Lepidoptera",,20,,,,,
di_807,M40225,M40225s,stomach,Coleoptera,Coleoptera,5,,,,,
di_808,M40225,M40225s,stomach,Hymenoptera: Formicidae,Formicidae,trace,,,,,
di_809,M40225,M40225s,stomach,Scorpionida,Scorpionida,25,,,,,
di_810,M40225,M40225s,stomach,hair and bones of self ,self,2.7 cc,,,,,
di_811,M40225,M40225s,stomach,debris,debris,trace,,,,,
di_812,M40225,M40225si,small intestine,Orthoptera: Blattidae,Blattidae,10,,,,,
di_813,M40225,M40225si,small intestine,Orthoptera: Tettigoniidae,Tettigoniidae,5,,,,,
di_814,M40225,M40225si,small intestine,"Orthoptera, Gryllidae: Gryllus assimilis",Gryllus assimilis,5,,,,,
di_815,M40225,M40225si,small intestine,Scorpionida,Scorpionida,15,,,,,
di_816,M40225,M40225si,small intestine,Chilopoda: Scolopendridae,Scolopendridae,65,,,,,
di_817,M40225,M40225si,small intestine,Odocoileus sp. hair,Odocoileus sp.,trace,,,,,
di_818,M40225,M40225si,small intestine,hair and claws of self,self,3.1 cc,,,,,
di_819,M40225,M40225si,small intestine,debris,debris,trace,,,,,
di_820,M40225,M40225c,colon,Orthoptera: Blattidae,Blattidae,18,,,,,
di_821,M40225,M40225c,colon,Orthoptera: Tettigoniidae,Tettigoniidae,5,,,,,
di_822,M40225,M40225c,colon,Orthoptera: Gryllacrididae: Rhaphidophorinae,Rhaphidophorinae,2,,,,,
di_823,M40225,M40225c,colon,Orthoptera: Gryllidae: Gryllus assimilis,Gryllus assimilis,5,,,,,
di_824,M40225,M40225c,colon,Orthoptera: Acrididae,Acrididae,5,,,,,
di_825,M40225,M40225c,colon,Coleoptera: Carabidae,Carabidae,1,,,,,
di_826,M40225,M40225c,colon,Coleoptera: Scarabaeidae,Scarabaeidae,1,,,,,
di_827,M40225,M40225c,colon,Coleoptera,Coleoptera,trace,,,,,
di_828,M40225,M40225c,colon,Hymenoptera: Formicidae,Formicidae,trace,,,,,
di_829,M40225,M40225c,colon,Scopionida,Scopionida,31,,,,,
di_830,M40225,M40225c,colon,Chilopoda: Scolopendridae,Scolopendridae,23,,,,,
di_831,M40225,M40225c,colon,Colubridae: Thamnophis sp.,Thamnophis sp.,9,,,,,
di_832,M40225,M40225c,colon,Odocoileus sp. hair,Odocoileus sp.,trace,,,,,
di_833,M40225,M40225c,colon,hair of self,self,trace,,,,,
di_834,M40225,M40225c,colon,trap debris,debris,0.2 cc,,,,,
di_835,M40225,M40226s,stomach,Feathers - Passeriformes. Prob not same as in colon,Passeriformes,100,,,,,
di_836,M40226,M40226s,stomach,"Hymenoptera, Formicidae: Crematogaster lineolata leviuscula",Crematogaster lineolata leviuscula,trace,,,,,
di_837,M40226,M40226s,stomach,trap debris,debris,0.1 cc,,,,,
di_838,M40226,M40226si,small intestine,1 Setaria sp. ,,trace,,,,,
di_839,M40226,M40226si,small intestine,Feathers - Passeriformes apparent mixture of spp. in stomach and colon,,100,,,,,
di_840,M40226,M40226si,small intestine,trap debris,,trace,,,,,
di_841,M40226,M40226c,colon,11 Sorghum vulgare,Sorghum vulgare,2,,,,,
di_842,M40226,M40226c,colon,7 Setaria (?) sp.,,trace,,,,,
di_843,M40226,M40226c,colon,Feathers - Passeriformes  prob. Passerina cyanea (Indigo Bunting),Passeriformes,98,,,,,
di_844,M40226,M40227s,stomach,"Coleoptera, Scarabaeidae: Phyllophaga sp. ",Phyllophaga sp.,100,,,,,
di_845,M40227,M40227s,stomach,trap debris - trace,debris,trace,,,,,
di_846,M40227,M40227si,small intestine,Sylvilagus sp. hair,Sylvilagus sp.,100,,,,,
di_847,M40227,M40227si,small intestine,Odocoileus hair,Odocoileus,trace,,,,,
di_848,M40227,M40227si,small intestine,hair of self,self,trace,,,,,
di_849,M40227,M40227si,small intestine,debris,debris,0.1 cc,,,,,
di_850,M40227,M40227c,colon,Coleoptera: Scarabaeidae,Scarabaeidae,50,,,,,
di_851,M40227,M40227c,colon,Scorpionida,Scorpionida,50,,,,,
di_852,M40227,M40227c,colon,hair of self,self,0.5 cc,,,,,
di_853,M40227,M40228s,stomach,Orthoptera: Tettigoniidae,Tettigoniidae,7,,,,,
di_854,M40228,M40228s,stomach,Orthoptera: Gryllidae,Gryllidae,7,,,,,
di_855,M40228,M40228s,stomach,Orthoptera: Acrididae,Acrididae,3,,,,,
di_856,M40228,M40228s,stomach,Scorpionida,Scorpionida,2,,,,,
di_857,M40228,M40228s,stomach,Chilopoda: Scolopendridae,Scolopendridae,81,,,,,
di_858,M40228,M40228s,stomach,hair of self,self,0.8 cc,,,,,
di_859,M40228,M40228s,stomach,veg. debris,debris,0.6 cc,,,,,
di_860,M40228,M40228si,small intestine,Orthoptera: Tettigoniidae,Tettigoniidae,5,,,,,
di_861,M40228,M40228si,small intestine,Orthoptera: Gryllidae? (body frgmts),Orthoptera,5,,,,,
di_862,M40228,M40228si,small intestine,Orthoptera: Acrididae (leg frgmts),Acrididae,2,,,,,
di_863,M40228,M40228si,small intestine,Coleoptera: Tenebrionidae (leg frgmts),Tenebrionidae,5,,,,,
di_864,M40228,M40228si,small intestine,"Hymenoptera, Formicidae: Formicinae",Formicinae,3,,,,,
di_865,M40228,M40228si,small intestine,Scorpionida,Scorpionida,30,,,,,
di_866,M40228,M40228si,small intestine,"Chilopoda, Scolopendridae",Scolopendridae,50,,,,,
di_867,M40228,M40228c,small intestine,trace of veg. debris,debris,trace,,,,,
di_868,M40228,M40228c,colon,3 Orthoptera: Blattidae,Blattidae,10,,,,,
di_869,M40228,M40228c,colon,2 Insect eggs; possibly Tettigoniidae,Insect,3,,,,,
di_870,M40228,M40228c,colon,Orthoptera: Acrididae,Acrididae,2,,,,,
di_871,M40228,M40228c,colon,1 Coleoptera: Carabidae,Carabidae,4,,,,,
di_872,M40228,M40228c,colon,1 Coleoptera: Tenebrionidae?,Coleoptera,trace,,,,,
di_873,M40228,M40228c,colon,1 Coleoptera: Scarabaeidae: Phileurus floridanus,Phileurus floridanus,18,,,,,
di_874,M40228,M40228c,colon,1 Coleoptera: Scarabaeidae (prob. Phyllophagus),Scarabaeidae,25,,,,,
di_875,M40228,M40228c,colon,1 Coleoptera,Coleoptera,2,,,,,
di_876,M40228,M40228c,colon,Insect legs,insect,2,,,,,
di_877,M40228,M40228c,colon,Scorpionida,Scorpionida,18,,,,,
di_878,M40228,M40228c,colon,Chilopoda: Scolopendridae,Scolopendridae,11,,,,,
di_879,M40228,M40228c,colon,hair of self,self,part of 4.0 cc,,,,,
di_880,M40228,M40228c,colon,vegetable debris,debris,part of 4.0 cc,,,,,
di_881,M40228,M40229s,stomach,Orthoptera,Orthoptera,60,,,,,
di_882,M40229,M40229s,stomach,"Hymenoptera, Formicidae? - thorax only",Hymenoptera,trace,,,,,
di_883,M40229,M40229s,stomach,Scorpionida,Scorpionida,20,,,,,
di_884,M40229,M40229s,stomach,Araneida,Araneida,20,,,,,
di_885,M40229,M40229s,stomach,Veg. Debris,debris,part of 1.2 cc,,,,,
di_886,M40229,M40229s,stomach,hair of self,self,part of 1.2 cc,,,,,
di_887,M40229,M40229si,small intestine,Araneida,Araneida,10,,,,,
di_888,M40229,M40229si,small intestine,Chilopoda: Scolopendridae,Scolopendridae,90,,,,,
di_889,M40229,M40229si,small intestine,trap debris,debris,part of 0.75 cc,,,,,
di_890,M40229,M40229si,small intestine,hair of self,self,part of 0.75 cc,,,,,
di_891,M40229,M40229c,colon,Coleoptera,Coleoptera,trace,,,,,
di_892,M40229,M40229c,colon,Scorpionida,Scorpionida,1,,,,,
di_893,M40229,M40229c,colon,Araneida,Araneida,trace,,,,,
di_894,M40229,M40229c,colon,Chilopoda: Scolopendridae,Scolopendridae,99,,,,,
di_895,M40229,M40229c,colon,hair and claws of self,self,3.4 cc,,,,,
di_896,M40229,M40231s,stomach,Juniperus pinchotii,Juniperus pinchotii,5,,,,,
di_897,M40231,M40231s,stomach,"Orthoptera, Tettigoniidae",Tettigoniidae,90,,,,,
di_898,M40231,M40231s,stomach,"Coleoptera, Scarabaeidae: Phyllophaga sp. ",Phyllophaga sp.,5,,,,,
di_899,M40231,M40231si,small intestine,Orthoptera: Tettigoniidae,Tettigoniidae,90,,,,,
di_900,M40231,M40231si,small intestine,Orthoptera: Acrididae,Acrididae,4,,,,,
di_901,M40231,M40231si,small intestine,Hymenoptera: Formicidae,Formicidae,tr. 6,,,,,
di_902,M40231,M40231si,small intestine,Araneida,Araneida,6,,,,,
di_903,M40231,M40231si,small intestine,trace of hair of self,self,trace,,,,,
di_904,M40231,M40231c,colon,Orthoptera: Mantidae? ,Orthoptera,40,,,,,
di_905,M40231,M40231c,colon,Orthoptera: Tettigoniidae,Tettigoniidae,6,,,,,
di_906,M40231,M40231c,colon,Orthoptera: Acrididae,Acrididae,3,,,,,
di_907,M40231,M40231c,colon,Coleoptera: Scarabaeidae,Scarabaeidae,17,,,,,
di_908,M40231,M40231c,colon,Coleoptera: Scarabaeidae larvae,Scarabaeidae,28,,,,larvae,
di_909,M40231,M40231c,colon,Araneida,Araneida,trace,,,,,
di_910,M40231,M40231c,colon,Chilopoda,Chilopoda,6,,,,,
di_911,M40231,M40231c,colon,Veg. debris,debris,0.5 cc,,,,,
di_912,M40231,M40231as,stomach,Chilopoda: Scolopendridae,Scolopendridae,100,,,,,
di_913,M40231a,M40231as,stomach,hair and claws of self,self,trace,,,,,
di_914,M40231a,M40231as,stomach,Veg. debris,debris,5.3 cc,,,,,
di_915,M40231a,M40231asi,small intestine,1 Leptotyphlops dulcis scale,Leptotyphlops dulcis,100,,,,,
di_916,M40231a,M40231asi,small intestine,"hair, claws & bones of self ",self,2.4 cc,,,,,
di_917,M40231a,M40231asi,small intestine,veg. debris,debris,0.9 cc,,,,,
di_918,M40231a,M40231ac,colon,Lepidoptera,Lepidoptera,3,,,,,
di_919,M40231a,M40231ac,colon,Chilopoda: Scolopendridae,Scolopendridae,97,,,,,
di_920,M40231a,M40231ac,colon,hair and bones of self ,self,2.2 cc,,,,,
di_921,M40231a,M40232s,stomach,Diospyros texana,Diospyros texana,37,,,,,
di_922,M40232,M40232s,stomach,Orthoptera: Tettigoniidae,Tettigoniidae,16,,,,,
di_923,M40232,M40232s,stomach,Orthoptera: Acrididae,Acrididae,8,,,,,
di_924,M40232,M40232s,stomach,6 Orthoptera eggs,Orthoptera,4,,,,,
di_925,M40232,M40232s,stomach,Araneida,Araneida,16,,,,,
di_926,M40232,M40232s,stomach,Scorpionida: Centruridae,Centruidae,16,,,,,
di_927,M40232,M40232s,stomach,Humerus of frog,frog,2,,,,,
di_928,M40232,M40232s,stomach,Eumeces scales,Eumeces,trace,,,,,
di_929,M40232,M40232s,stomach,Trace of hair of self ,self,trace,,,,,
di_930,M40232,M40232s,stomach,veg. debris,debris,0.8,,,,,
di_931,M40232,M40232si,small intestine,Diospyros texana,Diospyros texana,7,,,,,
di_932,M40232,M40232si,small intestine,Orthoptera: Tettigoniidae,Tettigoniidae,10,,,,,
di_933,M40232,M40232si,small intestine,Orthoptera: Acrididae,Acrididae,15,,,,,
di_934,M40232,M40232si,small intestine,Orthoptera eggs (Acrididae?),Orthoptera,2,,,,,
di_935,M40232,M40232si,small intestine,"1 Hymenoptera, Formicidae: Crematogaster leviuscula clara",Crematogaster leviuscula clara,1,,,,,
di_936,M40232,M40232si,small intestine,"1 Hymenoptera, Formicidae: Solenopsis geminata var lyloni?",Solenopsis geminata,trace,,,,,
di_937,M40232,M40232si,small intestine,Scorpionidae (Centruridae?),Scorpionidae,30,,,,,
di_938,M40232,M40232si,small intestine,Araneida,Araneida,5,,,,,
di_939,M40232,M40232si,small intestine,Chilopoda: Scolopendridae,Scolopendridae,30,,,,,
di_940,M40232,M40232si,small intestine,trace of hair of self,self,trace,,,,,
di_941,M40232,M40232si,small intestine,veg. debris & grit,debris,0.2 cc,,,,,
di_942,M40232,M40232c,colon,Diospyros texana skins,Disopyros texana,30,,,,,
di_943,M40232,M40232c,colon,Orthoptera,Orthoptera,27,,,,,
di_944,M40232,M40232c,colon,Orthoptera (?) egg,Orthoptera,2,,,,,
di_945,M40232,M40232c,colon,"Hymenoptera, Formicidae: Crematogaster sp.",Crematogaster sp.,2,,,,,
di_946,M40232,M40232c,colon,Scorpionida,Scorpionida,2,,,,,
di_947,M40232,M40232c,colon,Araneida,Araneida,7,,,,,
di_948,M40232,M40232c,colon,Vegetable debris,debris,30,,,,,
di_949,M40232,M40233s,stomach,Orthoptera: Gryylidae,Gryylidae,25,,,,,
di_950,M40233,M40233s,stomach,Orthoptera: Acrididae,Acrididae,25,,,,,
di_951,M40233,M40233s,stomach,Coleoptera: Dermestidae (larvae),Dermestidae,10,,,,,
di_952,M40233,M40233s,stomach,"Hymenoptera, Formicidae: Crematogaster lineolata leviuscula",Crematogaster lineolata leviuscola ,5,,,,,
di_953,M40233,M40233s,stomach,Scorpionida,Scorpionida,30,,,,,
di_954,M40233,M40233s,stomach,Araneida,Araneida,4,,,,,
di_955,M40233,M40233s,stomach,claw and hair of Bassarsicus astutus,Bassariscus astutus,0.2 cc,,,,,
di_956,M40233,M40233s,stomach,trap debris,debris,0.25 cc,,,,,
di_957,M40233,M40233si,small intestine,Diospyros texana - seeds and skins,Diospyros texana,43,,,,,
di_958,M40233,M40233si,small intestine,Orthoptera: Acrididae,Acrididae,17,,,,,
di_959,M40233,M40233si,small intestine,Hymenoptera: Formicidae: Crematogaster lineolata leviuscola ,Crematogaster lineolata leviuscola ,trace,,,,,
di_960,M40233,M40233si,small intestine,Scropionida,Scropionida,29,,,,,
di_961,M40233,M40233si,small intestine,Araneida,Araneida,11,,,,,
di_962,M40233,M40233si,small intestine,"Reptilia, Iguanidae: Sceloporus sp. (scales)",Sceloporus,trace,,,,,
di_963,M40233,M40233si,small intestine,Reptilia: undet. scales,Reptilia,trace,,,,,
di_964,M40233,M40233si,small intestine,"Mammalia, Leporidae: 3 hairs ",Leporidae,trace,,,,,
di_965,M40233,M40233si,small intestine,"trace of B. astutus, hair and claw",B. astutus,trace,,,,,
di_966,M40233,M40233si,small intestine,trap debris,debris,trace,,,,,
di_967,M40233,M40233c,colon,Diospyros texana - seeds and skins,Dispyros texana,97,,,,,
di_968,M40233,M40233c,colon,Orthoptera: Acrididae,Acrididae,2,,,,,
di_969,M40233,M40233c,colon,Scorpionida ,Scorpionida ,1,,,,,
di_970,M40233,M40233c,colon,Odocoilus - hair,Odocoilus,trace,,,,,
di_971,M40233,M40233c,colon,hair and claws of B. astutus,B. astutus,blank,,,,,
di_972,M40233,M40233c,colon,trap debris,debris,2.4 cc,,,,,
di_973,M40233,M40234s,stomach,Orthoptera (leg segment),Orthoptera,trace,,,,,
di_974,M40234,M40234s,stomach,"Coleoptera, Scarabaeidae: Canthon sp. (tibia)",Canthon sp.,trace,,,,,
di_975,M40234,M40234s,stomach,trap debris,debris,part of 2.5 cc,,,,,
di_976,M40234,M40234s,stomach,hair of self,self,part of 2.5 cc,,,,,
di_977,M40234,M40234si,small intestine,Diospyros texana (fruit skin) ,Diospyros texana,6,,,,,
di_978,M40234,M40234si,small intestine,Diptera: Tachinidae? ,Diptera,71,,,,,
di_979,M40234,M40234si,small intestine,"Hymenoptera, Formicidae: Formicinae",Formicinae,14,,,,,
di_980,M40234,M40234si,small intestine,"Hymenoptera, Formicidae: Myrmicinae",Myrmicinae,9,,,,,
di_981,M40234,M40234si,small intestine,Leporidae hair,Leporidae,trace,,,,,
di_982,M40234,M40234si,small intestine,trap debris,debris,trace,,,,,
di_983,M40234,M40234si,small intestine,hair of self,self,0.1 cc,,,,,
di_984,M40234,M40234c,colon,Diospyros texana (seeds & fruit skins) ,Diospyros texana,46,,,,,
di_985,M40234,M40234c,colon,Tettigoniidae (Orthoptera),Tettigoniidae,18,,,,,
di_986,M40234,M40234c,colon,Orthoptera: Acrididae,Acrididae,22,,,,,
di_987,M40234,M40234c,colon,Hymenoptera: Formicidae,Formicidae,trace,,,,,
di_988,M40234,M40234c,colon,Leporidae hair,Leporidae,trace,,,,,
di_989,M40234,M40234c,colon,Chilopoda: Scolopendridae,Scolopendridae,14,,,,,
di_990,M40234,M40234c,colon,hair of self,self,trace,,,,,
di_991,M40234,M40235s,stomach,Orthoptera: Acrididae,Acrididae,60,,,,,
di_992,M40235,M40235s,stomach,"Orthoptera eggs, prob. Acrididae",Orthoptera,trace,,,,,
di_993,M40235,M40235s,stomach,Araneida,Araneida,2,,,,,
di_994,M40235,M40235s,stomach,Chilopoda: Scolopendridae,Scolopendridae,38,,,,,
di_995,M40235,M40235s,stomach,woody debris,debris,1.0 cc,,,,,
di_996,M40235,M40235s,stomach,hair from self,self,trace,,,,,
di_997,M40235,M40235si,small intestine,Diospyros texana (?) - skin & pulp,Diospyros texana,8,,,,,
di_998,M40235,M40235si,small intestine,Orthoptera: Gryllidae,Gryllidae,trace,,,,,
di_999,M40235,M40235si,small intestine,Orthoptera: Acrididae,Acrididae,87,,,,,
,M40824,,,,,,,,,,