pop_cat_id,pop_id,source_id,sample_type,reported_category,reported_value,season,metric_verbatim,value_location,notes
popcat_001,Wood 1952b,Wood 1952,digestive tract,Mammals,62.2,annual,volume percentage of annual food,Table XXX,
popcat_002,Wood 1952b,Wood 1952,digestive tract,Birds,6.7,annual,volume percentage of annual food,Table XXX,
popcat_003,Wood 1952b,Wood 1952,digestive tract,Insects,2.9,annual,volume percentage of annual food,Table XXX,
popcat_004,Wood 1952b,Wood 1952,digestive tract,Other Invertebrates,0.1,annual,volume percentage of annual food,Table XXX,
popcat_005,Wood 1952b,Wood 1952,digestive tract,Plants,27.6,annual,volume percentage of annual food,Table XXX,
popcat_006,Wood 1952a,Wood 1952,scat,Mammals,23.3,annual,volume percentage of annual food,Table XXX,
popcat_007,Wood 1952a,Wood 1952,scat,Birds,31.9,annual,volume percentage of annual food,Table XXX,
popcat_008,Wood 1952a,Wood 1952,scat,Cold-blooded Vertebrates,0.2,annual,volume percentage of annual food,Table XXX,
popcat_009,Wood 1952a,Wood 1952,scat,Animal (unident.),tr,annual,volume percentage of annual food,Table XXX,
popcat_010,Wood 1952a,Wood 1952,scat,Insects,11.0,annual,volume percentage of annual food,Table XXX,
popcat_011,Wood 1952a,Wood 1952,scat,Other Invertebrates,4.4,annual,volume percentage of annual food,Table XXX,
popcat_012,Wood 1952a,Wood 1952,scat,Plants,28.2,annual,volume percentage of annual food,Table XXX,
popcat_013,Wood 1952a,Wood 1952,scat,Unidentified,0.2,annual,volume percentage of annual food,Table XXX,
popcat_014,Wood 1952b,Wood 1952,digestive tract,Mammals,62.2,winter,volume percentage of annual food,Table XXX,
popcat_015,Wood 1952b,Wood 1952,digestive tract,Birds,6.7,winter,volume percentage of annual food,Table XXX,
popcat_016,Wood 1952b,Wood 1952,digestive tract,Insects,2.9,winter,volume percentage of annual food,Table XXX,
popcat_017,Wood 1952b,Wood 1952,digestive tract,Other Invertebrates,0.1,winter,volume percentage of annual food,Table XXX,
popcat_018,Wood 1952b,Wood 1952,digestive tract,Plants,27.6,winter,volume percentage of annual food,Table XXX,
popcat_019,Wood 1952a,Wood 1952,scat,Mammals,12.2,winter,volume percentage of annual food,Table XXX,
popcat_020,Wood 1952a,Wood 1952,scat,Birds,45.2,winter,volume percentage of annual food,Table XXX,
popcat_021,Wood 1952a,Wood 1952,scat,Animal (unident.),tr,winter,volume percentage of annual food,Table XXX,
popcat_022,Wood 1952a,Wood 1952,scat,Insects,1.8,winter,volume percentage of annual food,Table XXX,
popcat_023,Wood 1952a,Wood 1952,scat,Plants,39.4,winter,volume percentage of annual food,Table XXX,
popcat_024,Wood 1952a,Wood 1952,scat,Unidentified,0.4,winter,volume percentage of annual food,Table XXX,
popcat_025,Wood 1952a,Wood 1952,scat,Mammals,19.0,spring,volume percentage of annual food,Table XXX,
popcat_026,Wood 1952a,Wood 1952,scat,Birds,22.0,spring,volume percentage of annual food,Table XXX,
popcat_027,Wood 1952a,Wood 1952,scat,Cold-blooded Vertebrates,1.0,spring,volume percentage of annual food,Table XXX,
popcat_028,Wood 1952a,Wood 1952,scat,Insects,30,spring,volume percentage of annual food,Table XXX,
popcat_029,Wood 1952a,Wood 1952,scat,Other Invertebrates,8,spring,volume percentage of annual food,Table XXX,
popcat_030,Wood 1952a,Wood 1952,scat,Plants,20,spring,volume percentage of annual food,Table XXX,
popcat_031,Wood 1952a,Wood 1952,scat,Mammals,71.6,autumn,volume percentage of annual food,Table XXX,
popcat_032,Wood 1952a,Wood 1952,scat,Insects,1.6,autumn,volume percentage of annual food,Table XXX,
popcat_033,Wood 1952a,Wood 1952,scat,Other Invertebrates,21.6,autumn,volume percentage of annual food,Table XXX,
popcat_034,Wood 1952a,Wood 1952,scat,Plants,tr,autumn,volume percentage of annual food,Table XXX,
popcat_035,Taylor 1954,Taylor 1954,digestive tract,Plants,18.05,annual,aggregate percentages of food ,,
popcat_036,Taylor 1954,Taylor 1954,digestive tract,Mammalia,24.22,annual,aggregate percentages of food ,,
popcat_037,Taylor 1954,Taylor 1954,digestive tract,Aves,11.72,annual,aggregate percentages of food ,,
popcat_038,Taylor 1954,Taylor 1954,digestive tract,Reptilia,1.28,annual,aggregate percentages of food ,,
popcat_039,Taylor 1954,Taylor 1954,digestive tract,Amphibia,0.02,annual,aggregate percentages of food ,,
popcat_040,Taylor 1954,Taylor 1954,digestive tract,Insecta,34.97,annual,aggregate percentages of food ,,
popcat_041,Taylor 1954,Taylor 1954,digestive tract,Arachnoidea,6.72,annual,aggregate percentages of food ,,
popcat_042,Taylor 1954,Taylor 1954,digestive tract,Unidentified arthropod,0.01,annual,aggregate percentages of food ,,
popcat_043,Taylor 1954,Taylor 1954,digestive tract,Chilopoda,3.01,annual,aggregate percentages of food ,,
popcat_044,Taylor 1954,Taylor 1954,digestive tract,Diplopoda,Tr.,annual,aggregate percentages of food ,,
popcat_045,Davis 1960,Davis 1960,digestive tract,small passerine birds,9.9,,unknown,page 78,
popcat_046,Davis 1960,Davis 1960,digestive tract,small mammals,24.4,,unknown,page 78,
popcat_047,Davis 1960,Davis 1960,digestive tract,snakes and lizards,3.9,,unknown,page 78,
popcat_048,Davis 1960,Davis 1960,digestive tract,frogs and toads,0.2,,unknown,page 78,
popcat_049,Davis 1960,Davis 1960,digestive tract,insects,31.2,,unknown,page 78,
popcat_050,Davis 1960,Davis 1960,digestive tract,"spiders, scorpions, and centipedes",11.1,,unknown,page 78,
popcat_051,Davis 1960,Davis 1960,digestive tract,fruits,19.3,,unknown,page 78,
popcat_052,Ackerson 2001,Ackerson 2001,scat,Vegetation,50.5,annual,percent volume,Table 5,
popcat_053,Ackerson 2001,Ackerson 2001,scat,Seed,35.9,annual,percent volume,Table 5,
popcat_054,Ackerson 2001,Ackerson 2001,scat,Miscellaneous vegetation,14.6,annual,percent volume,Table 5,
popcat_055,Ackerson 2001,Ackerson 2001,scat,Animal,49.4,annual,percent volume,Table 5,
popcat_056,Ackerson 2001,Ackerson 2001,scat,Mammal,21.9,annual,percent volume,Table 5,
popcat_057,Ackerson 2001,Ackerson 2001,scat,Insect,27.3,annual,percent volume,Table 5,
popcat_058,Ackerson 2001,Ackerson 2001,scat,Reptile,0.2,annual,percent volume,Table 5,
popcat_059,Ackerson 2001,Ackerson 2001,scat,Vegetation,74.6,annual,percent frequency of occurrence,Table 5,
popcat_060,Ackerson 2001,Ackerson 2001,scat,Seed,76.1,annual,percent frequency of occurrence,Table 5,
popcat_061,Ackerson 2001,Ackerson 2001,scat,Miscellaneous vegetation,46.3,annual,percent frequency of occurrence,Table 5,
popcat_062,Ackerson 2001,Ackerson 2001,scat,Animal,86.6,annual,percent frequency of occurrence,Table 5,
popcat_063,Ackerson 2001,Ackerson 2001,scat,Mammal,38.8,annual,percent frequency of occurrence,Table 5,
popcat_064,Ackerson 2001,Ackerson 2001,scat,Insect,62.7,annual,percent frequency of occurrence,Table 5,
popcat_065,Ackerson 2001,Ackerson 2001,scat,Reptile,4.5,annual,percent frequency of occurrence,Table 5,
popcat_066,Ackerson 2001,Ackerson 2001,scat,Vegetation,50.9,reproductive,percent volume,Table 5,
popcat_067,Ackerson 2001,Ackerson 2001,scat,Seed,40.9,reproductive,percent volume,Table 5,
popcat_068,Ackerson 2001,Ackerson 2001,scat,Miscellaneous vegetation,9.9,reproductive,percent volume,Table 5,
popcat_069,Ackerson 2001,Ackerson 2001,scat,Animal,49.2,reproductive,percent volume,Table 5,
popcat_070,Ackerson 2001,Ackerson 2001,scat,Mammal,14.3,reproductive,percent volume,Table 5,
popcat_071,Ackerson 2001,Ackerson 2001,scat,Insect,34.6,reproductive,percent volume,Table 5,
popcat_072,Ackerson 2001,Ackerson 2001,scat,Reptile,0.3,reproductive,percent volume,Table 5,
popcat_073,Ackerson 2001,Ackerson 2001,scat,Vegetation,72.2,reproductive,percent frequency of occurrence,Table 5,
popcat_074,Ackerson 2001,Ackerson 2001,scat,Seed,72.2,reproductive,percent frequency of occurrence,Table 5,
popcat_075,Ackerson 2001,Ackerson 2001,scat,Miscellaneous vegetation,42.6,reproductive,percent frequency of occurrence,Table 5,
popcat_076,Ackerson 2001,Ackerson 2001,scat,Animal,87.9,reproductive,percent frequency of occurrence,Table 5,
popcat_077,Ackerson 2001,Ackerson 2001,scat,Mammal,42.6,reproductive,percent frequency of occurrence,Table 5,
popcat_078,Ackerson 2001,Ackerson 2001,scat,Insect,55.6,reproductive,percent frequency of occurrence,Table 5,
popcat_079,Ackerson 2001,Ackerson 2001,scat,Reptile,5.6,reproductive,percent frequency of occurrence,Table 5,
popcat_080,Ackerson 2001,Ackerson 2001,scat,Vegetation,64.6,non-reproductive,percent volume,Table 5,
popcat_081,Ackerson 2001,Ackerson 2001,scat,Seed,43.1,non-reproductive,percent volume,Table 5,
popcat_082,Ackerson 2001,Ackerson 2001,scat,Miscellaneous vegetation,21.5,non-reproductive,percent volume,Table 5,
popcat_083,Ackerson 2001,Ackerson 2001,scat,Animal,35.4,non-reproductive,percent volume,Table 5,
popcat_084,Ackerson 2001,Ackerson 2001,scat,Mammal,13.3,non-reproductive,percent volume,Table 5,
popcat_085,Ackerson 2001,Ackerson 2001,scat,Insect,22.1,non-reproductive,percent volume,Table 5,
popcat_086,Ackerson 2001,Ackerson 2001,scat,Reptile,0.0,non-reproductive,percent volume,Table 5,
popcat_087,Ackerson 2001,Ackerson 2001,scat,Vegetation,88.9,non-reproductive,percent frequency of occurrence,Table 5,
popcat_088,Ackerson 2001,Ackerson 2001,scat,Seed,100.0,non-reproductive,percent frequency of occurrence,Table 5,
popcat_089,Ackerson 2001,Ackerson 2001,scat,Miscellaneous vegetation,66.7,non-reproductive,percent frequency of occurrence,Table 5,
popcat_090,Ackerson 2001,Ackerson 2001,scat,Animal,77.8,non-reproductive,percent frequency of occurrence,Table 5,
popcat_091,Ackerson 2001,Ackerson 2001,scat,Mammal,22.2,non-reproductive,percent frequency of occurrence,Table 5,
popcat_092,Ackerson 2001,Ackerson 2001,scat,Insect,88.9,non-reproductive,percent frequency of occurrence,Table 5,
popcat_093,Ackerson 2001,Ackerson 2001,scat,Reptile,0.0,non-reproductive,percent frequency of occurrence,Table 5,
popcat_094,Alexander 1994,Alexander 1994,scat,Rocks (<= 3 mm),66,annual,percent frequency of occurrence of food items,Table 1,
popcat_095,Alexander 1994,Alexander 1994,scat,Rocks (<= 3 mm),50,february,percent frequency of occurrence of food items,Table 1,
popcat_096,Alexander 1994,Alexander 1994,scat,Plants,93,annual,percent frequency of occurrence of food items,Table 1,
popcat_097,Alexander 1994,Alexander 1994,scat,Plants,100,february,percent frequency of occurrence of food items,Table 1,
popcat_098,Alexander 1994,Alexander 1994,scat,Plants,100,march,percent frequency of occurrence of food items,Table 1,
popcat_099,Alexander 1994,Alexander 1994,scat,Plants,80,april,percent frequency of occurrence of food items,Table 1,
popcat_100,Alexander 1994,Alexander 1994,scat,Plants,83,may,percent frequency of occurrence of food items,Table 1,
popcat_101,Alexander 1994,Alexander 1994,scat,Plants,100,june,percent frequency of occurrence of food items,Table 1,
popcat_102,Alexander 1994,Alexander 1994,scat,Plants,100,august,percent frequency of occurrence of food items,Table 1,
popcat_103,Alexander 1994,Alexander 1994,scat,Plants,88,september,percent frequency of occurrence of food items,Table 1,
popcat_104,Alexander 1994,Alexander 1994,scat,Plants,100,october,percent frequency of occurrence of food items,Table 1,
popcat_105,Alexander 1994,Alexander 1994,scat,Plants,100,november,percent frequency of occurrence of food items,Table 1,
popcat_106,Alexander 1994,Alexander 1994,scat,Mammalia,83,february,percent frequency of occurrence of food items,Table 1,
popcat_107,Alexander 1994,Alexander 1994,scat,Mammalia,100,march,percent frequency of occurrence of food items,Table 1,
popcat_108,Alexander 1994,Alexander 1994,scat,Mammalia,60,april,percent frequency of occurrence of food items,Table 1,
popcat_109,Alexander 1994,Alexander 1994,scat,Mammalia,100,may,percent frequency of occurrence of food items,Table 1,
popcat_110,Alexander 1994,Alexander 1994,scat,Mammalia,42,august,percent frequency of occurrence of food items,Table 1,
popcat_111,Alexander 1994,Alexander 1994,scat,Mammalia,69,september,percent frequency of occurrence of food items,Table 1,
popcat_112,Alexander 1994,Alexander 1994,scat,Mammalia,60,october,percent frequency of occurrence of food items,Table 1,
popcat_113,Alexander 1994,Alexander 1994,scat,Mammalia,100,november,percent frequency of occurrence of food items,Table 1,
popcat_114,Alexander 1994,Alexander 1994,scat,Mammalia,66,annual,percent frequency of occurrence of food items,Table 1,
popcat_115,Alexander 1994,Alexander 1994,scat,Aves,17,february,percent frequency of occurrence of food items,Table 1,
popcat_116,Alexander 1994,Alexander 1994,scat,Aves,60,april,percent frequency of occurrence of food items,Table 1,
popcat_117,Alexander 1994,Alexander 1994,scat,Aves,17,may,percent frequency of occurrence of food items,Table 1,
popcat_118,Alexander 1994,Alexander 1994,scat,Aves,100,june ,percent frequency of occurrence of food items,Table 1,
popcat_119,Alexander 1994,Alexander 1994,scat,Aves,13,annual,percent frequency of occurrence of food items,Table 1,
popcat_120,Alexander 1994,Alexander 1994,scat,Reptilia,17,february,percent frequency of occurrence of food items,Table 1,
popcat_121,Alexander 1994,Alexander 1994,scat,Reptilia,2,annual,percent frequency of occurrence of food items,Table 1,
popcat_122,Alexander 1994,Alexander 1994,scat,Unidentified vertebrate,17,february,percent frequency of occurrence of food items,Table 1,
popcat_123,Alexander 1994,Alexander 1994,scat,Unidentified vertebrate,100,march,percent frequency of occurrence of food items,Table 1,
popcat_124,Alexander 1994,Alexander 1994,scat,Unidentified vertebrate,6,september,percent frequency of occurrence of food items,Table 1,
popcat_125,Alexander 1994,Alexander 1994,scat,Unidentified vertebrate,7,annual,percent frequency of occurrence of food items,Table 1,
popcat_126,Alexander 1994,Alexander 1994,scat,Mollusca (shell),2,annual,percent frequency of occurrence of food items,Table 1,
popcat_127,Alexander 1994,Alexander 1994,scat,Mollusca (shell),17,february,percent frequency of occurrence of food items,Table 1,
popcat_128,Alexander 1994,Alexander 1994,scat,Insecta,,annual,percent frequency of occurrence of food items,Table 1,
popcat_129,Alexander 1994,Alexander 1994,scat,Insecta,83,february,percent frequency of occurrence of food items,Table 1,
popcat_130,Alexander 1994,Alexander 1994,scat,Insecta,80,april,percent frequency of occurrence of food items,Table 1,
popcat_131,Alexander 1994,Alexander 1994,scat,Insecta,67,may,percent frequency of occurrence of food items,Table 1,
popcat_132,Alexander 1994,Alexander 1994,scat,Insecta,50,june,percent frequency of occurrence of food items,Table 1,
popcat_133,Alexander 1994,Alexander 1994,scat,Insecta,92,august,percent frequency of occurrence of food items,Table 1,
popcat_134,Alexander 1994,Alexander 1994,scat,Insecta,44,september,percent frequency of occurrence of food items,Table 1,
popcat_135,Alexander 1994,Alexander 1994,scat,Insecta,60,october,percent frequency of occurrence of food items,Table 1,
popcat_136,Alexander 1994,Alexander 1994,scat,Insecta,100,november,percent frequency of occurrence of food items,Table 1,
popcat_137,Alexander 1994,Alexander 1994,scat,"Diplodoa, Spirobolidae",33,february,percent frequency of occurrence of food items,Table 1,
popcat_138,Alexander 1994,Alexander 1994,scat,"Diplodoa, Spirobolidae",50,mary,percent frequency of occurrence of food items,Table 1,
popcat_139,Alexander 1994,Alexander 1994,scat,"Diplodoa, Spirobolidae",100,june,percent frequency of occurrence of food items,Table 1,
popcat_140,Alexander 1994,Alexander 1994,scat,"Diplodoa, Spirobolidae",60,october,percent frequency of occurrence of food items,Table 1,
popcat_141,Alexander 1994,Alexander 1994,scat,"Diplodoa, Spirobolidae",18,annual,percent frequency of occurrence of food items,Table 1,
popcat_142,Alexander 1994,Alexander 1994,scat,Arachnida,33,may,percent frequency of occurrence of food items,Table 1,
popcat_143,Alexander 1994,Alexander 1994,scat,Arachnida,17,august,percent frequency of occurrence of food items,Table 1,
popcat_144,Alexander 1994,Alexander 1994,scat,Arachnida,13,september,percent frequency of occurrence of food items,Table 1,
popcat_145,Alexander 1994,Alexander 1994,scat,Arachnida,11,annual,percent frequency of occurrence of food items,Table 1,
popcat_146,Calderón Vega 2002a,Calderón Vega 2002,scat,Mamiferos,63.5,february,percent frequency of occurrence in scat,Tabla 4; page 37,Los Candeleros
popcat_147,Calderón Vega 2002a,Calderón Vega 2002,scat,Mamiferos,40.5,march,percent frequency of occurrence in scat,Tabla 4; page 37,Los Candeleros
popcat_148,Calderón Vega 2002a,Calderón Vega 2002,scat,Mamiferos,49.2,abril,percent frequency of occurrence in scat,Tabla 4; page 37,Los Candeleros
popcat_149,Calderón Vega 2002a,Calderón Vega 2002,scat,Mamiferos,55.2,may,percent frequency of occurrence in scat,Tabla 4; page 37,Los Candeleros
popcat_150,Calderón Vega 2002a,Calderón Vega 2002,scat,Mamiferos,39,june,percent frequency of occurrence in scat,Tabla 4; page 37,Los Candeleros
popcat_151,Calderón Vega 2002a,Calderón Vega 2002,scat,Mamiferos,38,july,percent frequency of occurrence in scat,Tabla 4; page 37,Los Candeleros
popcat_152,Calderón Vega 2002a,Calderón Vega 2002,scat,Mamiferos,18.9,august,percent frequency of occurrence in scat,Tabla 4; page 37,Los Candeleros
popcat_153,Calderón Vega 2002a,Calderón Vega 2002,scat,Mamiferos,15.5,september,percent frequency of occurrence in scat,Tabla 4; page 37,Los Candeleros
popcat_154,Calderón Vega 2002a,Calderón Vega 2002,scat,Mamiferos,23.7,october,percent frequency of occurrence in scat,Tabla 4; page 37,Los Candeleros
popcat_155,Calderón Vega 2002a,Calderón Vega 2002,scat,Mamiferos,22.5,november,percent frequency of occurrence in scat,Tabla 4; page 37,Los Candeleros
popcat_156,Calderón Vega 2002a,Calderón Vega 2002,scat,Mamiferos,38.6,december,percent frequency of occurrence in scat,Tabla 4; page 37,Los Candeleros
popcat_157,Calderón Vega 2002a,Calderón Vega 2002,scat,Mamiferos,17.6,january,percent frequency of occurrence in scat,Tabla 4; page 37,Los Candeleros
popcat_158,Calderón Vega 2002a,Calderón Vega 2002,scat,Mamiferos,33.7,annual,percent frequency of occurrence in scat,Tabla 4; page 37,Los Candeleros
popcat_159,Calderón Vega 2002a,Calderón Vega 2002,scat,Aves,3.2,february,percent frequency of occurrence in scat,Tabla 4; page 37,Los Candeleros
popcat_160,Calderón Vega 2002a,Calderón Vega 2002,scat,Aves,8.1,march,percent frequency of occurrence in scat,Tabla 4; page 37,Los Candeleros
popcat_161,Calderón Vega 2002a,Calderón Vega 2002,scat,Aves,7.5,abril,percent frequency of occurrence in scat,Tabla 4; page 37,Los Candeleros
popcat_162,Calderón Vega 2002a,Calderón Vega 2002,scat,Aves,7.5,may,percent frequency of occurrence in scat,Tabla 4; page 37,Los Candeleros
popcat_163,Calderón Vega 2002a,Calderón Vega 2002,scat,Aves,0,june,percent frequency of occurrence in scat,Tabla 4; page 37,Los Candeleros
popcat_164,Calderón Vega 2002a,Calderón Vega 2002,scat,Aves,0,july,percent frequency of occurrence in scat,Tabla 4; page 37,Los Candeleros
popcat_165,Calderón Vega 2002a,Calderón Vega 2002,scat,Aves,0,august,percent frequency of occurrence in scat,Tabla 4; page 37,Los Candeleros
popcat_166,Calderón Vega 2002a,Calderón Vega 2002,scat,Aves,1,september,percent frequency of occurrence in scat,Tabla 4; page 37,Los Candeleros
popcat_167,Calderón Vega 2002a,Calderón Vega 2002,scat,Aves,2.5,october,percent frequency of occurrence in scat,Tabla 4; page 37,Los Candeleros
popcat_168,Calderón Vega 2002a,Calderón Vega 2002,scat,Aves,3.9,november,percent frequency of occurrence in scat,Tabla 4; page 37,Los Candeleros
popcat_169,Calderón Vega 2002a,Calderón Vega 2002,scat,Aves,4.5,december,percent frequency of occurrence in scat,Tabla 4; page 37,Los Candeleros
popcat_170,Calderón Vega 2002a,Calderón Vega 2002,scat,Aves,8.8,january,percent frequency of occurrence in scat,Tabla 4; page 37,Los Candeleros
popcat_171,Calderón Vega 2002a,Calderón Vega 2002,scat,Aves,4.1,annual,percent frequency of occurrence in scat,Tabla 4; page 37,Los Candeleros
popcat_172,Calderón Vega 2002a,Calderón Vega 2002,scat,Reptiles,12.7,february,percent frequency of occurrence in scat,Tabla 4; page 38,Los Candeleros
popcat_173,Calderón Vega 2002a,Calderón Vega 2002,scat,Reptiles,13.5,march,percent frequency of occurrence in scat,Tabla 4; page 38,Los Candeleros
popcat_174,Calderón Vega 2002a,Calderón Vega 2002,scat,Reptiles,19.4,abril,percent frequency of occurrence in scat,Tabla 4; page 38,Los Candeleros
popcat_175,Calderón Vega 2002a,Calderón Vega 2002,scat,Reptiles,31.3,may,percent frequency of occurrence in scat,Tabla 4; page 38,Los Candeleros
popcat_176,Calderón Vega 2002a,Calderón Vega 2002,scat,Reptiles,40.7,june,percent frequency of occurrence in scat,Tabla 4; page 38,Los Candeleros
popcat_177,Calderón Vega 2002a,Calderón Vega 2002,scat,Reptiles,34,july,percent frequency of occurrence in scat,Tabla 4; page 38,Los Candeleros
popcat_178,Calderón Vega 2002a,Calderón Vega 2002,scat,Reptiles,18.9,august,percent frequency of occurrence in scat,Tabla 4; page 38,Los Candeleros
popcat_179,Calderón Vega 2002a,Calderón Vega 2002,scat,Reptiles,11.3,september,percent frequency of occurrence in scat,Tabla 4; page 38,Los Candeleros
popcat_180,Calderón Vega 2002a,Calderón Vega 2002,scat,Reptiles,10,october,percent frequency of occurrence in scat,Tabla 4; page 38,Los Candeleros
popcat_181,Calderón Vega 2002a,Calderón Vega 2002,scat,Reptiles,14.7,november,percent frequency of occurrence in scat,Tabla 4; page 38,Los Candeleros
popcat_182,Calderón Vega 2002a,Calderón Vega 2002,scat,Reptiles,22.7,december,percent frequency of occurrence in scat,Tabla 4; page 38,Los Candeleros
popcat_183,Calderón Vega 2002a,Calderón Vega 2002,scat,Reptiles,7.3,january,percent frequency of occurrence in scat,Tabla 4; page 38,Los Candeleros
popcat_184,Calderón Vega 2002a,Calderón Vega 2002,scat,Reptiles,18.9,annual,percent frequency of occurrence in scat,Tabla 4; page 38,Los Candeleros
popcat_185,Calderón Vega 2002a,Calderón Vega 2002,scat,Peces,12.7,february,percent frequency of occurrence in scat,Tabla 4; page 38,Los Candeleros
popcat_186,Calderón Vega 2002a,Calderón Vega 2002,scat,Peces,2.7,march,percent frequency of occurrence in scat,Tabla 4; page 38,Los Candeleros
popcat_187,Calderón Vega 2002a,Calderón Vega 2002,scat,Peces,4.5,abril,percent frequency of occurrence in scat,Tabla 4; page 38,Los Candeleros
popcat_188,Calderón Vega 2002a,Calderón Vega 2002,scat,Peces,6,may,percent frequency of occurrence in scat,Tabla 4; page 38,Los Candeleros
popcat_189,Calderón Vega 2002a,Calderón Vega 2002,scat,Peces,0,june,percent frequency of occurrence in scat,Tabla 4; page 38,Los Candeleros
popcat_190,Calderón Vega 2002a,Calderón Vega 2002,scat,Peces,0,july,percent frequency of occurrence in scat,Tabla 4; page 38,Los Candeleros
popcat_191,Calderón Vega 2002a,Calderón Vega 2002,scat,Peces,0,august,percent frequency of occurrence in scat,Tabla 4; page 38,Los Candeleros
popcat_192,Calderón Vega 2002a,Calderón Vega 2002,scat,Peces,0,september,percent frequency of occurrence in scat,Tabla 4; page 38,Los Candeleros
popcat_193,Calderón Vega 2002a,Calderón Vega 2002,scat,Peces,0,october,percent frequency of occurrence in scat,Tabla 4; page 38,Los Candeleros
popcat_194,Calderón Vega 2002a,Calderón Vega 2002,scat,Peces,0,november,percent frequency of occurrence in scat,Tabla 4; page 38,Los Candeleros
popcat_195,Calderón Vega 2002a,Calderón Vega 2002,scat,Peces,0,december,percent frequency of occurrence in scat,Tabla 4; page 38,Los Candeleros
popcat_196,Calderón Vega 2002a,Calderón Vega 2002,scat,Peces,4.4,january,percent frequency of occurrence in scat,Tabla 4; page 38,Los Candeleros
popcat_197,Calderón Vega 2002a,Calderón Vega 2002,scat,Peces,2.3,annual,percent frequency of occurrence in scat,Tabla 4; page 38,Los Candeleros
popcat_198,Calderón Vega 2002a,Calderón Vega 2002,scat,Artropodos,,february,percent frequency of occurrence in scat,Tabla 4; page 39,Los Candeleros
popcat_199,Calderón Vega 2002a,Calderón Vega 2002,scat,Artropodos,,march,percent frequency of occurrence in scat,Tabla 4; page 39,Los Candeleros
popcat_200,Calderón Vega 2002a,Calderón Vega 2002,scat,Artropodos,,abril,percent frequency of occurrence in scat,Tabla 4; page 39,Los Candeleros
popcat_201,Calderón Vega 2002a,Calderón Vega 2002,scat,Artropodos,,may,percent frequency of occurrence in scat,Tabla 4; page 39,Los Candeleros
popcat_202,Calderón Vega 2002a,Calderón Vega 2002,scat,Artropodos,,june,percent frequency of occurrence in scat,Tabla 4; page 39,Los Candeleros
popcat_203,Calderón Vega 2002a,Calderón Vega 2002,scat,Artropodos,,july,percent frequency of occurrence in scat,Tabla 4; page 39,Los Candeleros
popcat_204,Calderón Vega 2002a,Calderón Vega 2002,scat,Artropodos,,august,percent frequency of occurrence in scat,Tabla 4; page 39,Los Candeleros
popcat_205,Calderón Vega 2002a,Calderón Vega 2002,scat,Artropodos,,september,percent frequency of occurrence in scat,Tabla 4; page 39,Los Candeleros
popcat_206,Calderón Vega 2002a,Calderón Vega 2002,scat,Artropodos,,october,percent frequency of occurrence in scat,Tabla 4; page 39,Los Candeleros
popcat_207,Calderón Vega 2002a,Calderón Vega 2002,scat,Artropodos,,november,percent frequency of occurrence in scat,Tabla 4; page 39,Los Candeleros
popcat_208,Calderón Vega 2002a,Calderón Vega 2002,scat,Artropodos,,december,percent frequency of occurrence in scat,Tabla 4; page 39,Los Candeleros
popcat_209,Calderón Vega 2002a,Calderón Vega 2002,scat,Artropodos,,january,percent frequency of occurrence in scat,Tabla 4; page 39,Los Candeleros
popcat_210,Calderón Vega 2002a,Calderón Vega 2002,scat,Artropodos,31.7,annual,percent frequency of occurrence in scat,Tabla 4; page 39,Los Candeleros
popcat_211,Gonzalez 1982,Gonzalez 1982,combination,Vegetales,41.86,annual,porcentaje de occurrencia,page 19,
popcat_212,Gonzalez 1982,Gonzalez 1982,combination,Insectos,29.65,annual,porcentaje de occurrencia,page 19,
popcat_213,Gonzalez 1982,Gonzalez 1982,combination,Mamiferos,14.53,annual,porcentaje de occurrencia,page 19,
popcat_214,Gonzalez 1982,Gonzalez 1982,combination,Reptiles,4.64,annual,porcentaje de occurrencia,page 19,
popcat_215,Gonzalez 1982,Gonzalez 1982,combination,Aves,3.48,annual,porcentaje de occurrencia,page 19,
popcat_216,Gonzalez 1982,Gonzalez 1982,combination,Aracnidos,2.91,annual,porcentaje de occurrencia,page 19,
popcat_217,Gonzalez 1982,Gonzalez 1982,combination,Miriapodos,2.32,annual,porcentaje de occurrencia,page 19,
popcat_218,Gonzalez 1982,Gonzalez 1982,combination,Gasteropodos,0.58,annual,porcentaje de occurrencia,page 19,
popcat_219,Gonzalez 1982,Gonzalez 1982,combination,Vegetales,85.71,annual,frecuencia de ocurrencia por numer de muestras,page 19,
popcat_220,Gonzalez 1982,Gonzalez 1982,combination,Insectos,60.71,annual,frecuencia de ocurrencia por numer de muestras,,
popcat_221,Gonzalez 1982,Gonzalez 1982,combination,Mamiferos,29.79,annual,frecuencia de ocurrencia por numer de muestras,,
popcat_222,Gonzalez 1982,Gonzalez 1982,combination,Reptiles,9.52,annual,frecuencia de ocurrencia por numer de muestras,,
popcat_223,Gonzalez 1982,Gonzalez 1982,combination,Aves,7.14,annual,frecuencia de ocurrencia por numer de muestras,,
popcat_224,Gonzalez 1982,Gonzalez 1982,combination,Aracnidos,5.95,annual,frecuencia de ocurrencia por numer de muestras,,
popcat_225,Gonzalez 1982,Gonzalez 1982,combination,Miriapodos,4.76,annual,frecuencia de ocurrencia por numer de muestras,,
popcat_226,Gonzalez 1982,Gonzalez 1982,combination,Gasteropodos,1.19,annual,frecuencia de ocurrencia por numer de muestras,,
popcat_227,,Gonzalez 1982,combination,Vegetales,,,,,
popcat_228,,Gonzalez 1982,combination,Insectos,,,,,
popcat_229,,Gonzalez 1982,combination,Mamiferos,,,,,
popcat_230,,Gonzalez 1982,combination,Reptiles,,,,,
popcat_231,,Gonzalez 1982,combination,Aves,,,,,
popcat_232,,Gonzalez 1982,combination,Aracnidos,,,,,
popcat_233,,Gonzalez 1982,combination,Miriapodos,,,,,
popcat_234,,Gonzalez 1982,combination,Gasteropodos,,,,,
popcat_235,,Gonzalez 1982,combination,Vegetales,,,,,
popcat_236,,Gonzalez 1982,combination,Insectos,,,,,
popcat_237,,Gonzalez 1982,combination,Mamiferos,,,,,
popcat_238,,Gonzalez 1982,combination,Reptiles,,,,,
popcat_239,,Gonzalez 1982,combination,Aves,,,,,
popcat_240,,Gonzalez 1982,combination,Aracnidos,,,,,
popcat_241,,Gonzalez 1982,combination,Miriapodos,,,,,
popcat_242,,Gonzalez 1982,combination,Gasteropodos,,,,,
popcat_243,Tzintzun Sánchez 2022,Tzintzun Sánchez 2022,scat,Plantas,37,,n,Cuadro 3,
popcat_244,Tzintzun Sánchez 2022,Tzintzun Sánchez 2022,scat,Mamíferos,36,,n,Cuadro 3,
popcat_245,Tzintzun Sánchez 2022,Tzintzun Sánchez 2022,scat,Artrópodos,24,,n,Cuadro 3,
popcat_246,Tzintzun Sánchez 2022,Tzintzun Sánchez 2022,scat,O. Antrópico,8,,n,Cuadro 3,
popcat_247,Tzintzun Sánchez 2022,Tzintzun Sánchez 2022,scat,Aves,2,,n,Cuadro 3,
popcat_248,Tzintzun Sánchez 2022,Tzintzun Sánchez 2022,scat,Plantas,80,,FO,Cuadro 3,
popcat_249,Tzintzun Sánchez 2022,Tzintzun Sánchez 2022,scat,Mamíferos,78,,FO,Cuadro 3,
popcat_250,Tzintzun Sánchez 2022,Tzintzun Sánchez 2022,scat,Artrópodos,52,,FO,Cuadro 3,
popcat_251,Tzintzun Sánchez 2022,Tzintzun Sánchez 2022,scat,O. Antrópico,17,,FO,Cuadro 3,
popcat_252,Tzintzun Sánchez 2022,Tzintzun Sánchez 2022,scat,Aves,4,,FO,Cuadro 3,
popcat_253,NievesHernández2013a,Nieves Hernández 2013,scat,vegetal,34.68,,,,zona conservado
popcat_254,NievesHernández2013a,Nieves Hernández 2013,scat,artrópodos,63.7,,,,zona conservado
popcat_255,NievesHernández2013a,Nieves Hernández 2013,scat,mamíferos,13.51,,,,zona conservado
popcat_256,NievesHernández2013a,Nieves Hernández 2013,scat,aves,2.31,,,,zona conservado
popcat_257,NievesHernández2013b,Nieves Hernández 2013,scat,vegetal,48.71,,,,zona perturbada
popcat_258,NievesHernández2013b,Nieves Hernández 2013,scat,artrópodos,61.41,,,,zona perturbada
popcat_259,NievesHernández2013b,Nieves Hernández 2013,scat,mamíferos,22.66,,,,zona perturbada
popcat_260,NievesHernández2013b,Nieves Hernández 2013,scat,aves,2.47,,,,zona perturbada
popcat_261,Castillo Picazo and García-Collazo 2019,Castillo Picazo and García-Collazo 2019a,scat,vegetales,47,annual,relative frequency of occurrence,Tabla 1,
popcat_262,Castillo Picazo and García-Collazo 2019,Castillo Picazo and García-Collazo 2019a,scat,artrópodos,32,annual,relative frequency of occurrence,Tabla 1,
popcat_263,Castillo Picazo and García-Collazo 2019,Castillo Picazo and García-Collazo 2019a,scat,mamíferos,9,annual,relative frequency of occurrence,Tabla 1,
popcat_264,Castillo Picazo and García-Collazo 2019,Castillo Picazo and García-Collazo 2019a,scat,aves,6,annual,relative frequency of occurrence,Tabla 1,
popcat_265,Castillo Picazo and García-Collazo 2019,Castillo Picazo and García-Collazo 2019a,scat,desechos antropogénicos,5,annual,relative frequency of occurrence,Tabla 1,
popcat_266,Castillo Picazo and García-Collazo 2019,Castillo Picazo and García-Collazo 2019a,scat,reptil,2,annual,relative frequency of occurrence,Tabla 1,
popcat_267,Castillo Picazo and García-Collazo 2019,Castillo Picazo and García-Collazo 2019b,scat,vegetales,51,annual,relative frequency of occurrence,Tabla 1,
popcat_268,Castillo Picazo and García-Collazo 2019,Castillo Picazo and García-Collazo 2019b,scat,artrópodos,29,annual,relative frequency of occurrence,Tabla 1,
popcat_269,Castillo Picazo and García-Collazo 2019,Castillo Picazo and García-Collazo 2019b,scat,mamíferos,16,annual,relative frequency of occurrence,Tabla 1,
popcat_270,Castillo Picazo and García-Collazo 2019,Castillo Picazo and García-Collazo 2019b,scat,aves,5,annual,relative frequency of occurrence,Tabla 1,
popcat_271,Castillo Picazo and García-Collazo 2019,Castillo Picazo and García-Collazo 2019b,scat,desechos antropogénicos,0,annual,relative frequency of occurrence,Tabla 1,
popcat_272,Castillo Picazo and García-Collazo 2019,Castillo Picazo and García-Collazo 2019b,scat,reptil,0,annual,relative frequency of occurrence,Tabla 1,
popcat_273,Castillo Picazo 2008a,Castillo Picazo 2008,scat,vegetales,47,none,frequencia relativa de ocurrencia (%),Tabla 1,
popcat_274,Castillo Picazo 2008a,Castillo Picazo 2008,scat,artropodos,32,none,frequencia relativa de ocurrencia (%),,
popcat_275,Castillo Picazo 2008a,Castillo Picazo 2008,scat,mamiferos,9,none,frequencia relativa de ocurrencia (%),,
popcat_276,Castillo Picazo 2008a,Castillo Picazo 2008,scat,aves,6,none,frequencia relativa de ocurrencia (%),,
popcat_277,Castillo Picazo 2008a,Castillo Picazo 2008,scat,desechos antropogénicos,5,none,frequencia relativa de ocurrencia (%),,
popcat_278,Castillo Picazo 2008a,Castillo Picazo 2008,scat,reptiles,2,none,frequencia relativa de ocurrencia (%),,
popcat_279,Castillo Picazo 2008b,Castillo Picazo 2008,scat,vegetales,51,none,frequencia relativa de ocurrencia (%),,
popcat_280,Castillo Picazo 2008b,Castillo Picazo 2008,scat,artropodos,29,none,frequencia relativa de ocurrencia (%),,
popcat_281,Castillo Picazo 2008b,Castillo Picazo 2008,scat,mamiferos,16,none,frequencia relativa de ocurrencia (%),,
popcat_282,Castillo Picazo 2008b,Castillo Picazo 2008,scat,aves,5,none,frequencia relativa de ocurrencia (%),,
popcat_283,Castillo Picazo 2008b,Castillo Picazo 2008,scat,desechos antropogénicos,0,none,frequencia relativa de ocurrencia (%),,
popcat_284,Castillo Picazo 2008b,Castillo Picazo 2008,scat,reptiles,0,none,frequencia relativa de ocurrencia (%),,
popcat_285,Castellanos Morales et al. 2008,Castellanos Morales et al. 2008,scat,Plantas,32,none,frecuencia,Cuadro 3,
popcat_286,Castellanos Morales et al. 2008,Castellanos Morales et al. 2008,scat,Artrópodos,18,none,frecuencia,Cuadro 3,
popcat_287,Castellanos Morales et al. 2008,Castellanos Morales et al. 2008,scat,Mamíferos,9,none,frecuencia,Cuadro 3,
popcat_288,Castellanos Morales et al. 2008,Castellanos Morales et al. 2008,scat,Aves,6,none,frecuencia,Cuadro 3,
popcat_289,Castellanos Morales et al. 2008,Castellanos Morales et al. 2008,scat,Material no alimenticio,13,none,frecuencia,Cuadro 3,
popcat_290,Castellanos Morales et al. 2008,Castellanos Morales et al. 2008,scat,Material no identificable,3,none,frecuencia,Cuadro 3,
popcat_291,Castellanos Morales et al. 2008,Castellanos Morales et al. 2008,scat,Plantas,61.54,none,Porcentaje de occurencia,Cuadro 3,
popcat_292,Castellanos Morales et al. 2008,Castellanos Morales et al. 2008,scat,Artrópodos,34.62,none,Porcentaje de occurencia,Cuadro 3,
popcat_293,Castellanos Morales et al. 2008,Castellanos Morales et al. 2008,scat,Mamíferos,17.31,none,Porcentaje de occurencia,Cuadro 3,
popcat_294,Castellanos Morales et al. 2008,Castellanos Morales et al. 2008,scat,Aves,11.54,none,Porcentaje de occurencia,Cuadro 3,
popcat_295,Castellanos Morales et al. 2008,Castellanos Morales et al. 2008,scat,Material no alimenticio,25,none,Porcentaje de occurencia,Cuadro 3,
popcat_296,Castellanos Morales et al. 2008,Castellanos Morales et al. 2008,scat,Material no identificable,5.77,none,Porcentaje de occurencia,Cuadro 3,
popcat_297,Castellanos Morales et al. 2008,Castellanos Morales et al. 2008,scat,Plantas,39.51,none,frecuencia relativa,Cuadro 3,
popcat_298,Castellanos Morales et al. 2008,Castellanos Morales et al. 2008,scat,Artrópodos,22.22,none,frecuencia relativa,Cuadro 3,
popcat_299,Castellanos Morales et al. 2008,Castellanos Morales et al. 2008,scat,Mamíferos,11.11,none,frecuencia relativa,Cuadro 3,
popcat_300,Castellanos Morales et al. 2008,Castellanos Morales et al. 2008,scat,Aves,7.41,none,frecuencia relativa,Cuadro 3,
popcat_301,Castellanos Morales et al. 2008,Castellanos Morales et al. 2008,scat,Material no alimenticio,16.05,none,frecuencia relativa,Cuadro 3,
popcat_302,Castellanos Morales et al. 2008,Castellanos Morales et al. 2008,scat,Material no identificable,5.77,none,frecuencia relativa,Cuadro 3,
popcat_303,Burns 1961,Burns 1961,stomach,Lepidoptera,4,none,count,paragraph three; page 70,
popcat_304,Rivera Bañuelos 2016,Rivera Bañuelos 2016,scat,plantas,79.58,annual,Porcentaje de Occurencia,Figura 9,
popcat_305,Rivera Bañuelos 2016,Rivera Bañuelos 2016,scat,artrópodos,12.96,annual,Porcentaje de Occurencia,Figura 9,
popcat_306,Rivera Bañuelos 2016,Rivera Bañuelos 2016,scat,mamíferos,4.03,annual,Porcentaje de Occurencia,Figura 9,
popcat_307,Rivera Bañuelos 2016,Rivera Bañuelos 2016,scat,aves,3.19,annual,Porcentaje de Occurencia,Figura 9,
popcat_308,Rivera Bañuelos 2016,Rivera Bañuelos 2016,scat,reptiles,0.34,annual,Porcentaje de Occurencia,Figura 9,
popcat_309,Brody and Koch 1981,Brody and Koch 1981,scat,mammals,56.1,spring,% aggregate volume,page 67; Table 2,
popcat_310,Brody and Koch 1981,Brody and Koch 1981,scat,birds,21.4,spring,% aggregate volume,page 67; Table 2,
popcat_311,Brody and Koch 1981,Brody and Koch 1981,scat,insects,5.5,spring,% aggregate volume,page 67; Table 2,
popcat_312,Brody and Koch 1981,Brody and Koch 1981,scat,vegetable matter,17,spring,% aggregate volume,page 67; Table 2,
popcat_313,Castellanos Morales et al. 2009,Castellanos Morales et al. 2009,scat,material no identificable,0.04,none,frecuencia relativa,Fig. 2,estimated from figure
popcat_314,Castellanos Morales et al. 2009,Castellanos Morales et al. 2009,scat,material no alimenterio,0.16,none,frecuencia relativa,Fig. 2,estimated from figure
popcat_315,Castellanos Morales et al. 2009,Castellanos Morales et al. 2009,scat,aves,0.08,none,frecuencia relativa,Fig. 2,estimated from figure
popcat_316,Castellanos Morales et al. 2009,Castellanos Morales et al. 2009,scat,mamiferos,0.11,none,frecuencia relativa,Fig. 2,estimated from figure
popcat_317,Castellanos Morales et al. 2009,Castellanos Morales et al. 2009,scat,artrópodos,0.21,none,frecuencia relativa,Fig. 2,estimated from figure
popcat_318,Castellanos Morales et al. 2009,Castellanos Morales et al. 2009,scat,plantas,0.40,none,frecuencia relativa,Fig. 2,estimated from figure
popcat_319,Alexander et al. 1994,Alexander et al. 1994,scat,rocks,5,annual,percent frequency of occurrence,Table 1,
popcat_320,Alexander et al. 1994,Alexander et al. 1994,scat,plants,93,annual,percent frequency of occurrence,Table 1,
popcat_321,Alexander et al. 1994,Alexander et al. 1994,scat,mammal,66,annual,percent frequency of occurrence,Table 1,
popcat_322,Alexander et al. 1994,Alexander et al. 1994,scat,aves,13,annual,percent frequency of occurrence,Table 1,
popcat_323,Alexander et al. 1994,Alexander et al. 1994,scat,reptiles,2,annual,percent frequency of occurrence,Table 1,
popcat_324,Alexander et al. 1994,Alexander et al. 1994,scat,unidentified vertebrate,7,annual,percent frequency of occurrence,Table 1,
popcat_325,Alexander et al. 1994,Alexander et al. 1994,scat,Mollusca,2,annual,frequency of occurrency,Table 1,
popcat_326,Alexander et al. 1994,Alexander et al. 1994,scat,insecta,66,annual,percent frequency of occurrence,Table 1,
popcat_327,Alexander et al. 1994,Alexander et al. 1994,scat,rocks,3,annual,frequency of occurrency,Table 1,
popcat_328,Alexander et al. 1994,Alexander et al. 1994,scat,plants,52,annual,frequency of occurrency,Table 1,
popcat_329,Alexander et al. 1994,Alexander et al. 1994,scat,mammal,37,annual,frequency of occurrency,Table 1,
popcat_330,Alexander et al. 1994,Alexander et al. 1994,scat,aves,7,annual,frequency of occurrency,Table 1,
popcat_331,Alexander et al. 1994,Alexander et al. 1994,scat,reptiles,1,annual,frequency of occurrency,Table 1,
popcat_332,Alexander et al. 1994,Alexander et al. 1994,scat,unidentified vertebrate,4,annual,frequency of occurrency,Table 1,
popcat_333,Alexander et al. 1994,Alexander et al. 1994,scat,Mollusca,1,annual,frequency of occurrency,Table 1,
popcat_334,Alexander et al. 1994,Alexander et al. 1994,scat,insecta,37,annual,frequency of occurrency,Table 1,
popcat_335,Toweill and Treer 1977,Toweill and Treer 1977,scat,plants,90.6,annual,percent frequency of occurrence,from Alexader 1994,
popcat_336,Trapp 1973,Trapp 1973,scat,Mammalia,55,annual,percent frequency of occurrence,Table 10,
popcat_337,Trapp 1973,Trapp 1973,scat,Arthropoda,53,annual,percent frequency of occurrence,Table 10,
popcat_338,Trapp 1973,Trapp 1973,scat,Fruits,46,annual,percent frequency of occurrence,Table 10,
popcat_339,Trapp 1973,Trapp 1973,scat,Unidentified vegetable matter,17,annual,percent frequency of occurrence,Table 10,
popcat_340,Trapp 1973,Trapp 1973,scat,Unidentified matter,8,annual,percent frequency of occurrence,Table 10,
popcat_341,Trapp 1973,Trapp 1973,scat,"Miscellaneous (paper, foil, etc)",6,annual,percent frequency of occurrence,Table 10,
popcat_342,Trapp 1973,Trapp 1973,scat,Aves,15,annual,percent frequency of occurrence,Table 10,
popcat_343,Trapp 1973,Trapp 1973,scat,"Poikilotherms, etc",7,annual,percent frequency of occurrence,Table 10,
popcat_344,Trapp 1973,Trapp 1973,scat,Grasses & Sedges,4,annual,percent frequency of occurrence,Table 10,
popcat_345,Trapp 1973,Trapp 1973,scat,Raisins,19,annual,percent frequency of occurrence,Table 10,
popcat_346,Trapp 1973,Trapp 1973,scat,Mammalia,125,annual,count,Appendix D18,
popcat_347,Trapp 1973,Trapp 1973,scat,Arthropoda,120,annual,count,Appendix D18,
popcat_348,Trapp 1973,Trapp 1973,scat,Fruits,105,annual,count,Appendix D18,
popcat_349,Trapp 1973,Trapp 1973,scat,Unidentified vegetable matter,39,annual,count,Appendix D18,
popcat_350,Trapp 1973,Trapp 1973,scat,Unidentified matter,18,annual,count,Appendix D18,
popcat_351,Trapp 1973,Trapp 1973,scat,"Miscellaneous (paper, foil, etc)",14,annual,count,Appendix D18,
popcat_352,Trapp 1973,Trapp 1973,scat,Aves,33,annual,count,Appendix D18,
popcat_353,Trapp 1973,Trapp 1973,scat,"Poikilotherms, etc",15,annual,count,Appendix D18,
popcat_354,Trapp 1973,Trapp 1973,scat,Grasses & Sedges,10,annual,count,Appendix D18,
popcat_355,Trapp 1973,Trapp 1973,scat,Raisins,42,annual,count,Appendix D18,
popcat_356,Rivera Bañuelos 2016,,,,,,,Figura 10 ,
popcat_357,Castellanos-Amador 2009,Castellanos-Amador 2009,scat,plantas,61,none,percent relative frequency of occurrence,from text page 10 of Rivera Bañuelos 2016,
popcat_358,Castellanos-Amador 2009,Castellanos-Amador 2009,scat,mamiferos,26,none,percent relative frequency of occurrence,from text page 10 of Rivera Bañuelos 2016,
popcat_359,Castellanos-Amador 2009,Castellanos-Amador 2009,scat,insectos,13,none,percent relative frequency of occurrence,from text page 10 of Rivera Bañuelos 2016,
popcat_360,Castellanos-Amador 2009,Castellanos-Amador 2009,scat,reptiles,trace,none,percent relative frequency of occurrence,from text page 10 of Rivera Bañuelos 2016,
popcat_361,Castellanos-Amador 2009,Castellanos-Amador 2009,scat,aves,trace,none,percent relative frequency of occurrence,from text page 10 of Rivera Bañuelos 2016,
popcat_362,Jiménez-García 2008,Jiménez-García 2008,scat,"mamíferos con el 74.67%, mientras que  en  el  material  vegetal  se  observa  casi  el  mismo  porcentaje  con  el  72.67%  los  cuales   destacan  Yucca sp   (53.33%),   Malpighiaceae   (49.07%),  Taxodium mucronatum (44.44%),   sp15   (40%)   y  Bursera  sp   (39.35%)   que   fueron   los  porcentajes  mayores  en  el  consumo  anual.  Rattus  norvegicus (44.05%),  Sorex vagrans (38.61%), Liomys  irrorratus (31.48%)  y Mus  musculus (31.11%),  son  las  principales especies presas en la alimentación anual. Dentro de los artrópodos la  10mayor  preferencia  fueron Chalcididae  (50%),  Coleóptero  (36.89%)  y  Díptero  (30.56%). Los reptiles y aves fueron consumidos ocasionalmente.",74.67,,,,
popcat_363,Jiménez-García 2008,Jiménez-García 2008,scat,el material vegetal,72.67,,,,
popcat_364,Jiménez-García 2008,Jiménez-García 2008,scat,artrópodos,,,,,
popcat_365,Jiménez-García 2008,Jiménez-García 2008,scat,reptiles,trace,,,,
popcat_366,Jiménez-García 2008,Jiménez-García 2008,scat,aves,trace,,,,
popcat_367,Romero-Ramírez 2008,Romero-Ramírez 2008,scat,el material vegetal,52.5,,,,
popcat_368,Romero-Ramírez 2008,Romero-Ramírez 2008,scat,artrópodos,19.03,,,,
popcat_369,Romero-Ramírez 2008,Romero-Ramírez 2008,scat,mamíferos,12.5,,,,
popcat_370,Romero-Ramírez 2008,Romero-Ramírez 2008,scat,aves,7,,,,
popcat_371,Romero-Ramírez 2008,Romero-Ramírez 2008,scat,reptiles,12.62,,,,
popcat_372,Harrison 2012,Harrison 2012,scat,plants,82.5,none,frequency of occurrence,Table 5,
popcat_373,Harrison 2012,Harrison 2012,scat,birds,26.1,none,frequency of occurrence,Table 5,
popcat_374,Harrison 2012,Harrison 2012,scat,mammals,40.4,none,frequency of occurrence,Table 5,
popcat_375,Harrison 2012,Harrison 2012,scat,reptiles,2.2,none,frequency of occurrence,Table 5,
popcat_376,Harrison 2012,Harrison 2012,scat,unidentified vertebrate,0.1,none,frequency of occurrence,Table 5,
popcat_377,Harrison 2012,Harrison 2012,scat,arthropods,48.1,none,frequency of occurrence,Table 5,
popcat_378,Harrison 2012,Harrison 2012,scat,plants,33.6,none,relative frequency of occurrence,Table 5,
popcat_379,Harrison 2012,Harrison 2012,scat,birds,7.7,none,relative frequency of occurrence,Table 5,
popcat_380,Harrison 2012,Harrison 2012,scat,mammals,12.3,none,relative frequency of occurrence,Table 5,
popcat_381,Harrison 2012,Harrison 2012,scat,reptiles,0.7,none,relative frequency of occurrence,Table 5,
popcat_382,Harrison 2012,Harrison 2012,scat,unidentified vertebrate,0.3,none,relative frequency of occurrence,Table 5,
popcat_383,Harrison 2012,Harrison 2012,scat,arthropods,45.4,none,relative frequency of occurrence,Table 5,
popcat_384,Orloff 1976,Orloff 1976,scat,birds,45,,frequency of occurrence,from text in Lemoine 1977,
popcat_385,Orloff 1976,Orloff 1976,scat,mammals,25,,frequency of occurrence,from text in Lemoine 1977,
popcat_386,Orloff 1976,Orloff 1976,scat,plant,20,,frequency of occurrence,from text in Lemoine 1977,
popcat_387,Orloff 1976,Orloff 1976,scat,insect,60,,frequency of occurrence,from text in Lemoine 1977,
popcat_388,Orloff 1976,Orloff 1976,scat,birds,75,,percent volume,from text in Lemoine 1977,
popcat_389,Orloff 1976,Orloff 1976,scat,mammals,51,,,,
popcat_390,Orloff 1976,Orloff 1976,scat,plant,60,,,,
popcat_391,Orloff 1976,Orloff 1976,scat,insect,trace,,,,
popcat_392,Lemoine 1977,Lemoine 1977,scat,plant,66.7,spring,F%,II-50,
popcat_393,Lemoine 1977,Lemoine 1977,scat,insect,83.3,spring,F%,II-50,
popcat_394,Lemoine 1977,Lemoine 1977,scat,mammal,66.7,spring,F%,II-50,
popcat_395,Lemoine 1977,Lemoine 1977,scat,bird,88.3,spring,F%,II-50,
popcat_396,Lemoine 1977,Lemoine 1977,scat,plant,85.7,summer,F%,II-50,
popcat_397,Lemoine 1977,Lemoine 1977,scat,insect,78.6,summer,F%,II-50,
popcat_398,Lemoine 1977,Lemoine 1977,scat,mammal,64.3,summer,F%,II-50,
popcat_399,Lemoine 1977,Lemoine 1977,scat,bird,35.7,summer,F%,II-50,
popcat_400,Lemoine 1977,Lemoine 1977,scat,plant,100,fall,F%,II-50,
popcat_401,Lemoine 1977,Lemoine 1977,scat,insect,100,fall,F%,II-50,
popcat_402,Lemoine 1977,Lemoine 1977,scat,mammal,16.7,fall,F%,II-50,
popcat_403,Lemoine 1977,Lemoine 1977,scat,bird,33.3,fall,F%,II-50,
popcat_404,Lemoine 1977,Lemoine 1977,scat,plant,80.8,annual,F%,II-50,
popcat_405,Lemoine 1977,Lemoine 1977,scat,insect,80.8,annual,F%,II-50,
popcat_406,Lemoine 1977,Lemoine 1977,scat,mammal,57.5,annual,F%,II-50,
popcat_407,Lemoine 1977,Lemoine 1977,scat,bird,46.2,annual,F%,II-50,
popcat_408,Lemoine 1977,Lemoine 1977,scat,plant,61.3,spring,Vol%,II-50,
popcat_409,Lemoine 1977,Lemoine 1977,scat,insect,6.7,spring,Vol%,II-50,
popcat_410,Lemoine 1977,Lemoine 1977,scat,mammal,18.3,spring,Vol%,II-50,
popcat_411,Lemoine 1977,Lemoine 1977,scat,bird,12.0,spring,Vol%,II-50,
popcat_412,Lemoine 1977,Lemoine 1977,scat,plant,56.5,summer,Vol%,II-50,
popcat_413,Lemoine 1977,Lemoine 1977,scat,insect,6.8,summer,Vol%,II-50,
popcat_414,Lemoine 1977,Lemoine 1977,scat,mammal,21.8,summer,Vol%,II-50,
popcat_415,Lemoine 1977,Lemoine 1977,scat,bird,13.0,summer,Vol%,II-50,
popcat_416,Lemoine 1977,Lemoine 1977,scat,plant,71.5,fall,Vol%,II-50,
popcat_417,Lemoine 1977,Lemoine 1977,scat,insect,16.9,fall,Vol%,II-50,
popcat_418,Lemoine 1977,Lemoine 1977,scat,mammal,trace,fall,Vol%,II-50,
popcat_419,Lemoine 1977,Lemoine 1977,scat,bird,1,fall,Vol%,II-50,
popcat_420,Lemoine 1977,Lemoine 1977,scat,plant,61.9,annual,Vol%,II-50,
popcat_421,Lemoine 1977,Lemoine 1977,scat,insect,9.9,annual,Vol%,II-50,
popcat_422,Lemoine 1977,Lemoine 1977,scat,mammal,16.0,annual,Vol%,II-50,
popcat_423,Lemoine 1977,Lemoine 1977,scat,bird,9.7,annual,Vol%,II-50,
popcat_424,Lemoine 1977,Lemoine 1977,scat,plant,21,annual,F,Appendix C,
popcat_425,Lemoine 1977,Lemoine 1977,scat,insect,21,annual,F,Appendix C,
popcat_426,Lemoine 1977,Lemoine 1977,scat,mammal,15,annual,F,Appendix C,
popcat_427,Lemoine 1977,Lemoine 1977,scat,bird,12,annual,F,Appendix C,
popcat_428,Lemoine 1977,Lemoine 1977,scat,unidentified reptile or amphibian parts,2,annual,F,Appendix C,
popcat_429,Lemoine 1977,Lemoine 1977,scat,"debris (rock, unidentified matter)",4,annual,F,Appendix C,
popcat_430,Lemoine 1977,Lemoine 1977,scat,plant,80.8,annual,F%,Appendix C,
popcat_431,Lemoine 1977,Lemoine 1977,scat,insect,80.8,annual,F%,Appendix C,
popcat_432,Lemoine 1977,Lemoine 1977,scat,mammal,57.69,annual,F%,Appendix C,
popcat_433,Lemoine 1977,Lemoine 1977,scat,unidentified reptile or amphibian parts,7.7,annual,F%,Appendix C,
popcat_434,Lemoine 1977,Lemoine 1977,scat,"debris (rock, unidentified matter)",15.3,annual,F%,Appendix C,
popcat_435,Lemoine 1977,Lemoine 1977,scat,bird,46.15,annual,F%,Appendix C,
popcat_436,Lemoine 1977,Lemoine 1977,scat,plant,61.9,annual,Vol%,Appendix C,
popcat_437,Lemoine 1977,Lemoine 1977,scat,insect,16,annual,Vol%,Appendix C,
popcat_438,Lemoine 1977,Lemoine 1977,scat,mammal,16,annual,Vol%,Appendix C,
popcat_439,Lemoine 1977,Lemoine 1977,scat,bird,9.7,annual,Vol%,Appendix C,
popcat_440,Lemoine 1977,Lemoine 1977,scat,unidentified reptile or amphibian parts,1,annual,Vol%,Appendix C,
popcat_441,Lemoine 1977,Lemoine 1977,scat,"debris (rock, unidentified matter)",1,annual,Vol%,Appendix C,
popcat_442,Cisneros-Moreno and Martínez-Corone 2019a,Cisneros-Moreno and Martínez-Corone 2019,scat,frutos,38.46,primavera,frecuencia relativa,Cuadro 2,
popcat_443,Cisneros-Moreno and Martínez-Corone 2019a,Cisneros-Moreno and Martínez-Corone 2019,scat,pastos,1.28,primavera,frecuencia relativa,Cuadro 2,
popcat_444,Cisneros-Moreno and Martínez-Corone 2019a,Cisneros-Moreno and Martínez-Corone 2019,scat,artropodos,19.23,primavera,frecuencia relativa,Cuadro 2,
popcat_445,Cisneros-Moreno and Martínez-Corone 2019a,Cisneros-Moreno and Martínez-Corone 2019,scat,aves,17.95,primavera,frecuencia relativa,Cuadro 2,
popcat_446,Cisneros-Moreno and Martínez-Corone 2019a,Cisneros-Moreno and Martínez-Corone 2019,scat,huevos,1.28,primavera,frecuencia relativa,Cuadro 2,
popcat_447,Cisneros-Moreno and Martínez-Corone 2019a,Cisneros-Moreno and Martínez-Corone 2019,scat,mamiferos,1.28,primavera,frecuencia relativa,Cuadro 2,
popcat_448,Cisneros-Moreno and Martínez-Corone 2019a,Cisneros-Moreno and Martínez-Corone 2019,scat,dulces,12.82,primavera,frecuencia relativa,Cuadro 2,
popcat_449,Cisneros-Moreno and Martínez-Corone 2019a,Cisneros-Moreno and Martínez-Corone 2019,scat,otros,7.69,primavera,frecuencia relativa,Cuadro 2,
popcat_450,Cisneros-Moreno and Martínez-Corone 2019a,Cisneros-Moreno and Martínez-Corone 2019,scat,frutos,59.46,verano,frecuencia relativa,Cuadro 2,
popcat_451,Cisneros-Moreno and Martínez-Corone 2019a,Cisneros-Moreno and Martínez-Corone 2019,scat,pastos,0,verano,frecuencia relativa,Cuadro 2,
popcat_452,Cisneros-Moreno and Martínez-Corone 2019a,Cisneros-Moreno and Martínez-Corone 2019,scat,artropodos,13.51,verano,frecuencia relativa,Cuadro 2,
popcat_453,Cisneros-Moreno and Martínez-Corone 2019a,Cisneros-Moreno and Martínez-Corone 2019,scat,aves,18.92,verano,frecuencia relativa,Cuadro 2,
popcat_454,Cisneros-Moreno and Martínez-Corone 2019a,Cisneros-Moreno and Martínez-Corone 2019,scat,huevos,0,verano,frecuencia relativa,Cuadro 2,
popcat_455,Cisneros-Moreno and Martínez-Corone 2019a,Cisneros-Moreno and Martínez-Corone 2019,scat,mamiferos,2.70,verano,frecuencia relativa,Cuadro 2,
popcat_456,Cisneros-Moreno and Martínez-Corone 2019a,Cisneros-Moreno and Martínez-Corone 2019,scat,dulces,0,verano,frecuencia relativa,Cuadro 2,
popcat_457,Cisneros-Moreno and Martínez-Corone 2019a,Cisneros-Moreno and Martínez-Corone 2019,scat,otros,5.41,verano,frecuencia relativa,Cuadro 2,
popcat_458,Cisneros-Moreno and Martínez-Corone 2019a,Cisneros-Moreno and Martínez-Corone 2019,scat,frutos,37.04,otoño,frecuencia relativa,Cuadro 2,
popcat_459,Cisneros-Moreno and Martínez-Corone 2019a,Cisneros-Moreno and Martínez-Corone 2019,scat,pastos,3.70,otoño,frecuencia relativa,Cuadro 2,
popcat_460,Cisneros-Moreno and Martínez-Corone 2019a,Cisneros-Moreno and Martínez-Corone 2019,scat,artropodos,18.52,otoño,frecuencia relativa,Cuadro 2,
popcat_461,Cisneros-Moreno and Martínez-Corone 2019a,Cisneros-Moreno and Martínez-Corone 2019,scat,aves,33.33,otoño,frecuencia relativa,Cuadro 2,
popcat_462,Cisneros-Moreno and Martínez-Corone 2019a,Cisneros-Moreno and Martínez-Corone 2019,scat,huevos,3.70,otoño,frecuencia relativa,Cuadro 2,
popcat_463,Cisneros-Moreno and Martínez-Corone 2019a,Cisneros-Moreno and Martínez-Corone 2019,scat,mamiferos,0,otoño,frecuencia relativa,Cuadro 2,
popcat_464,Cisneros-Moreno and Martínez-Corone 2019a,Cisneros-Moreno and Martínez-Corone 2019,scat,dulces,3.70,otoño,frecuencia relativa,Cuadro 2,
popcat_465,Cisneros-Moreno and Martínez-Corone 2019a,Cisneros-Moreno and Martínez-Corone 2019,scat,otros,0,otoño,frecuencia relativa,Cuadro 2,
popcat_466,Cisneros-Moreno and Martínez-Corone 2019a,Cisneros-Moreno and Martínez-Corone 2019,scat,frutos,37.88,Invierno,frecuencia relativa,Cuadro 2,
popcat_467,Cisneros-Moreno and Martínez-Corone 2019a,Cisneros-Moreno and Martínez-Corone 2019,scat,pastos,0,Invierno,frecuencia relativa,Cuadro 2,
popcat_468,Cisneros-Moreno and Martínez-Corone 2019a,Cisneros-Moreno and Martínez-Corone 2019,scat,artropodos,13.64,Invierno,frecuencia relativa,Cuadro 2,
popcat_469,Cisneros-Moreno and Martínez-Corone 2019a,Cisneros-Moreno and Martínez-Corone 2019,scat,aves,15/15,Invierno,frecuencia relativa,Cuadro 2,
popcat_470,Cisneros-Moreno and Martínez-Corone 2019a,Cisneros-Moreno and Martínez-Corone 2019,scat,huevos,3.03,Invierno,frecuencia relativa,Cuadro 2,
popcat_471,Cisneros-Moreno and Martínez-Corone 2019a,Cisneros-Moreno and Martínez-Corone 2019,scat,mamiferos,1.52,Invierno,frecuencia relativa,Cuadro 2,
popcat_472,Cisneros-Moreno and Martínez-Corone 2019a,Cisneros-Moreno and Martínez-Corone 2019,scat,dulces,12.12,Invierno,frecuencia relativa,Cuadro 2,
popcat_473,Cisneros-Moreno and Martínez-Corone 2019a,Cisneros-Moreno and Martínez-Corone 2019,scat,otros,16.67,Invierno,frecuencia relativa,Cuadro 2,
popcat_474,Cisneros-Moreno and Martínez-Corone 2019b,Cisneros-Moreno and Martínez-Corone 2019,scat,frutos,69.23,primavera,frecuencia relativa,Cuadro 2,
popcat_475,Cisneros-Moreno and Martínez-Corone 2019b,Cisneros-Moreno and Martínez-Corone 2019,scat,pastos,0,primavera,frecuencia relativa,Cuadro 2,
popcat_476,Cisneros-Moreno and Martínez-Corone 2019b,Cisneros-Moreno and Martínez-Corone 2019,scat,artropodos,15.38,primavera,frecuencia relativa,Cuadro 2,
popcat_477,Cisneros-Moreno and Martínez-Corone 2019b,Cisneros-Moreno and Martínez-Corone 2019,scat,aves,7.69,primavera,frecuencia relativa,Cuadro 2,
popcat_478,Cisneros-Moreno and Martínez-Corone 2019b,Cisneros-Moreno and Martínez-Corone 2019,scat,huevos,0,primavera,frecuencia relativa,Cuadro 2,
popcat_479,Cisneros-Moreno and Martínez-Corone 2019b,Cisneros-Moreno and Martínez-Corone 2019,scat,mamiferos,3.85,primavera,frecuencia relativa,Cuadro 2,
popcat_480,Cisneros-Moreno and Martínez-Corone 2019b,Cisneros-Moreno and Martínez-Corone 2019,scat,dulces,0,primavera,frecuencia relativa,Cuadro 2,
popcat_481,Cisneros-Moreno and Martínez-Corone 2019b,Cisneros-Moreno and Martínez-Corone 2019,scat,otros,3.85,primavera,frecuencia relativa,Cuadro 2,
popcat_482,Cisneros-Moreno and Martínez-Corone 2019b,Cisneros-Moreno and Martínez-Corone 2019,scat,frutos,54.29,verano,frecuencia relativa,Cuadro 2,
popcat_483,Cisneros-Moreno and Martínez-Corone 2019b,Cisneros-Moreno and Martínez-Corone 2019,scat,pastos,0,verano,frecuencia relativa,Cuadro 2,
popcat_484,Cisneros-Moreno and Martínez-Corone 2019b,Cisneros-Moreno and Martínez-Corone 2019,scat,artropodos,25.71,verano,frecuencia relativa,Cuadro 2,
popcat_485,Cisneros-Moreno and Martínez-Corone 2019b,Cisneros-Moreno and Martínez-Corone 2019,scat,aves,11.43,verano,frecuencia relativa,Cuadro 2,
popcat_486,Cisneros-Moreno and Martínez-Corone 2019b,Cisneros-Moreno and Martínez-Corone 2019,scat,huevos,0,verano,frecuencia relativa,Cuadro 2,
popcat_487,Cisneros-Moreno and Martínez-Corone 2019b,Cisneros-Moreno and Martínez-Corone 2019,scat,mamiferos,2.86,verano,frecuencia relativa,Cuadro 2,
popcat_488,Cisneros-Moreno and Martínez-Corone 2019b,Cisneros-Moreno and Martínez-Corone 2019,scat,dulces,0,verano,frecuencia relativa,Cuadro 2,
popcat_489,Cisneros-Moreno and Martínez-Corone 2019b,Cisneros-Moreno and Martínez-Corone 2019,scat,otros,2.86,verano,frecuencia relativa,Cuadro 2,
popcat_490,Cisneros-Moreno and Martínez-Corone 2019b,Cisneros-Moreno and Martínez-Corone 2019,scat,frutos,66.67,otoño,frecuencia relativa,Cuadro 2,
popcat_491,Cisneros-Moreno and Martínez-Corone 2019b,Cisneros-Moreno and Martínez-Corone 2019,scat,pastos,3.33,otoño,frecuencia relativa,Cuadro 2,
popcat_492,Cisneros-Moreno and Martínez-Corone 2019b,Cisneros-Moreno and Martínez-Corone 2019,scat,artropodos,26.19,otoño,frecuencia relativa,Cuadro 2,
popcat_493,Cisneros-Moreno and Martínez-Corone 2019b,Cisneros-Moreno and Martínez-Corone 2019,scat,aves,0,otoño,frecuencia relativa,Cuadro 2,
popcat_494,Cisneros-Moreno and Martínez-Corone 2019b,Cisneros-Moreno and Martínez-Corone 2019,scat,huevos,6.67,otoño,frecuencia relativa,Cuadro 2,
popcat_495,Cisneros-Moreno and Martínez-Corone 2019b,Cisneros-Moreno and Martínez-Corone 2019,scat,mamiferos,0,otoño,frecuencia relativa,Cuadro 2,
popcat_496,Cisneros-Moreno and Martínez-Corone 2019b,Cisneros-Moreno and Martínez-Corone 2019,scat,dulces,0,otoño,frecuencia relativa,Cuadro 2,
popcat_497,Cisneros-Moreno and Martínez-Corone 2019b,Cisneros-Moreno and Martínez-Corone 2019,scat,otros,0,otoño,frecuencia relativa,Cuadro 2,
popcat_498,Cisneros-Moreno and Martínez-Corone 2019b,Cisneros-Moreno and Martínez-Corone 2019,scat,frutos,63.64,Invierno,frecuencia relativa,Cuadro 2,
popcat_499,Cisneros-Moreno and Martínez-Corone 2019b,Cisneros-Moreno and Martínez-Corone 2019,scat,pastos,0,Invierno,frecuencia relativa,Cuadro 2,
popcat_500,Cisneros-Moreno and Martínez-Corone 2019b,Cisneros-Moreno and Martínez-Corone 2019,scat,artropodos,36.36,Invierno,frecuencia relativa,Cuadro 2,
popcat_501,Cisneros-Moreno and Martínez-Corone 2019b,Cisneros-Moreno and Martínez-Corone 2019,scat,aves,0,Invierno,frecuencia relativa,Cuadro 2,
popcat_502,Cisneros-Moreno and Martínez-Corone 2019b,Cisneros-Moreno and Martínez-Corone 2019,scat,huevos,0,Invierno,frecuencia relativa,Cuadro 2,
popcat_503,Cisneros-Moreno and Martínez-Corone 2019b,Cisneros-Moreno and Martínez-Corone 2019,scat,mamiferos,0,Invierno,frecuencia relativa,Cuadro 2,
popcat_504,Cisneros-Moreno and Martínez-Corone 2019b,Cisneros-Moreno and Martínez-Corone 2019,scat,dulces,0,Invierno,frecuencia relativa,Cuadro 2,
popcat_505,Cisneros-Moreno and Martínez-Corone 2019b,Cisneros-Moreno and Martínez-Corone 2019,scat,otros,0,Invierno,frecuencia relativa,Cuadro 2,
popcat_506,Cisneros-Moreno and Martínez-Corone 2019a,Cisneros-Moreno and Martínez-Corone 2019,scat,Magnoliopsida,87,annual,frecuencia,Cuadro 1,
popcat_507,Cisneros-Moreno and Martínez-Corone 2019a,Cisneros-Moreno and Martínez-Corone 2019,scat,Liliopsida,2,annual,frecuencia,Cuadro 1,
popcat_508,Cisneros-Moreno and Martínez-Corone 2019a,Cisneros-Moreno and Martínez-Corone 2019,scat,Aves,40,annual,frecuencia,Cuadro 1,
popcat_509,Cisneros-Moreno and Martínez-Corone 2019a,Cisneros-Moreno and Martínez-Corone 2019,scat,Huevos,4,annual,frecuencia,Cuadro 1,
popcat_510,Cisneros-Moreno and Martínez-Corone 2019a,Cisneros-Moreno and Martínez-Corone 2019,scat,Arachnida,0,annual,frecuencia,Cuadro 1,
popcat_511,Cisneros-Moreno and Martínez-Corone 2019a,Cisneros-Moreno and Martínez-Corone 2019,scat,Insecta,34,annual,frecuencia,Cuadro 1,
popcat_512,Cisneros-Moreno and Martínez-Corone 2019a,Cisneros-Moreno and Martínez-Corone 2019,scat,Mammalia,3,annual,frecuencia,Cuadro 1,
popcat_513,Cisneros-Moreno and Martínez-Corone 2019a,Cisneros-Moreno and Martínez-Corone 2019,scat,Dulces,19,annual,frecuencia,Cuadro 1,
popcat_514,Cisneros-Moreno and Martínez-Corone 2019a,Cisneros-Moreno and Martínez-Corone 2019,scat,Otros,19,annual,frecuencia,Cuadro 1,
popcat_515,Cisneros-Moreno and Martínez-Corone 2019a,Cisneros-Moreno and Martínez-Corone 2019,scat,Magnoliopsida,41.83,annual,frecuencia relativa,Cuadro 1,
popcat_516,Cisneros-Moreno and Martínez-Corone 2019a,Cisneros-Moreno and Martínez-Corone 2019,scat,Liliopsida,0.96,annual,frecuencia relativa,Cuadro 1,
popcat_517,Cisneros-Moreno and Martínez-Corone 2019a,Cisneros-Moreno and Martínez-Corone 2019,scat,Aves,19.23,annual,frecuencia relativa,Cuadro 1,
popcat_518,Cisneros-Moreno and Martínez-Corone 2019a,Cisneros-Moreno and Martínez-Corone 2019,scat,Huevos,1.92,annual,frecuencia relativa,Cuadro 1,
popcat_519,Cisneros-Moreno and Martínez-Corone 2019a,Cisneros-Moreno and Martínez-Corone 2019,scat,Arachnida,0,annual,frecuencia relativa,Cuadro 1,
popcat_520,Cisneros-Moreno and Martínez-Corone 2019a,Cisneros-Moreno and Martínez-Corone 2019,scat,Insecta,16.35,annual,frecuencia relativa,Cuadro 1,
popcat_521,Cisneros-Moreno and Martínez-Corone 2019a,Cisneros-Moreno and Martínez-Corone 2019,scat,Mammalia,1.44,annual,frecuencia relativa,Cuadro 1,
popcat_522,Cisneros-Moreno and Martínez-Corone 2019a,Cisneros-Moreno and Martínez-Corone 2019,scat,Dulces,9.13,annual,frecuencia relativa,Cuadro 1,
popcat_523,Cisneros-Moreno and Martínez-Corone 2019a,Cisneros-Moreno and Martínez-Corone 2019,scat,Otros,9.13,annual,frecuencia relativa,Cuadro 1,
popcat_524,Cisneros-Moreno and Martínez-Corone 2019a,Cisneros-Moreno and Martínez-Corone 2019,scat,Magnoliopsida,n/a,annual,frecuencia de ocurrencia,Cuadro 1,
popcat_525,Cisneros-Moreno and Martínez-Corone 2019a,Cisneros-Moreno and Martínez-Corone 2019,scat,Liliopsida,n/a,annual,frecuencia de ocurrencia,Cuadro 1,
popcat_526,Cisneros-Moreno and Martínez-Corone 2019a,Cisneros-Moreno and Martínez-Corone 2019,scat,Aves,n/a,annual,frecuencia de ocurrencia,Cuadro 1,
popcat_527,Cisneros-Moreno and Martínez-Corone 2019a,Cisneros-Moreno and Martínez-Corone 2019,scat,Huevos,5.19,annual,frecuencia de ocurrencia,Cuadro 1,
popcat_528,Cisneros-Moreno and Martínez-Corone 2019a,Cisneros-Moreno and Martínez-Corone 2019,scat,Arachnida,0,annual,frecuencia de ocurrencia,Cuadro 1,
popcat_529,Cisneros-Moreno and Martínez-Corone 2019a,Cisneros-Moreno and Martínez-Corone 2019,scat,Insecta,n/a,annual,frecuencia de ocurrencia,Cuadro 1,
popcat_530,Cisneros-Moreno and Martínez-Corone 2019a,Cisneros-Moreno and Martínez-Corone 2019,scat,Mammalia,3.90,annual,frecuencia de ocurrencia,Cuadro 1,
popcat_531,Cisneros-Moreno and Martínez-Corone 2019a,Cisneros-Moreno and Martínez-Corone 2019,scat,Dulces,24.68,annual,frecuencia de ocurrencia,Cuadro 1,
popcat_532,Cisneros-Moreno and Martínez-Corone 2019a,Cisneros-Moreno and Martínez-Corone 2019,scat,Otros,24.68,annual,frecuencia de ocurrencia,Cuadro 1,
popcat_533,Cisneros-Moreno and Martínez-Corone 2019b,Cisneros-Moreno and Martínez-Corone 2019,scat,Magnoliopsida,71,annual,frecuencia,Cuadro 1,
popcat_534,Cisneros-Moreno and Martínez-Corone 2019b,Cisneros-Moreno and Martínez-Corone 2019,scat,Liliopsida,1,annual,frecuencia,Cuadro 1,
popcat_535,Cisneros-Moreno and Martínez-Corone 2019b,Cisneros-Moreno and Martínez-Corone 2019,scat,Aves,6,annual,frecuencia,Cuadro 1,
popcat_536,Cisneros-Moreno and Martínez-Corone 2019b,Cisneros-Moreno and Martínez-Corone 2019,scat,Huevos,0,annual,frecuencia,Cuadro 1,
popcat_537,Cisneros-Moreno and Martínez-Corone 2019b,Cisneros-Moreno and Martínez-Corone 2019,scat,Arachnida,1,annual,frecuencia,Cuadro 1,
popcat_538,Cisneros-Moreno and Martínez-Corone 2019b,Cisneros-Moreno and Martínez-Corone 2019,scat,Insecta,28,annual,frecuencia,Cuadro 1,
popcat_539,Cisneros-Moreno and Martínez-Corone 2019b,Cisneros-Moreno and Martínez-Corone 2019,scat,Mammalia,4,annual,frecuencia,Cuadro 1,
popcat_540,Cisneros-Moreno and Martínez-Corone 2019b,Cisneros-Moreno and Martínez-Corone 2019,scat,Dulces,0,annual,frecuencia,Cuadro 1,
popcat_541,Cisneros-Moreno and Martínez-Corone 2019b,Cisneros-Moreno and Martínez-Corone 2019,scat,Otros,2,annual,frecuencia,Cuadro 1,
popcat_542,Cisneros-Moreno and Martínez-Corone 2019b,Cisneros-Moreno and Martínez-Corone 2019,scat,Magnoliopsida,62.83,annual,frecuencia relativa,Cuadro 1,
popcat_543,Cisneros-Moreno and Martínez-Corone 2019b,Cisneros-Moreno and Martínez-Corone 2019,scat,Liliopsida,0.88,annual,frecuencia relativa,Cuadro 1,
popcat_544,Cisneros-Moreno and Martínez-Corone 2019b,Cisneros-Moreno and Martínez-Corone 2019,scat,Aves,5.31,annual,frecuencia relativa,Cuadro 1,
popcat_545,Cisneros-Moreno and Martínez-Corone 2019b,Cisneros-Moreno and Martínez-Corone 2019,scat,Huevos,0,annual,frecuencia relativa,Cuadro 1,
popcat_546,Cisneros-Moreno and Martínez-Corone 2019b,Cisneros-Moreno and Martínez-Corone 2019,scat,Arachnida,0.88,annual,frecuencia relativa,Cuadro 1,
popcat_547,Cisneros-Moreno and Martínez-Corone 2019b,Cisneros-Moreno and Martínez-Corone 2019,scat,Insecta,24.78,annual,frecuencia relativa,Cuadro 1,
popcat_548,Cisneros-Moreno and Martínez-Corone 2019b,Cisneros-Moreno and Martínez-Corone 2019,scat,Mammalia,3.54,annual,frecuencia relativa,Cuadro 1,
popcat_549,Cisneros-Moreno and Martínez-Corone 2019b,Cisneros-Moreno and Martínez-Corone 2019,scat,Dulces,0,annual,frecuencia relativa,Cuadro 1,
popcat_550,Cisneros-Moreno and Martínez-Corone 2019b,Cisneros-Moreno and Martínez-Corone 2019,scat,Otros,1.77,annual,frecuencia relativa,Cuadro 1,
popcat_551,Cisneros-Moreno and Martínez-Corone 2019b,Cisneros-Moreno and Martínez-Corone 2019,scat,Magnoliopsida,n/a,annual,frecuencia de ocurrencia,Cuadro 1,
popcat_552,Cisneros-Moreno and Martínez-Corone 2019b,Cisneros-Moreno and Martínez-Corone 2019,scat,Liliopsida,n/a,annual,frecuencia de ocurrencia,Cuadro 1,
popcat_553,Cisneros-Moreno and Martínez-Corone 2019b,Cisneros-Moreno and Martínez-Corone 2019,scat,Aves,n/a,annual,frecuencia de ocurrencia,Cuadro 1,
popcat_554,Cisneros-Moreno and Martínez-Corone 2019b,Cisneros-Moreno and Martínez-Corone 2019,scat,Huevos,0,annual,frecuencia de ocurrencia,Cuadro 1,
popcat_555,Cisneros-Moreno and Martínez-Corone 2019b,Cisneros-Moreno and Martínez-Corone 2019,scat,Arachnida,1.61,annual,frecuencia de ocurrencia,Cuadro 1,
popcat_556,Cisneros-Moreno and Martínez-Corone 2019b,Cisneros-Moreno and Martínez-Corone 2019,scat,Insecta,n/a,annual,frecuencia de ocurrencia,Cuadro 1,
popcat_557,Cisneros-Moreno and Martínez-Corone 2019b,Cisneros-Moreno and Martínez-Corone 2019,scat,Mammalia,6.45,annual,frecuencia de ocurrencia,Cuadro 1,
popcat_558,Cisneros-Moreno and Martínez-Corone 2019b,Cisneros-Moreno and Martínez-Corone 2019,scat,Dulces,0,annual,frecuencia de ocurrencia,Cuadro 1,
popcat_559,Cisneros-Moreno and Martínez-Corone 2019b,Cisneros-Moreno and Martínez-Corone 2019,scat,Otros,3.23,annual,frecuencia de ocurrencia,Cuadro 1,
popcat_560,Cinta 2013,Cinta 2013,scat,material vegetal,92,none,frecuencia de ocurrencia,Resumen,
popcat_561,Cinta 2013,Cinta 2013,scat,artrópodos,55,none,frecuencia de ocurrencia,Resumen,
popcat_562,Cinta 2013,Cinta 2013,scat,aves,8.2,none,frecuencia de ocurrencia,Resumen,
popcat_563,Cinta 2013,Cinta 2013,scat,mamíferos,3,none,frecuencia de ocurrencia,Resumen,
popcat_564,Yarchin 1988,Yarchin 1988,scat,Arthropod,69.2,annual,percent frequency of occurrence,,
popcat_565,Yarchin 1988,Yarchin 1988,scat,Fruit,79.6,annual,percent frequency of occurrence,Table 4,
popcat_566,Yarchin 1988,Yarchin 1988,scat,Mammal,55.4,annual,percent frequency of occurrence,Table 4,
popcat_567,Yarchin 1988,Yarchin 1988,scat,Bird,10.0,annual,percent frequency of occurrence,Table 4,
popcat_568,Yarchin 1988,Yarchin 1988,scat,reptiles,7.9,annual,percent frequency of occurrence,Table 4,
popcat_569,Yarchin 1988,Yarchin 1988,scat,Fish,6.2,annual,percent frequency of occurrence,Table 4,
popcat_570,Flores Rojas 2002,Flores Rojas 2002,scat,insects,4.2,annual,valor de importancia alimenticia,Figura 8,manual calculation from sum of monthly values in displayed graph
popcat_571,Flores Rojas 2002,Flores Rojas 2002,scat,vertebrates,6.2,annual,valor de importancia alimenticia,Figura 8,manual calculation from sum of monthly values in displayed graph
popcat_572,Flores Rojas 2002,Flores Rojas 2002,scat,plants,7.4,annual,valor de importancia alimenticia,Figura 8,manual calculation from sum of monthly values in displayed graph
popcat_573,Wyatt 1993,Wyatt 1993,scat,Plant,21.28,winter,percent frequency of occurrence,Table 14,
popcat_574,Wyatt 1993,Wyatt 1993,scat,Invertebrate,10.64,winter,percent frequency of occurrence,Table 14,
popcat_575,Wyatt 1993,Wyatt 1993,scat,Mammal,89.36,winter,percent frequency of occurrence,Table 14,
popcat_576,Wyatt 1993,Wyatt 1993,scat,Bird,21.28,winter,percent frequency of occurrence,Table 14,
popcat_577,Wyatt 1993,Wyatt 1993,scat,Reptile,0.00,winter,percent frequency of occurrence,Table 14,
popcat_578,Wyatt 1993,Wyatt 1993,scat,Plant,42.22,spring,percent frequency of occurrence,Table 14,
popcat_579,Wyatt 1993,Wyatt 1993,scat,Invertebrate,46.67,spring,percent frequency of occurrence,Table 14,
popcat_580,Wyatt 1993,Wyatt 1993,scat,Mammal,71.11,spring,percent frequency of occurrence,Table 14,
popcat_581,Wyatt 1993,Wyatt 1993,scat,Bird,28.89,spring,percent frequency of occurrence,Table 14,
popcat_582,Wyatt 1993,Wyatt 1993,scat,Reptile,6.67,spring,percent frequency of occurrence,Table 14,
popcat_583,Wyatt 1993,Wyatt 1993,scat,Plant,91.11,summer,percent frequency of occurrence,Table 14,
popcat_584,Wyatt 1993,Wyatt 1993,scat,Invertebrate,33.33,summer,percent frequency of occurrence,Table 14,
popcat_585,Wyatt 1993,Wyatt 1993,scat,Mammal,42.22,summer,percent frequency of occurrence,Table 14,
popcat_586,Wyatt 1993,Wyatt 1993,scat,Bird,26.67,summer,percent frequency of occurrence,Table 14,
popcat_587,Wyatt 1993,Wyatt 1993,scat,Reptile,2.22,summer,percent frequency of occurrence,Table 14,
popcat_588,Wyatt 1993,Wyatt 1993,scat,Plant,80.00,autumn,percent frequency of occurrence,Table 14,
popcat_589,Wyatt 1993,Wyatt 1993,scat,Invertebrate,20.00,autumn,percent frequency of occurrence,Table 14,
popcat_590,Wyatt 1993,Wyatt 1993,scat,Mammal,54.29,autumn,percent frequency of occurrence,Table 14,
popcat_591,Wyatt 1993,Wyatt 1993,scat,Bird,5.71,autumn,percent frequency of occurrence,Table 14,
popcat_592,Wyatt 1993,Wyatt 1993,scat,Reptile,0.00,autumn,percent frequency of occurrence,Table 14,
popcat_593,Wyatt 1993,Wyatt 1993,scat,Plant,56.98,annual,percent frequency of occurrence,Table 14,
popcat_594,Wyatt 1993,Wyatt 1993,scat,Invertebrate,27.91,annual,percent frequency of occurrence,Table 14,
popcat_595,Wyatt 1993,Wyatt 1993,scat,Mammal,65.12,annual,percent frequency of occurrence,Table 14,
popcat_596,Wyatt 1993,Wyatt 1993,scat,Bird,21.51,annual,percent frequency of occurrence,Table 14,
popcat_597,Wyatt 1993,Wyatt 1993,scat,Reptile,2.33,annual,percent frequency of occurrence,Table 14,
popcat_598,Wyatt 1993,Wyatt 1993,scat,Plant,14.29,winter,percent relative frequency of occurrence,Table 14,
popcat_599,Wyatt 1993,Wyatt 1993,scat,Invertebrate,7.14,winter,percent relative frequency of occurrence,Table 14,
popcat_600,Wyatt 1993,Wyatt 1993,scat,Mammal,64.29,winter,percent relative frequency of occurrence,Table 14,
popcat_601,Wyatt 1993,Wyatt 1993,scat,Bird,14.29,winter,percent relative frequency of occurrence,Table 14,
popcat_602,Wyatt 1993,Wyatt 1993,scat,Reptile,0.00,winter,percent relative frequency of occurrence,Table 14,
popcat_603,Wyatt 1993,Wyatt 1993,scat,Plant,19.42,spring,percent relative frequency of occurrence,Table 14,
,Wyatt 1993,Wyatt 1993,scat,Invertebrate,31.07,spring,percent relative frequency of occurrence,Table 14,
,Wyatt 1993,Wyatt 1993,scat,Mammal,33.98,spring,percent relative frequency of occurrence,Table 14,
,Wyatt 1993,Wyatt 1993,scat,Bird,12.62,spring,percent relative frequency of occurrence,Table 14,
,Wyatt 1993,Wyatt 1993,scat,Reptile,2.91,spring,percent relative frequency of occurrence,Table 14,
,Wyatt 1993,Wyatt 1993,scat,Plant,45.79,summer,percent relative frequency of occurrence,Table 14,
,Wyatt 1993,Wyatt 1993,scat,Invertebrate,22.43,summer,percent relative frequency of occurrence,Table 14,
,Wyatt 1993,Wyatt 1993,scat,Mammal,18.69,summer,percent relative frequency of occurrence,Table 14,
,Wyatt 1993,Wyatt 1993,scat,Bird,12.15,summer,percent relative frequency of occurrence,Table 14,
,Wyatt 1993,Wyatt 1993,scat,Reptile,0.93,summer,percent relative frequency of occurrence,Table 14,
,Wyatt 1993,Wyatt 1993,scat,Plant,47.62,autumn,percent relative frequency of occurrence,Table 14,
,Wyatt 1993,Wyatt 1993,scat,Invertebrate,14.29,autumn,percent relative frequency of occurrence,Table 14,
,Wyatt 1993,Wyatt 1993,scat,Mammal,34.92,autumn,percent relative frequency of occurrence,Table 14,
,Wyatt 1993,Wyatt 1993,scat,Bird,3.17,autumn,percent relative frequency of occurrence,Table 14,
,Wyatt 1993,Wyatt 1993,scat,Reptile,0.00,autumn,percent relative frequency of occurrence,Table 14,
,Wyatt 1993,Wyatt 1993,scat,Plant,31.77,annual,percent relative frequency of occurrence,Table 14,
,Wyatt 1993,Wyatt 1993,scat,Invertebrate,20.39,annual,percent relative frequency of occurrence,Table 14,
,Wyatt 1993,Wyatt 1993,scat,Mammal,35.56,annual,percent relative frequency of occurrence,Table 14,
,Wyatt 1993,Wyatt 1993,scat,Bird,11.08,annual,percent relative frequency of occurrence,Table 14,
,Wyatt 1993,Wyatt 1993,scat,Reptile,1.16,annual,percent relative frequency of occurrence,Table 14,