HarmonizedScientificName,taxon_authority,taxon_rank,Kingdom,Phylum,Class,Order,Family,Genus,Species
Abies,EOL,genus,Plantae,Tracheophyta,Pinopsida,Pinales,Pinaceae,Abies,x
Abies religiosa,not recognized,species,Plantae,Tracheophyta,Pinopsida,Pinales,Pinaceae,Abies,Abies religiosa
Acacia schaffneri,EOL,species,Plantae,Tracheophyta,Magnoliopsida,Fabales,Fabaceae,Acacia,Acacia schaffneri
Acalypha,ITIS,genus,Plantae,Tracheophyta,Magnoliopsida,Malpighiales,Euphorbiaceae,Acalypha,x
Acalypha indica,ITIS,species,Plantae,Tracheophyta,Magnoliopsida,Malpighiales,Euphorbiaceae,Acalypha,Acalypha indica
Acer,ITIS,genus,Plantae,Tracheophyta,Magnoliopsida,Sapindales,Sapindaceae,Acer,x
Acer macrophyllum,ITIS,species,Plantae,Tracheophyta,Magnoliopsida,Sapindales,Sapindaceae,Acer,Acer macrophyllum
Acheta domesticus,ITIS,species,Animalia,Arthropoda,Insecta,Orthoptera,Gryllidae,Acheta,Acheta domesticus
Acrididae,ITIS,family,Animalia,Arthropoda,Insecta,Orthoptera,Acrididae,x,x
Actitis macularius,ITIS,species,Animalia,Chordata,Aves,Charadriiformes,Scolopacidae,Actitis,Actitis macularius
Agave havardiana,ITIS,species,Plantae,Tracheophyta,Magnoliopsida,Aspargales,Asparagaceae,Agave,Agave havardiana
Agave lecheguilla,ITIS,species,Plantae,Tracheophyta,Magnoliopsida,Aspargales,Asparagaceae,Agave,Agave lecheguilla
Aidemona,ITIS,genus,Animalia,Arthropoda,Insecta,Orthoptera,Acrididae,Aidemona,x
Aizoaceae,ITIS,family,Plantae,Tracheophyta,Magnoliopsida,Caryophyllales,Aizoaceae,x,x
Alnus,ITIS,genus,Plantae,Tracheophyta,Magnoliopsida,Fagales,Betulaceae,Alnus,x
Alydidae,ITIS,family,Animalia,Arthropoda,Insecta,Hemiptera,Alydidae,x,x
Alydus,ITIS,genus,Animalia,Arthropoda,Insecta,Hemiptera,Alydidae,Alydus,x
Amara,ITIS,genus,Animalia,Arthropoda,Insecta,Coleoptera,Carabidae,Amara,x
Amaranthaceae,ITIS,family,Plantae,Tracheophyta,Magnoliopsida,Caryophyllales,Amaranthaceae,x,x
Amblypygi,ITIS,order,Animalia,Arthropoda,Euchelicerata,Amblypygi,x,x,x
Amelanchier,ITIS,genus,Plantae,Tracheophyta,Magnoliopsida,Rosales,Rosaceae,Amelanchier,x
Ammospermophillus leucurus,ITIS,species,Animalia,Chordata,Mammalia,Rodentia,Sciuridae,Ammospermophillus,Ammospermophillus leucurus
Ammospermophilus insularis,ITIS,species,Animalia,Chordata,Mammalia,Rodentia,Sciuridae,Ammospermophilus,Ammospermophilus insularis
Ammospermophilus leucurus,ITIS,species,Animalia,Chordata,Mammalia,Rodentia,Sciuridae,Ammospermophilus,Ammospermophilus leucurus
Amphispiza bilineata,ITIS,species,Animalia,Chordata,Aves,Passeriformes,Emberizidae,Amphispiza,Amphispiza bilineata
Anacardiaceae,ITIS,family,Plantae,Tracheophyta,Magnoliopsida,Sapindales,Anacardiaceae,x,x
Aneides,ITIS,genus,Animalia,Chordata,Amphibia,Caudata,Plethodontidae,Aneides,x
Animalia,ITIS,kingdom,Animalia,x,x,x,x,x,x
Anniella pulchra,ITIS,species,Animalia,Chordata,Reptilia,Squamata,Anguidae,Anniella,Anniella pulchra
Annona muricata,ITIS,species,Plantae,Tracheophyta,Magnoliopsida,Magnoliales,Annonaceae,Annona,Annona muricata
Anthicus dilaticollis,ITIS,species,Animalia,Arthropoda,Insecta,Coleoptera,Tenebrionidae,Anthicus,Anthicus dilaticollis
Anthomyiidae,ITIS,family,Animalia,Arthropoda,Insecta,Diptera,Anthomyiidae,x,x
Antigonon leptopus,ITIS,species,Plantae,Tracheophyta,Magnoliopsida,Caryophyllales,Polygonaceae,Antigonon,Antigonon leptopus
Antrozous pallidus,ITIS,species,Animalia,Chordata,Mammalia,Chiroptera,Vespertilionoidae,Antrozous,Antrozous pallidus
Anura,ITIS,order,Animalia,Chordata,Amphibia,Anura,x,x,x
Aphididae,ITIS,family,Animalia,Arthropoda,Insecta,Hemiptera,Aphididae,x,x
Apidae,ITIS,family,Animalia,Arthropoda,Insecta,Hymenoptera,Apidae,x,x
Apis mellifera,ITIS,species,Animalia,Arthropoda,Insecta,Hymenoptera,Apidae,Apis,Apis mellifera
Apoidea,ITIS,superfamily,Animalia,Arthropoda,Insecta,Hymenoptera,Apidae,x,x
Arachis hypogaea,ITIS,species,Plantae,Tracheophyta,Magnoliopsida,Fabales,Fabaceae,Arachis,Arachis hypogaea
Arachnida,ITIS,subclass,Animalia,Arthropoda,Euchelicerata,x,x,x,x
Aralia humilis,EOL,species,Plantae,Tracheophyta,Magnoliopsida,Apiales,Araliaceae,Aralia,Aralia pubescens
Aralia humilis,ITIS,species,Plantae,Tracheophyta,Magnoliopsida,Apiales,Araliaceae,Aralia,Aralia humilis
Aranae,ITIS,order,Animalia,Arthropoda,Euchelicerata,Araeneae,x,x,x
Aranea,ITIS,order,Animalia,Arthropoda,Euchelicerata,Araeneae,x,x,x
Araneae,ITIS,order,Animalia,Arthropoda,Euchelicerata,Araneae,x,x,x
Araneidae,ITIS,family,Animalia,Arthropoda,Euchelicerata,Araneae,Araneidae,x,x
Arbutus,ITIS,genus,Plantae,Tracheophyta,Magnoliopsida,Ericales,Ericaceae,Arbutus,x
Arcostaphylos patula,ITIS,species,Plantae,Tracheophyta,Magnoliopsida,Ericales,Ericaceae,Arctostaphylos,Arctostaphylos patula
Arctostaphylos,ITIS,genus,Plantae,Tracheophyta,Magnoliopsida,Ericales,Ericaceae,Arctostaphylos,x
Arctostaphylos manzanita ssp. elegans,ITIS,subspecies,Plantae,Tracheophyta,Magnoliopsida,Ericales,Ericaceae,Arctostaphylos,Arctostaphylos manzanita
Arctostaphylos pungens,ITIS,species,Plantae,Tracheophyta,Magnoliopsida,Ericales,Ericaceae,Arctostaphylos,Arctostaphylos pungens
Arecaceae,ITIS,family,Plantae,Tracheophyta,Magnoliopsida,Arecales ,Arecaceae,x,x
Arthropoda,ITIS,phylum,Animalia,Arthropoda,x,x,x,x,x
Asilidae ,ITIS,family,Animalia,Arthropoda,Insecta,Diptera,Asilidae ,x,x
Aspidocelis,EOL,genus,Animalia,Chordata,Reptilia,Squamata,Teiidae,Aspidoscelis,x
Astacoidea,ITIS,superfamily,Animalia,Arthropoda,Malacostraca,Decapoda,x,x,x
Asteraceae,ITIS,family,Plantae,Tracheophyta,Magnoliopsida,Asterales,Asteraceae,x,x
Atractus trihedrurus,ITIS,species,Animalia,Chordata,Reptilia,Squamata,Colubridae,Attractus,Atractus trihedrurus
Atta cephalotes,ITIS,species,Animalia,Arthropoda,Insecta,Hymenoptera,Formicidae,Atta,Atta cephalotes
Aves,ITIS,class,Animalia,Chordata,Aves,x,x,x,x
Baiomys musculus,ITIS,species,Animalia,Chordata,Mammalia,Rodentia,Cricetidae,Baiomys,Baiomys musculus
Baiomys taylori,ITIS,species,Animalia,Chordata,Mammalia,Rodentia,Cricetidae,Baiomys,Baiomys taylori
Bassariscus astutus,ITIS,species,Animalia,Chordata,Mammalia,Carnivora,Procyonidae,Bassariscus,Bassariscus astutus
Batrachoseps gregarius,ITIS,species,Animalia,Chordata,Amphibia,Caudata,Plethodontidae,Batrachoseps,Batrachoseps gregarius
Batrachoseps kawia,ITIS,species,Animalia,Chordata,Amphibia,Caudata,Plethodontidae,Batrachoseps,Batrachoseps kawia
Batrachoseps regius,ITIS,species,Animalia,Chordata,Amphibia,Caudata,Plethodontidae,Batrachoseps,Batrachoseps regius
Batrachoseps simatus,ITIS,species,Animalia,Chordata,Amphibia,Caudata,Plethodontidae,Batrachoseps,Batrachoseps simatus
Berberis,ITIS,genus,Plantae,Tracheophyta,Magnoliopsida,Ranunculales,Berberidaceae,Berberis,x
Bidens,EOL,genus,Plantae,Tracheophyta,Magnoliopsida,Asterales,Asteraceae,Bidens,x
Bidens pilosa,EOL,species,Plantae,Tracheophyta,Magnoliopsida,Asterales,Asteraceae,Bidens,Bidens odotara
Bidens serrulata,EOL,species,Plantae,Tracheophyta,Magnoliopsida,Asterales,Asteraceae,Bidens,Bidens serrulata
Blattidae,ITIS,family,Animalia,Arthropoda,Insecta,Blattodea,Blattidae,x,x
Blattodea,ITIS,order,Animalia,Arthropoda,Insecta,Blattodea,x,x,x
Bone,ITIS,phylum,Animalia,Chordata,x,x,x,x,x
Bourreria sonorae,EOL,species,Plantae,Tracheophyta,Magnoliopsida,Boraginales,Boraginaceae,Bourreriea,Bourreria sonorae
Bouvardia ternifolia,ITIS,species,Plantae,Tracheophyta,Magnoliopsida,Gentianales,Rubiaceae,Bouvardia,Bouvardia ternifolia
Brachystola magna,ITIS,species,Animalia,Arthropoda,Insecta,Orthoptera,Romaleidae ,Brachystola,Brachystola magna
Braconidae,ITIS,family,Animalia,Arthropoda,Insecta,Hymenoptera,Braconidae,x,x
Brassica,ITIS,genus,Plantae,Tracheophyta,Magnoliopsida,Brassicales,Brassicaceae,Brassica,x
Brogniartia intermedia,EOL,species,Plantae,Tracheophyta,Magnoliopsida,Fabales,Fabaceae,Brogniartia,Brogniartia intermedia
Bryophyta,ITIS,phylum,Plantae,Bryophyta,x,x,x,x,x
Bubo virginianus,ITIS,species,Animalia,Chordata,Aves,Strigiformes,Stridae,Bubo,Bubo virginianus
Bufonidae,ITIS,family,Animalia,Chordata,Amphibia,Anura,Bufonidae,x,x
Bursera,ITIS,genus,Plantae,Tracheophyta,Magnoliopsida,Sapindales,Burseraceae,Bersera,x
Bursera hindsiana,EOL,species,Plantae,Tracheophyta,Magnoliopsida,Sapindales,Burseraceae,Bersera,Bursera hindsiana
Burseraceae,ITIS,family,Plantae,Tracheophyta,Magnoliopsida,Sapindales,Burseraceae,x,x
Buthidae,ITIS,family,Animalia,Arthropoda,Arachnida,Scorpiones,Buthidae,x,x
Cactacea,ITIS,family,Plantae,Tracheophyta,Magnoliopsida,Caryophyllales,Cactacea,x,x
Cactaceae,ITIS,family,Plantae,Tracheophyta,Magnoliopsida,Caryophyllales,Cactaceae,x,x
Caelifera,ITIS,suborder,Animalia,Arthropoda,Insecta,Orthoptera,x,x,x
Calliandra eriophylla,ITIS,species,Plantae,Tracheophyta,Magnoliopsida,Fabales,Fabaceae,Calliandra,Calliandra eriophylla
Callicarpa americana,ITIS,species,Plantae,Tracheophyta,Magnoliopsida,Lamiales,Lamiaceae,Callicarpa,Callicarpa americana
Callisaurus draconoides,ITIS,species,Animalia,Chordata,Reptilia,Squamata,Phrynosomatidae,Callisarus,Callisaurus draconoides
Callospermophilus lateralis,ITIS,species,Animalia,Chordata,Mammalia,Rodentia,Sciuridae,Callospermophilus,Callospermophilus lateralis
Calocedrus decurrens,ITIS,species,Plantae,Tracheophyta,Pinopsida,Pinales,Cupressaceae,Calocedrus,Calocedrus decurrens
Cambarus,ITIS,genus,Animalia,Arthropoda,Malacostraca,Decapoda,Cambaridae,Cambarus,x
Camponotus,ITIS,genus,Animalia,Arthropoda,Insecta,Hymenoptera,Formicidae,Camponotus,x
Campylorhynchus brunneicapillus,ITIS,species,Animalia,Chordata,Aves,Passeriformes,Troglodytidae,Campylorhynchus,Campylorhynchus brunneicapillus
Capra hircus,ITIS,species,Animalia,Chordata,Mammalia,Artiodactyla,Bovidae,Capra,Capra hircus
Caprinus capra,ITIS,species,Animalia,Chordata,Mammalia,,,Carpinus,Carpinus capra
Capsicum,ITIS,genus,Plantae,Tracheophyta,Magnoliopsida,Solanales,Solanaceae,Capsicum,x
Carabidae,ITIS,family,Animalia,Arthropoda,Insecta,Coleoptera,Carabidae,x,x
Cardinalidae,ITIS,family,Animalia,Chordata,Aves,Passeriformes,Cardinalidae,x,x
Cardinalis cardinalis,ITIS,species,Animalia,Chordata,Aves,Passeriformes,Cardinalidae,Cardinalis,Cardinalis cardinalis
Carpinus,ITIS,genus,Plantae,Tracheophyta,Magnoliopsida,Fagales,Betulaceae,Carpinus,x
Castela peninsularis,EOL,species,Plantae,Tracheophyta,Magnoliopsida,Sapindales,Simaroubaceae,Castela,Castela peninsularis
Cathartes aura,ITIS,species,Animalia,Chordata,Aves,Accipitriformes,Carthatridae,Carthartes,Cathartes aura
Celtis,ITIS,genus,Plantae,Tracheophyta,Magnoliopsida,Rosales,Cannabaceae,Celtis,x
Celtis occidentalis,ITIS,species,Plantae,Tracheophyta,Magnoliopsida,Rosales,Cannabaceae,Celtis,Celtis occidentalis
Celtis pallida,ITIS,species,Plantae,Tracheophyta,Magnoliopsida,Rosales,Cannabaceae,Celtis,Celtis pallida
Celtis reticulata,ITIS,species,Plantae,Tracheophyta,Magnoliopsida,Rosales,Cannabaceae,Celtis,Celtis reticulata
Cerambycidae,ITIS,family,Animalia,Arthropoda,Insecta,Coleoptera,Cerambycidae,x,x
Chaetodipus,ITIS,genus,Animalia,Chordata,Mammalia,Rodentia,Heteromyidae,Chaetodipus,x
Chaetodipus formosus,ITIS,species,Animalia,Chordata,Mammalia,Rodentia,Heteromydae,Chaetodipus,Chaetodipus formosus
Chaetodipus intermedius,ITIS,species,Animalia,Chordata,Mammalia,Rodentia,Heteromyidae,Chaetodipus,Chaetodipus intermedius
Chaetodipus spinatus,ITIS,species,Animalia,Chordata,Mammalia,Rodentia,Heteromydae,Chaetodipus,Chaetodipus spinatus
Chalcididae ,ITIS,family,Animalia,Arthropoda,Insecta,Hymenoptera,Chalcididae ,x,x
Chamaecrista greggii var. macdougaliana,EOL,species,Plantae,Tracheophyta,Magnoliopsida,Fabales,Fabaceae,Chamaecrista,Chamaecrista greggii var. macdougaliana
Charina,ITIS,genus,Animalia,Chordata,Reptilia,Squamata,Charinidae,Charina,x
Chilomeniscus stramineus,ITIS,species,Animalia,Chordata,Reptilia,Squamata,Colubridae,Chilomeniscus,Chilomeniscus stramineus
Chilopoda,ITIS,class,Animalia,Arthropoda,Chilopoda,x,x,x,x
Chordata,ITIS,phylum,Animalia,Chordata,x,x,x,x,x
Chrysina,ITIS,genus,Animalia,Arthropoda,Insecta,Coleoptera,Scarabaeidae,Chrysina,x
Chrysomelidae,ITIS,family,Animalia,Arthropoda,Insecta,Coleoptera,Chrysomelidae,x,x
Cicadidae,ITIS,family,Animalia,Arthropoda,Insecta,Hemiptera,Cicadidae,x,x
Cnemidophorus,ITIS,genus,Animalia,Chordata,Reptilia,Squamata,Teiidae,Cnemidophorus,x
Cnemidophorus tigris,ITIS,species,Animalia,Chordata,Reptilia,Squamata,Teiidae,Cnemidophorus,Cnemidophorus tigris
Coccinellidae,ITIS,family,Animalia,Arthropoda,Insecta,Coleoptera,Coccinellidae,x,x
Cocculus carolinus,ITIS,species,Plantae,Tracheophyta,Magnoliopsida,Ranunculales,Menispermacea,Cocculus,Cocculus carolinus
Colaptes,ITIS,genus,Animalia,Chordata,Aves,Piciformes,Picidae,Colaptes,x
Colaptes auratus,ITIS,species,Animalia,Chordata,Aves,Piciformes,Picidae,Colaptes,Colaptes auratus
Coleonyx variegatus,ITIS,species,Animalia,Chordata,Reptilia,Squamata,Eublepharidae,Coleonyx,Coleonyx variegatus
Coleoptera,ITIS,order,Animalia,Arthropoda,Insecta,Coleoptera,x,x,x
Colinus virginianus,ITIS,species,Animalia,Chordata,Aves,Galliformes,Odontophoridae,Colinus,Colinus virginianus
Coluber,ITIS,genus,Animalia,Chordata,Reptilia,Squamata,Colubridae,Coluber,x
Coluber lateralis,ITIS,species,Animalia,Chordata,Reptilia,Squamata,Colubridae,Coluber,Coluber lateralis
Colubridae,ITIS,family,Animalia,Chordata,Reptilia,Squamata,Colubridae,x,x
Colubrinae,ITIS,subfamily,Animalia,Chordata,Reptilia,Squamata,Colubridae,x,x
Commelinaceae,ITIS,family,Plantae,Tracheophyta,Magnoliopsida,Commelinales,Commelinaceae,x,x
Condalia,ITIS,genus,Plantae,Tracheophyta,Magnoliopsida,Rosales,Rhamnaceae,Condalia,x
Condalia globosa,ITIS,species,Plantae,Tracheophyta,Magnoliopsida,Rosales,Rhamnaceae,Condalia,Condalia globosa
Condalia mexicana,ITIS,species,Plantae,Tracheophyta,Magnoliopsida,Rosales,Rhamnaceae,Condalia,Condalia mexicana
Contia tenuis,ITIS,species,Animalia,Chordata,Reptilia,Squm,Colubridae,Contia,Contia tenuis
Cordia,ITIS,genus,Plantae,Tracheophyta,Magnoliopsida,Boraginales,Cordiaceae,Cordia,x
Coreidae,ITIS,family,Animalia,Arthropoda,Insecta,Hemiptera,Coreidae,x,x
Cornus,ITIS,genus,Plantae,Tracheophyta,Magnoliopsida,Cornales,Cornaceae,Cornus,x
Corynorhinus townsendii,ITIS,species,Animalia,Chordata,Mammalia,Chiroptera,Vespertilionidae,Corynorhinus,Corynorhinus townsendii
Crataegus mexicana,ITIS,species,Plantae,Tracheophyta,Magnoliopsida,Rosales,Rosaceae,Crataegus,Crataegus mexicana
Crematogaster,ITIS,genus,Animalia,Arthropoda,Insecta,Hymenoptera,Formicidae,Crematogaster,x
Cricetidae,ITIS,family,Animalia,Chordata,Mammalia,Rodentia,Cricetidae,x,x
Crotalus,ITIS,genus,Animalia,Chordata,Reptilia,Squamata,Viperidae,Crotalus,x
Crotaphytus collaris,ITIS,species,Animalia,Chordata,Reptilia,Squamata,Crotaphytidae,Crotaphytus,Crotaphytus collaris
Croton ehrenbergii,ITIS,species,Plantae,Tracheophyta,Magnoliopsida,Malpighiales,Euphorbiaceae,Croton,Croton ehrenbergii
Croton jucundus ,ITIS,species,Plantae,Tracheophyta,Magnoliopsida,Malpighiales,Euphorbiaceae,Croton,Croton jucundus 
Crustacea,ITIS,subphylum,Animalia,Arthropoda,x,x,x,x,x
Cryptotis parva,ITIS,species,Animalia,Chordata,Mammalia,Soricomorpha,Soricidae,Cryptotis,Cryptotis parva
Cucujoidea,ITIS,superfamily,Animalia,Arthropoda,Insecta,Coleoptera,x,x,x
Cucurbita,ITIS,genus,Plantae,Tracheophyta,Magnoliopsida,Cucurbitales,Cucurbitaceae,Cucurbita,x
Cucurbitaceae,ITIS,family,Plantae,Tracheophyta,Magnoliopsida,Cucurbitales,Cucurbitaceae,x,x
Cucurbitaceae sp,ITIS,family,Plantae,Tracheophyta,Magnoliopsida,Cucurbitales,Cucurbitaceae,x,x
Curculionidae,ITIS,family,Animalia,Arthropoda,Insecta,Coleoptera,Curculionidae,x,x
Cyanocitta cristata,ITIS,species,Animalia,Chordata,Aves,Passeriformes,Corvidae,Cyanocitta,Cyanocitta cristata
Cydnidae,ITIS,family,Animalia,Arthropoda,Insecta,Hemiptera,Cydnidae,x,x
Cylindropuntia imbricata,ITIS,species,Plantae,Tracheophyta,Magnoliopsida,Caryophyllales,Cactaceae,Cylindropuntia,Cylindropuntia imbricata
Cyperaceae,ITIS,family,Plantae,Tracheophyta,Magnoliopsida,Poales,Cyperaceae,x,x
debris,not recognized,inorganic,x,x,x,x,x,x,x
Decapoda,ITIS,order,Animalia,Arthropoda,Malacostraca,Decapoda,x,x,x
Dermaptera,ITIS,order,Animalia,Arthropoda,Insecta,Dermaptera,x,x,x
Diadophis punctatus,ITIS,species,Animalia,Chordata,Reptilia,Squamata,Colubridae,Diadophis,Diadophis punctatus
Dichotomius carolinus,ITIS,species,Animalia,Arthropoda,Insecta,Coleoptera,Scarabaeidae,Dichotomius,Dichotomius carolinus
Didelphis virginiana,ITIS,species,Animalia,Chordata,Mammalia,Didelphimorphia,Didelphidae,Didelphis,Didelphis virginiana
Diospyros,ITIS,genus,Plantae,Tracheophyta,Magnoliopsida,Ericales,Ebenaceae,Diospyros,x
Diospyros ,ITIS,genus,Plantae,Tracheophyta,Magnoliopsida,Ericales,Ebenaceae,Diospyros,x
Diospyros texana,ITIS,species,Plantae,Tracheophyta,Magnoliopsida,Ericales,Ebenaceae,Diospyros,Diospyros texana
Diospyros virginiana,ITIS,species,Plantae,Tracheophyta,Magnoliopsida,Ericales,Ebenaceae,Diospyros,Diospyros virginiana
Diplopoda,ITIS,class,Animalia,Arthropoda,Diplopoda,x,x,x,x
Dipodomys,ITIS,genus,Animalia,Chordata,Mammalia,Rodentia,Heteromyidae,Dipodomys,x
Dipodomys merriami insularis,ITIS,species,Animalia,Chordata,Mammalia,Rodentia,Heteromyidae,Dipodomys,Dipodomys merriami insularis
Dipodomys ordii,ITIS,species,Animalia,Chordata,Mammalia,Rodentia,Heteromyidae,Dipodomys,Dipodomys ordii
Dipsosaurus dorsalis,ITIS,species,Animalia,Chordata,Reptilia,Squamata,Iguanidae,Diposaurus,Dipsosaurus dorsalis
Diptera,ITIS,order,Animalia,Arthropoda,Insecta,Diptera,x,x,x
Dolichovespula,ITIS,genus,Animalia,Arthropoda,Insecta,Hymenoptera,Vespidae,Dolichovespula,x
Domestic animal food,not recognized,human-influenced,Human-Influenced,Human-Influenced,Human-Influenced,Human-Influenced,Human-Influenced,Human-Influenced,Human-Influenced
Echinocereus cinerascens,ITIS,species,Plantae,Tracheophyta,Magnoliopsida,Caryophyllales,Cactaceae,Echinocereus,Echinocereus cinerascens
Echinocerus,ITIS,genus,Plantae,Tracheophyta,Magnoliopsida,Caryophyllales,Cactaceae,Echinocereus,x
Egretta caerulea,ITIS,species,Animalia,Chordata,Aves,Pelecaniformes,Ardeidae,Egretta,Egretta caerulea
Ehretia anacua,ITIS,species,Plantae,Tracheophyta,Magnoliopsida,Boraginales,Ehretiaceae,Ehretia,Ehretia anacua
Elateridae,ITIS,family,Animalia,Arthropoda,Insecta,Coleoptera,Elateridae,x,x
Eleodes,EOL,genus,Animalia,Arthropoda,Insecta,Coleoptera,Tenebrionidae,Eleodes,x
Elgaria,ITIS,genus,Animalia,Chordata,Reptilia,Squamata,Anguidae,Elgaria,x
Elgaria coerulea,ITIS,species,Animalia,Chordata,Reptilia,Squamata,Anguidae,Elgaria,Elgaria coerulea
Elgaria multicarinata,ITIS,species,Animalia,Chordata,Reptilia,Squamata,Anguidae,Elgaria,Elgaria multicarinata
Emberizidae,ITIS,family,Animalia,Chordata,Aves,Passeriformes,Emberizidae,x,x
Encelia farinosa,ITIS,species,Plantae,Tracheophyta,Magnoliopsida,Asterales,Asteraceae,Encelia,Encelia farinosa
Ensatina escholtzi,ITIS,species,Animalia,Chordata,Amphibia,Caudata,Plethodintidae,Ensatina,Ensatina escholtzi
Ephedra,ITIS,genus,Plantae,Tracheophyta,Gnetopsida,Ephedrales,Ephedraceae,Ephedra,x
Eremobates,ITIS,genus,Animalia,Arthropoda,Euchelicerata,Solifugae,Eremobatidae,Eremobates,x
Ericaceae,ITIS,family,Plantae,Tracheophyta,Magnoliopsida,Asteranae,Ericales,Ericaceae,x
Eriobotrya,ITIS,genus,Plantae,Tracheophyta,Magnoliopsida,Rosales,Rosaceae,Eriobotrya,x
Eublapharidae,ITIS,family,Animalia,Chordata,Reptilia,Squamata,Eublepharidae,x,x
Eublepharidae,ITIS,family,Animalia,Chordata,Reptilia,Squamata,Eublepharidae,x,x
Eukaryote,ITIS,domain,x,x,x,x,x,x,x
Eumeces gilberti,ITIS,species,Animalia,Chordata,Reptilia,Squamata,Scincidae,Eumeces,Eumeces gilberti
Eumeces skiltonianus,ITIS,species,Animalia,Chordata,Reptilia,Squamata,Scincidae,Eumeces,Eumeces skiltonianus
Euphorbia serpylifolia,ITIS,species,Plantae,Tracheophyta,Magnoliopsida,Malpighiales,Euphorbiaceae,Euphorbia,Euphorbia serpylifolia
Fabaceae,ITIS,family,Plantae,Tracheophyta,Magnoliopsida,Fabales,Fabaceae,x,x
Falco peregrinus,ITIS,species,Animalia,Chordata,Aves,Falconiformes,Falconidae,Falco,Falco peregrinus
Felis catus,ITIS,species,Animalia,Chordata,Mammalia,Carnivora,Felidae,Felis,Felis catus
Ferocactus histrix,ITIS,species,Plantae,Tracheophyta,Magnoliopsida,Caryophyllales,Cataceae,Ferocactus,Ferocactus histrix
Ferocactus histrix,ITIS,species,Plantae,Tracheophyta,Magnoliopsida,Caryophyllales ,Cactaceae,Ferocactus,Ferocactus histrix
Fiber,not recognized,human-influenced,Human-Influenced,Human-Influenced,Human-Influenced,Human-Influenced,Human-Influenced,Human-Influenced,Human-Influenced
Ficus,ITIS,genus,Plantae,Tracheophyta,Magnoliopsida,Rosales,Moraceae,Ficus,x
Ficus carica,ITIS,species,Plantae,Tracheophyta,Magnoliopsida,Rosales,Moraceae,Ficus,Ficus carica
Ficus palmeri,EOL,species,Plantae,Tracheophyta,Magnoliopsida,Rosales,Moraceae,Ficus,Ficus palmeri
Foil,not recognized,human-influenced,Human-Influenced,Human-Influenced,Human-Influenced,Human-Influenced,Human-Influenced,Human-Influenced,Human-Influenced
Forchamera watsonii,EOL,species,Plantae,Tracheophyta,Magnoliopsida,Brassicales,Resedaceae,Forchhammeria,Forchhammeria watsonii
Forestiera macrocarpa,EOL,species,Plantae,Tracheophyta,Magnoliopsida,Lamiales,Oleaceae,Forestiera,Forestiera macrocarpa
Forficula,ITIS,genus,Animalia,Arthropoda,Insecta,Dermaptera,Forficulidae,Forficula,x
Formicidae,ITIS,family,Animalia,Arthropoda,Insecta,Hymenoptera,Formicidae,x,x
Fragaria X ananassa,ITIS,species,Plantae,Tracheophyta,Magnoliopsida,Rosales,Rosaceae,Fragaria,Fragaria X ananassa
Fringillidae,ITIS,family,Animalia,Chordata,Aves,Passeriformes,Fringillidae,x,x
Fulica americana,ITIS,species,Animalia,Chordata,Aves,Gruliformes,Rallidae,Fulica,Fulica americana
Gaillardia pulchella,ITIS,species,Plantae,Tracheophyta,Magnoliopsida,Asterales,Asteraceae,Gaillardia,Gaillardia pulchella
Galliformes,ITIS,order,Animalia,Chordata,Aves,Galliformes,x,x,x
Gallus gallus,ITIS,species,Animalia,Chordata,Aves,Galliformes,Phasianidae,Gallus,Gallus gallus
Gallus gallus domesticus,ITIS,species,Animalia,Chordata,Aves,Galliformes,Phasianidae,Gallus,Gallus gallus
Gaultheria shallon,ITIS,species,Plantae,Tracheophyta,Magnoliopsida,Ericales,Ericaceae,Gaultheria,Gaultheria shallon
Geomyidae,ITIS,family,Animalia,Chordata,Mammalia,Rodentia,Geomyidae,x,x
Geranium,ITIS,genus,Plantae,Tracheophyta,Magnoliopsida,Geraniales ,Geraniaceae,Geranium,x
Glaucomys sabrinus,ITIS,species,Animalia,Chordata,Mammalia,Rodentia,Sciuridae,Glaucomys,Glaucomys sabrinus
Glaucomys volans,ITIS,species,Animalia,Chordata,Mammalia,Rodentia,Scuiridae,Glaucomys,Glaucomys volans
Gleditsia triacanthos,ITIS,species,Plantae,Tracheophyta,Magnoliopsida,Fabales,Fabaceae,Gleditsia,Gleditsia triacanthos
Gnaphalium,ITIS,genus,Plantae,Tracheophyta,Magnoliopsida,Asterales,Asteraceae,Gnaphalium,x
Gomphocerinae,ITIS,subfamily,Animalia,Arthropoda,Insecta,Orthoptera,Acrididae,x,x
Gossypium,ITIS,genus,Plantae,Tracheophyta,Magnoliopsida,Mavales,Malvaceae,Gossypium,x
Gryllacrididae,ITIS,family,Animalia,Arthropoda,Insecta,Orthoptera,Gryllacrididae,x,x
Gryllidae,ITIS,family,Animalia,Arthropoda,Insecta,Orthoptera,Gryllidae,x,x
Grylloidea,ITIS,superfamily,Animalia,Arthropoda,Insecta,Orthoptera,x,x,x
Gryllus,ITIS,genus,Animalia,Arthropoda,Insecta,Orthoptera,Gryllidae,Gryllus,x
Haemorhous mexicanus,ITIS,species,Animalia,Chordata,Aves,Passeriformes,Fringillidae,Haemorhous,Haemorhous mexicanus
Haldea striatula,ITIS,species,Animalia,Chordata,Reptilia,Squamata,Colubridae,Haldea,Haldea striatula
Helianthus,ITIS,genus,Plantae,Tracheophyta,Magnoliopsida,Asterales,Asteraceae,Helianthus,x
Helops,EOL,genus,Animalia,Arthropoda,Insecta,Coleoptera,Tenebrionidae,Helops,x
Hemiptera,ITIS,order,Animalia,Arthropoda,Insecta,Hemiptera,x,x,x
Heteromys irroratus,MDD,species,Animalia,Chordata,Mammalia,Rodentia,Heteromyidae,Heteromys,Heteromys irroratus
Heteroptera,ITIS,suborder,Animalia,Arthropoda,Insecta,Hemiptera,x,x,x
Heterosperma pinnatum,ITIS,species,Plantae,Tracheophyta,Magnoliopsida,Asterales,Asteraceae,Heterosperma,Heterosperma pinnatum
human-influenced,not recognized,human-influenced,Human-Influenced,Human-Influenced,Human-Influenced,Human-Influenced,Human-Influenced,Human-Influenced,Human-Influenced
Hydromantes platycephalus,ITIS,species,Animalia,Chordata,Amphibia,Caudata,Plethodontidae,Hydromantes,Hydromantes platycephalus
Hymenoptera,ITIS,order,Animalia,Arthropoda,Insecta,Hymenoptera,x,x,x
Hypsiglena torquata,ITIS,species,Animalia,Chordata,Reptilia,Squamata,Colubridae,Hypsiglena,Hypsiglena torquata
Hyptis,ITIS,genus,Plantae,Tracheophyta,Magnoliopsida,Lamiales,Lamiaceae,Hyptis,x
Ichneumonidae,ITIS,family,Animalia,Arthropoda,Insecta,Hymenoptera,Ichneumonidae,x,x
Icterus cucullatus,ITIS,species,Animalia,Chordata,Aves,Passeriformes,Icteridae,Icterus,Icterus cucullatus
Ictidomys mexicanus,ITIS,species,Animalia,Chordata,Mammalia,Rodentia,Sciuridae,Ictidomys,Ictidomys mexicanus
Iguanidae,ITIS,family,Animalia,Chordata,Reptilia,Squamata,Iguanidae,x,x
Ilex,ITIS,genus,Plantae,Tracheophyta,Magnoliopsida,Aquifoliales,Aquifoliaceae,Ilex,x
Ilex vomitoria,ITIS,species,Plantae,Tracheophyta,Magnoliopsida,Aquifoliales,Aquifoliaceae,Ilex,Ilex vomitoria
Insecta,ITIS,class,Animalia,Arthropoda,Insecta,x,x,x,x
Insectivora,ITIS,order,Animalia,Chordata,Mammalia,Insectivora,x,x,x
Ipomoea,ITIS,genus,Plantae,Tracheophyta,Magnoliopsida,Solanales,Convolvuceae,Ipomoea,x
Iresine,ITIS,genus,Plantae,Tracheophyta,Magnoliopsida,Caryophyllales,Amaranthaceae ,Iresine,x
Ixodida,ITIS,order,Animalia,Arthropoda,Arachnida,Ixodida,x,x,x
Ixodidae,ITIS,family,Animalia,Arthropoda,Euchelicerata,Ixodida,Ixodidae,x,x
Jaegeria,not recognized,genus,Plantae,Tracheophyta,Magnoliopsida,Asterales,Asteraceae,Jaegeria,x
Jaltomata,ITIS,genus,Plantae,Tracheophyta,Magnoliopsida,Solanales,Solanaceae,Jaltomata,x
Jatropha cuneata,EOL,species,Plantae,Tracheophyta,Magnoliopsida,Solanales,Solanaceae,Jaltomata,Jatropha cuneata
Jatropha dioica,EOL,species,Plantae,Tracheophyta,Magnoliopsida,Solanales,Solanaceae,Jaltomata,Jatropha dioica
Julidae,ITIS,family,Animalia,Arthropoda,Diplopoda,Julida,Julidae,x,x
Junco hyemalis,ITIS,species,Animalia,Chordata,Aves,Passeriformes,Emberizidae,Junco,Junco hyemalis
Juniperus,ITIS,genus,Plantae,Tracheophyta,Pinopsida,Pinales,Cupressacaceae,Juniperus,x
Juniperus ashei,ITIS,species,Plantae,Tracheophyta,Pinopsida,Pinales,Cupressaceae,Juniperus,Juniperus ashei
Juniperus deppeana,ITIS,species,Plantae,Tracheophyta,Pinopsida,Pinales,Cupressacaceae,Juniperus,Juniperus deppeana
Juniperus monosperma,ITIS,species,Plantae,Tracheophyta,Pinopsida,Pinales,Cupressaceae,Juniperus,Juniperus monosperma
Juniperus osteosperma,ITIS,species,Plantae,Tracheophyta,Pinopsida,Pinales,Cupressaceae,Juniperus,Juniperus osteosperma
Juniperus virginiana,ITIS,species,Plantae,Tracheophyta,Pinopsida,Pinales,Cupressaceae,Juniperus,Juniperus virginiana
Justicia furcata,EOL,species,Plantae,Tracheophyta,Magnoliopsida,Lamiales,Acanthaceae,Justicia,Justicia furcata
Karwinskia humboldtiana,ITIS,species,Plantae,Tracheophyta,Magnoliopsida,Rosales,Rhamnaceae,Karwinskia,Karwinskia humboldtiana
Lagomorpha,ITIS,order,Animalia,Chordata,Mammalia,Lagomorpha,x,x,x
Lamiaceae,ITIS,family,Plantae,Tracheophyta,Magnoliopsida,Lamiales,Lamiaceae,x,x
Lampropeltis getula,ITIS,species,Animalia,Chordata,Reptilia,Squamata,Colubridae,Lampropeltis,Lampropeltis getula
Lampropeltis pyromelana,ITIS,species,Animalia,Chordata,Reptilia,Squamata,Colubridae,Lampropeltis,Lampropeltis pyromelana
Lampropeltis triangulum,ITIS,species,Animalia,Chordata,Reptilia,Squamata,Colubridae,Lampropeltis,Lampropeltis triangulum
Lampropeltis zonata,ITIS,species,Animalia,Chordata,Reptilia,Squamata,Colubridae,Lampropeltis,Lampropeltis zonata
Lanius ludovicianus,ITIS,species,Animalia,Chordata,Aves,Passeriformes,Laniidae,Lanius,Lanius ludovicianus
Latrodectus hesperus,ITIS,species,Animalia,Arthropoda,Euchelicerata,Aranea,Theridiidae,Latrodectus,Latrodectus hesperus
Lepesoma,ITIS,genus,Animalia,Arthropoda,Insecta,Coleoptera,Curculionoidea,Lepesoma,x
Lepidoptera,ITIS,order,Animalia,Arthropoda,Insecta,Lepidoptera,x,x,x
Leptoglossus,ITIS,genus,Animalia,Arthropoda,Insecta,Hemiptera,Coreidae,Leptoglossus,x
Leptotyphlopidae,ITIS,family,Animalia,Chordata,Reptilia,Squamata,Leptotyphlopidae,x,x
Lepus americanus,ITIS,species,Animalia,Chordata,Mammalia,Lagomorpha,Leporidae,Lepus,Lepus americanus
Lepus californicus,ITIS,species,Animalia,Chordata,Mammalia,Lagomorpha,Leporidae,Lepus,Lepus californicus
Lepus callotis,ITIS,species,Animalia,Chordata,Mammalia,Lagomorpha,Leporidae,Lepus,Lepus callotis
Lepus insularis,ITIS,species,Animalia,Chordata,Mammalia,Lagomorpha,Leporidae,Lepus,Lepus insularis
Libellulidae,ITIS,family,Animalia,Arthropoda,Insecta,Odonata,Libellulidae,x,x
Lichen,not recognized,lichen,x,x,x,x,x,x,x
Liomys irroratus,ITIS,species,Animalia,Chordata,Mammalia,Rodentia,Heteromyidae,Liomys,Liomys irroratus
Liomys pictus,ITIS,species,Animalia,Chordata,Mammalia,Rodentia,Heteromyidae,Liomys,Liomys pictus
Lycium,ITIS,genus,Plantae,Tracheophyta,Magnoliopsida,Solanales,Solanaceae,Lycium,x
Lycosidae,ITIS,family,Animalia,Arthropoda,Arachnida,Araneae,Lycosidae,x,x
Lygaeidae,ITIS,family,Animalia,Arthropoda,Insecta,Hemiptera,Lygaeidae,x,x
Lysiloma candida,EOL,species,Plantae,Tracheophyta,Magnoliopsida,Fabales,Fabaceae,Lysiloma,Lysiloma candida
Machilidae,ITIS,family,Animalia,Arthropoda,Insecta,Archaeognatha ,Machilidae,X,X
Magnoliopsida,ITIS,class,Plantae,Tracheophyta,Magnoliopsida,x,x,x,x
Malacomeles denticulata,ITIS,species,Plantae,Tracheophyta,Magnoliopsida,Rosales,Rosaceae,Malacomeles,Malacomeles denticulata
Malpighiaceae,ITIS,family,Plantae,Tracheophyta,Magnoliopsida,Malpighiales,Malpighiaceae,x,x
Malus pumila,ITIS,species,Plantae,Tracheophyta,Magnoliopsida,Rosales,Rosaceae,Malus,Malus pumila
Malvaceae,ITIS,family,Plantae,Tracheophyta,Magnoliopsida,Mavales,Malvaceae,x,x
Mammalia,ITIS,class,Animalia,Chordata,Mammalia,x,x,x,x
Mammillaria longimamma,ITIS,species,Plantae,Tracheophyta,Magnoliopsida,Caryophyllales,Cataceae,Mammillaria,Mammillaria longimamma
Mammillaria magnimamma,ITIS,species,Plantae,Tracheophyta,Magnoliopsida,Caryophyllales,Cactaceae,Mammillaria,Mammillaria magnimamma
Mammillaria obconella,ITIS,species,Plantae,Tracheophyta,Magnoliopsida,Caryophyllales,Cactaceae,Mammillaria,Mammillaria obconella
Manilkara,ITIS,genus,Plantae,Tracheophyta,Magnoliopsida,Ericales,Sapotaceae,Manilkara,x
Mantidae,ITIS,family,Animalia,Arthropoda,Insecta,Mantodea,Mantidae,x,x
Mantis religiosa,ITIS,species,Animalia,Arthropoda,Insecta,Mantodea,Mantidae,Mantis,Mantis religiosa
Mantodea,ITIS,order,Animalia,Arthropoda,Insecta,Mantodea,x,x,x
Mastigoproctus giganteus,ITIS,species,Animalia,Arthropoda,Euchelicerata,Uropygi,Thelyphonidae,Mastigoproctus,Mastigoproctus giganteus
Megadontomys cryophilus,ITIS,species,Animalia,Chordata,Mammalia,Rodentia,Cricetidae,Megadontomys,Megadontomys cryophilus
Melanerpes aurifrons,ITIS,species,Animalia,Chordata,Aves,Piciformes ,Picidae,Melanerpes,Melanerpes aurifrons
Meleagris gallopavo,ITIS,species,Animalia,Chordata,Aves,Galliformes,Phasianidae,Meleagris,Meleagris gallopavo
Melochia tomentosa,ITIS,species,Plantae,Tracheophyta,Magnoliopsida,Mavales,Mavaceae,Melochia,Melochia tomentosa
Melolonthinae,ITIS,subfamily,Animalia,Arthropoda,Insecta,Coleoptera,Scarabaeidae,x,x
Melopsittacus undulatus,ITIS,species,Animalia,Chordata,Aves,Psittaciformes,Psittacinae,Melopsittacus,Melopsittacus undulatus
Melospiza melodia,ITIS,species,Animalia,Chordata,Aves,Passeriformes,Emberizidae,Melospiza,Melospiza melodia
Melozone fusca,ITIS,species,Animalia,Chordata,Aves,Passeriformes,Emberizidae,Melozone,Melozone fusca
Mephitidae,ITIS,family,Animalia,Chordata,Mammalia,Carnivora,Mephitidae,x,x
Mephitis,ITIS,genus,Animalia,Chordata,Mammalia,Carnivora,Mephitidae,Mephitis,
Mephitis mephitis,ITIS,species,Animalia,Chordata,Mammalia,Carnivora,Mephitidae,Mephitis,Mephitis mephitis
Microchiroptera,ITIS,suborder,Animalia,Chordata,Mammalia,Chiroptera,x,x,x
Microtus,ITIS,genus,Animalia,Chordata,Mammalia,Rodentia,Cricetidae,Microtus,x
Microtus californicus,ITIS,species,Animalia,Chordata,Mammalia,Rodentia,Cricetidae,Microtus,Microtus californicus
Microtus mexicanus,ITIS,species,Animalia,Chordata,Mammalia,Rodentia,Cricetidae,Microtus,Microtus mexicanus
Microtus oregoni,ITIS,species,Animalia,Chordata,Mammalia,Rodentia,Cricetidae,Microtus,Microtus oregoni
Mimosa aculeaticarpa var. biuncifera,ITIS,species,Plantae,Tracheophyta,Magnoliopsida,Fabales,Fabaceae,Mimosa,Mimosa aculeaticarpa var. biuncifera
Mollusca,ITIS,phylum,Animalia,Mollusca,x,x,x,x,x
Molothrus,ITIS,genus,Animalia,Chordata,Aves,Passeriformes,Icteridae,Molothrus,x
Molothrus aeneus,ITIS,species,Animalia,Chordata,Aves,Passeriformes,Icteridae,Molothrus,Molothrus
Molothrus ater,ITIS,species,Animalia,Chordata,Aves,Passeriformes,Icteridae,Molothrus,Molothrus ater
Monnina schlechtendaliana,not recognized,species,Plantae,Tracheophyta,Magnoliopsida,Fabales,Polygalaceae,Monnina,Monnina schlechtendaliana
Montanoa tomentosa,not recognized,species,Plantae,Tracheophyta,Magnoliopsida,Asterales,Asteraceae,Montanoa,Montanoa tomentosa
Moracea,ITIS,family,Plantae,Tracheophyta,Magnoliopsida,Rosales,Moraceae,x,x
Morus,ITIS,genus,Plantae,Tracheophyta,Magnoliopsida,Rosales,Moraceae,Morus,x
Muridae,ITIS,family,Animalia,Chordata,Mammalia,Rodentia,Muridae,x,x
Mus musculus,ITIS,species,Animalia,Chordata,Mammalia,Rodentia,Muridae,Mus,Mus musculus
Mycetophilidae,ITIS,family,Animalia,Arthropoda,Insecta,Diptera,Mycetophilidae,x,x
Myiarchus,ITIS,genus,Animalia,Chordata,Aves,Passeriformes,Tyrannidae,Myiarchus,x
Myodes californicus,ITIS,species,Animalia,Chordata,Mammalia,Rodentia,Cricetidae,Myodes,Myodes californicus
Myomorpha,ITIS,suborder,Animalia,Chordata,Mammalia,Rodentia,x,x,x
Myotis velifer,ITIS,species,Animalia,Chordata,Mammalia,Chiroptera,Vespertilionidae,Myotis,Myotis velifer
Myriapoda,ITIS,subphylum,Animalia,Arthropoda,x,x,x,x,x
Myrmeleotidae,EOL,family,Animalia,Arthropoda,Insecta,Neuroptera,Myrmeleotidae,x,x
Myrtillocactus geometrizans,ITIS,species,Plantae,Tracheophyta,Magnoliopsida,Caryophyllales,Cactaceae,Myrtillocactus,Myrtillocactus geometrizans
Neotoma,ITIS,genus,Animalia,Chordata,Mammalia,Rodentia,Cricitidae,Neotoma,x
Neotoma albigula,ITIS,species,Animalia,Chordata,Mammalia,Rodentia,Cricitidae,Neotoma,Neotoma albigula
Neotoma bryanti,ITIS,species,Animalia,Chordata,Mammalia,Rodentia,Cricitidae,Neotoma,Neotoma bryanti
Neotoma fuscipes,ITIS,species,Animalia,Chordata,Mammalia,Rodentia,Cricitidae,Neotoma,Neotoma fuscipes
Neotoma lepida,ITIS,species,Animalia,Chordata,Mammalia,Rodentia,Cricitidae,Neotoma,Neotoma lepida
Neotoma mexicana,ITIS,species,Animalia,Chordata,Mammalia,Rodentia,Cricitidae,Neotoma,Neotoma mexicana
Neotoma micropus,ITIS,species,Animalia,Chordata,Mammalia,Rodentia,Cricitidae,Neotoma,Neotoma micropus
Neotomodon,ITIS,genus,Animalia,Chordata,Mammalia,Rodentia,Cricitidae,Neotomodon,x
Nertera granadensis,ITIS,species,Plantae,Tracheophyta,Magnoliopsida,Gentianales,Rubiaceae,Nertera,Nertera granadensis
Neuroptera,ITIS,order,Animalia,Arthropoda,Insecta,Neuroptera,x,x,x
Neurotrichus gibbsii,ITIS,species,Animalia,Chordata,Mammalia,Soricomorpha,Talpidae,Neurotrichus,Neurotrichus gibbsii
Nitidulidae,ITIS,family,Animalia,Arthropoda,Insecta,Coleoptera,Nitidulidae,x,x
Noctuidae,ITIS,family,Animalia,Arthropoda,Insecta,Lepidoptera,Noctuidae,x,x
Notiosorex crawfordi,ITIS,species,Animalia,Chordata,Mammalia,Soricomorpha,Soricidae,Notiosorex,Notiosorex crawfordi
Odocoileus,ITIS,genus,Animalia,Chordata,Mammalia,Artiodactyla,Cervidae,Odocoileus,x
Odocoileus hemionus,ITIS,species,Animalia,Chordata,Mammalia,Artiodactyla ,Cervidae,Odocoileus,Odocoileus hemionus
Odocoileus virginianus,ITIS,species,Animalia,Chordata,Mammalia,Artiodactyla ,Cervidae,Odocoileus,Odocoileus virginianus
Odonata,ITIS,order,Animalia,Arthropoda,Insecta,Odonata,x,x,x
Oedipodinae,ITIS,subfamily,Animalia,Arthropoda,Insecta,Orthoptera,Acrididae,x,x
Oleaceae ,ITIS,family,Plantae,Tracheophyta,Magnoliopsida,Lamiales,Oleaceae ,x,x
Olneya tesota,ITIS,species,Plantae,Tracheophyta,Magnoliopsida,Fabales,Fabaceae,Olneya,Olneya tesota
Omus,ITIS,genus,Animalia,Arthropoda,Insecta,Coleoptera,Carabidae,Omus,x
Oniscidea,ITIS,suborder,Animalia,Arthropoda,Malacostraca,Isopoda,x,x,x
Onychomys,ITIS,genus,Animalia,Chordata,Mammalia,Rodentia,Cricetidae,Onychomys,x
Ophryastes,ITIS,genus,Animalia,Arthropoda,Insecta,Coleoptera,Curculionoidea,Ophryastes,x
Opiliones,ITIS,order,Animalia,Arthropoda,Arachnida,Opiliones,x,x,x
Opiliones,ITIS,order,Animalia,Arthropoda,Euchelicerata,Opiliones,x,x,x
Opuntia,ITIS,genus,Plantae,Tracheophyta,Magnoliopsida,Caryophyllales,Cactaceae,Opuntia,x
Opuntia chlorotica,ITIS,species,Plantae,Tracheophyta,Magnoliopsida,Caryophyllales,Cactaceae,Opuntia,Opuntia chlorotica
Opuntia depressa,ITIS,species,Plantae,Tracheophyta,Magnoliopsida,Caryophyllales,Cactaceae,Opuntia,Opuntia depressa
Opuntia engelmannii,ITIS,species,Plantae,Tracheophyta,Magnoliopsida,Carophyllales,Cactaceae,Opuntia,Opuntia engelmannii
Opuntia engelmannii,ITIS,species,Plantae,Tracheophyta,Magnoliopsida,Caryophyllales,Cactaceae,Opuntia,Opuntia engelmannii
Opuntia ficus-indica,ITIS,species,Plantae,Tracheophyta,Magnoliopsida,Carophyllales,Cactaceae,Opuntia,Opuntia ficus-indica
Opuntia phaeacantha,ITIS,species,Plantae,Tracheophyta,Magnoliopsida,Caryophyllales,Cactaceae,Opuntia,Opuntia phaeacantha
Opuntia pubescens,ITIS,species,Plantae,Tracheophyta,Magnoliopsida,Caryophyllales,Cactaceae,Opuntia,Opuntia pubescens
Opuntia streptacantha,ITIS,species,Plantae,Tracheophyta,Magnoliopsida,Caryophyllales,Cactaceae,Opuntia,Opuntia streptacantha
Oribatida,ITIS,suborder,Animalia,Arthropoda,Euchelicerata,Sarcoptiformes,x,x,x
Orthoptera,ITIS,order,Animalia,Arthropoda,Insecta,Orthoptera,x,x,x
Oryctolagus cuniculus,ITIS,species,Animalia,Chordata,Mammalia,Lagomorpha,Leporidae,Oryctolagus,Oryctolagus cuniculus
Oryzomys couesi,ITIS,species,Animalia,Chordata,Mammalia,Rodentia,Cricetidae,Oryzomys,Oryzomys couesi
Oryzomys melanotis,ITIS,species,Animalia,Chordata,Mammalia,Rodentia,Cricetidae,Oryzomys,Oryzomys melanotis
Oryzomys rostratus,ITIS,species,Animalia,Chordata,Mammalia,Rodentia,Cricetidae,Oryzomys,Oryzomys rostratus
Otospermophilus beecheyi,ITIS,species,Animalia,Chordata,Mammalia,Rodentia,Sciuridae,Ostospermophilus,Otospermophilus beecheyi
Otospermophilus variegatus,ITIS,species,Animalia,Chordata,Mammalia,Rodentia,Sciuridae,Ostospermophilus,Otospermophilus variegatus
Ovis airies,ITIS,species,Animalia,Chordata,Mammalia,Artiodactyla ,Bovidae,Ovis,Ovis aries
Ovis aries,ITIS,species,Animalia,Chordata,Mammalia,Artiodactyla ,Bovidae,Ovis,Ovis aries
Ovis canadensis,ITIS,species,Animalia,Chordata,Mammalia,Artiodactyla ,Bovidae,Ovis,Ovis canadensis
Pachycereus,ITIS,genus,Plantae,Tracheophyta,Magnoliopsida,Caryophyllales,Cactaceae,Pachycereus,x
Pachycereus marginatus,ITIS,species,Plantae,Tracheophyta,Magnoliopsida ,Caryophyllales,Cactaceae,Pachycereus,Pachycereus marginatus
Pachycereus pringlei,ITIS,species,Plantae,Tracheophyta,Magnoliopsida,Caryophyllales,Cactaceae,Pachycereus,Pachycereus pringlei
Panicoideae,Unresolved,subfamily,Plantae,Tracheophyta,Magnoliopsida,Poales,Poaceae,x,x
Paper,not recognized,human-influenced,Human-Influenced,Human-Influenced,Human-Influenced,Human-Influenced,Human-Influenced,Human-Influenced,Human-Influenced
Paracotalpa puncticollis,ITIS,species,Animalia,Arthropoda,Insecta,Coleoptera,Scarabaeidae,Paracotalpa,Paracotalpa puncticollis
Parulidae,ITIS,family,Animalia,Chordata,Aves,Passeriformes,Parulidae,x,x
Pasimachus,ITIS,genus,Animalia,Arthropoda,Insecta,Coleoptera,Carabidae,Pasimachus,x
Paspalum,ITIS,genus,Plantae,Tracheophyta,Magnoliopsida,Poales,Poaceae,Paspalum,x
Passer,ITIS,genus,Animalia,Chordata,Aves,Passeriformes,Passeridae,Passer,x
Passeriformes,ITIS,order,Animalia,Chordata,Aves,Passeriformes,x,x,x
Passerina cyanea,ITIS,species,Animalia,Chordata,Aves,Passeriformes,Cardinalidae,Passerina,Passerina cyanea
Passiflora,ITIS,genus,Plantae,Tracheophyta,Magnoliopsida,Malpighiales,Passifloraceae,Passiflora,x
Passiflora subpeltata,ITIS,species,Plantae,Tracheophyta,Magnoliopsida,Malpighiales,Passifloraceae,Passiflora,Passiflora subpeltata
Passifloracea,ITIS,genus,Plantae,Tracheophyta,Magnoliopsida,Malpighiales,Passifloraceae,x,x
Pentatomidae,ITIS,family,Animalia,Arthropoda,Insecta,Hemiptera,Pentatomidae,x,x
Periplaneta americana,ITIS,species,Animalia,Arthropoda,Insecta,Blattodea,Blattidae,Periplaneta,Periplaneta americana
Perognathus,ITIS,genus,Animalia,Chordata,Mammalia,Rodentia,Heteromyidae,Perognathus,x
Perognathus flavus,ITIS,species,Animalia,Chordata,Mammalia,Rodentia,Heteromyidae,Perognathus,Perognathus flavus
Peromyscus,ITIS,genus,Animalia,Chordata,Mammalia,Rodentia,Cricetidae,Peromyscus,x
Peromyscus aztecus,ITIS,species,Animalia,Chordata,Mammalia,Rodentia,Cricetidae,Peromyscus,Peromyscus aztecus
Peromyscus boylii,ITIS,species,Animalia,Chordata,Mammalia,Rodentia,Cricetidae,Peromyscus,Peromyscus boylii
Peromyscus crinitus,ITIS,species,Animalia,Chordata,Mammalia,Rodentia,Cricetidae,Peromyscus,Peromyscus crinitus
Peromyscus difficilis,ITIS,species,Animalia,Chordata,Mammalia,Rodentia,Cricetidae,Peromyscus,Peromyscus difficilis
Peromyscus eremicus,ITIS,species,Animalia,Chordata,Mammalia,Rodentia,Cricetidae,Peromyscus,Peromyscus eremicus
Peromyscus gratus,ITIS,species,Animalia,Chordata,Mammalia,Rodentia,Cricetidae,Peromyscus,Peromyscus gratus
Peromyscus leucopus,ITIS,species,Animalia,Chordata,Mammalia,Rodentia,Cricetidae,Peromyscus,Peromyscus leucopus
Peromyscus levipes,ITIS,species,Animalia,Chordata,Mammalia,Rodentia,Cricetidae,Peromyscus,Peromyscus levipes
Peromyscus maniculatus,ITIS,species,Animalia,Chordata,Mammalia,Rodentia,Cricetidae,Peromyscus,Peromyscus maniculatus
Peromyscus megalops,ITIS,species,Animalia,Chordata,Mammalia,Rodentia,Cricetidae,Peromyscus,Peromyscus megalops
Peromyscus melanophrys,ITIS,species,Animalia,Chordata,Mammalia,Rodentia,Cricetidae,Peromyscus,Peromyscus melanophrys
Peromyscus melanotis,ITIS,species,Animalia,Chordata,Mammalia,Rodentia,Cricetidae,Peromyscus,Peromyscus melanotis
Peromyscus mexicanus,ITIS,species,Animalia,Chordata,Mammalia,Rodentia,Cricetidae,Peromyscus,Peromyscus mexicanus
Peromyscus pectoralis,ITIS,species,Animalia,Chordata,Mammalia,Rodentia,Cricetidae,Peromyscus,Peromyscus pectoralis
Peromyscus truei,ITIS,species,Animalia,Chordata,Mammalia,Rodentia,Cricetidae,Peromyscus,Peromyscus truei
Petrosaurus thalassinus,ITIS,species,Animalia,Chordata,Reptilia,Squamata,Iguanidae,Petrosaurus,Petrosaurus thalassinus
Phalacrocorax,ITIS,genus,Animalia,Chordata,Aves,Suliformes,Phalacrocoracidae ,Phalacrocorax,x
Phalaris canariensis,ITIS,species,Plantae,Tracheophyta,Magnoliopsida,Poales,Poaceae,Phalaris,Phalaris canariensis
Phaseolus vulgaris,ITIS,species,Plantae,Tracheophyta,Magnoliopsida,Fabales,Fabaceae,Phaseolus,Phaseolus vulgaris
Phasmatidae,ITIS,family,Animalia,Arthropoda,Insecta,Phasmida,Phasmatidae,x,x
Phaulothamnus spinescens,ITIS,species,Plantae,Tracheophyta,Magnoliopsida,Caryophyllales,Achatocarpaceae,Phaulothamnus,Phaulothamnus spinescens
Phenacomys longicaudus,Unresolved,species,Animalia,Chordata,Mammalia,Rodentia,Cricetidae,Phenacomys,Phenacomys longicaudus
Phoenix canariensis,ITIS,species,Plantae,Tracheophyta,Magnoliopsida,Arecales ,Arecaceae,Phoenix,Phoenix canariensis
Pholcidae,ITIS,family,Animalia,Arthropoda,Euchelicerata,Araneae,Pholcidae,x,x
Phorandendron diguetianum,EOL,species,Plantae,Tracheophyta,Magnoliopsida,Santalales,Santalaceae,Phorandendron,Phorandendron diguetianum
Phoridae,ITIS,family,Animalia,Arthropoda,Insecta,Diptera,Phoridae,x,x
Phrynosoma coronatum,ITIS,species,Animalia,Chordata,Reptilia,Squamata,Phrynosomatidae,Phrynosoma,Phrynosoma coronatum
Phyllodactylus nocticolus,ITIS,species,Animalia,Tracheophyta,Reptilia,Squamata,Phyllodactylidae,Phyllodactylus,Phyllodactylus nocticolus
Phyllophaga,ITIS,genus,Animalia,Arthropoda,Insecta,Coleoptera,Scarabaeidae,Phyllophaga,x
Phyllophaga vetula,ITIS,species,Animalia,Arthropoda,Insecta,Coleoptera,Scarabaeidae,Phyllophaga,Phyllophaga vetula
Physalis,ITIS,genus,Plantae,Tracheophyta,Magnoliopsida,Solanales,Solanaceae,Physalis,x
Phytolacca,ITIS,genus,Plantae,Tracheophyta,Magnoliopsida,Caryophyllales,Phytolaccaceae,Phytolacca,x
Phytolacca americana,ITIS,species,Plantae,Tracheophyta,Magnoliopsida,Caryophyllales,Phytolaccaceae,Phytolacca,Phytolacca americana
Phytolacca icosandra,ITIS,species,Plantae,Tracheophyta,Magnoliopsida,Caryophyllales ,Phytolaccaceae,Phytolacca,Phytolacca icosandra
Phytolaccaceae,ITIS,family,Plantae,Tracheophyta,Magnoliopsida,Caryophyllales ,Phytolaccaceae,x,x
Picus villosus harrisi,ITIS,subspecies,Animalia,Chordata,Aves,Piciformes,Picidae,Leuconotopicus,Leuconotopicus villosus
Pieridae,ITIS,family,ITIS,Arthropoda,Insecta,Lepidoptera,x,x,x
Pinus edulis,ITIS,species,Plantae,Tracheophyta,Pinopsida,Pinales,Pinaceae,Pinus,Pinus edulis
Pithecellobium,ITIS,genus,Plantae,Tracheophyta,Magnoliopsida,Fabales,Fabaceae,Pithecellobium,x
Pituophis,ITIS,genus,Animalia,Chordata,Reptilia,Squamata,Colubridae,Pituophis,x
Pituophis melanoleucus,ITIS,species,Animalia,Chordata,Reptilia,Squamata,Colubridae,Pituophis,Pituophis melanoleucus
Plantae,ITIS,kingdom,Plantae,x,x,x,x,x,x
Plantae ,ITIS,kingdom,Plantae,x,x,x,x,x,x
Plantea,ITIS,kingdom,Plantea,x,x,x,x,x,x
Plastic,not recognized,human-influenced,Human-Influenced,Human-Influenced,Human-Influenced,Human-Influenced,Human-Influenced,Human-Influenced,Human-Influenced
Pleocoma,ITIS,genus,Animalia,Arthropoda,Insecta,Coleoptera,Pleocomidae,Pleocoma,
Plethodon,ITIS,genus,Animalia,Chordata,Amphibia,Caudata,Plethodontidae,Plethodon,x
Plethodontidae,ITIS,family,Animalia,Chordata,Amphibia,Caudata,Plethodontidae,x,x
Plumbago,ITIS,genus,Plantae,Tracheophyta,Magnoliopsida,Caryophyllales,Plumbaginaceae,Plumbago,x
Poaceae,ITIS,family,Plantae,Tracheophyta,Magnoliopsida,Poales,Poaceae,x,x
Poales,ITIS,family,Plantae,Tracheophyta,Magnoliopsida,Poales,Poaceae,x,x
Podiceps nigricollis,ITIS,species,Animalia,Chordata,Aves,Podicipediformes,Podicipedidae,Podiceps,Podiceps nigricollis
Podilymbus podiceps,ITIS,species,Animalia,Chordata,Aves,Podicipediformes,Podicipedidae,Podilymbus,Podilymbus podiceps
Porella,ITIS,genus,Plantae,Marchantiophyta,Jungermanniopsida,Porellales,Porellaceae,Porella,x
Pristoceuthophilus,ITIS,genus,Animalia,Arthropoda,Insecta,Orthoptera,Rhaphidophoridae,Pristoceuthophilus,x
Processed food,not recognized,human-influenced,Human-Influenced,Human-Influenced,Human-Influenced,Human-Influenced,Human-Influenced,Human-Influenced,Human-Influenced
Prosopis,ITIS,genus,Plantae,Tracheophyta,Magnoliopsida,Fabales,Fabaceae,Prosopis,x
Prosopis glandulosa,ITIS,species,Plantae,Tracheophyta,Magnoliopsida,Fabales,Fabaceae,Prosopis,Prosopis glandulosa
Prosopis laevigata,ITIS,species,Plantae,Tracheophyta,Magnoliopsida,Fabales,Fabaceae,Prosopis,Prosopis laevigata
Prosopis velutina,ITIS,species,Plantae,Tracheophyta,Magnoliopsida,Fabales,Fabaceae,Prosopis,Prosopis velutina
Prunus,ITIS,genus,Plantae,Tracheophyta,Magnoliopsida,Rosales,Rosaceae,Prunus,x
Prunus capuli,ITIS,species,Plantae,Tracheophyta,Magnoliopsida,Rosales,Rosaceae,Prunus,Prunus capuli
Prunus serotina,ITIS,species,Plantae,Tracheophyta,Magnoliopsida,Rosales,Rosaceae,Prunus,Prunus serotina
Prunus serotina var. salicifolia,ITIS,subspecies,Plantae,Tracheophyta,Magnoliopsida,Rosales,Rosaceae,Prunus,Prunus serotina
Pseudabutilon ellipticum,EOL,species,Plantae,Tracheophyta,Magnoliopsida,Mavales,Malvaceae,Pseudabutilon,Pseudabutilon ellipticum
Pseudoscorpiones,ITIS,order,Animalia,Arthropoda,Euchelicerata,Pseudoscorpiones,x,x,x
Pseudotsuga menziesii,ITIS,species,Plantae,Tracheophyta,Pinopsida,Pinales,Pinaecae,Pseudotsuga,Pseudotsuga menziesii
Psidium,ITIS,genus,Plantae,Tracheophyta,Magnoliopsida,Myrtales,Myrtaceae,Psidium,x
Pterostichus,ITIS,genus,Animalia,Arthropoda,Insecta,Coleoptera,Carabidae,Pterostichus,x
Pyrocephalus rubinus,ITIS,species,Animalia,Chordata,Aves,Passeriformes,Tyrannidae,Pyrocephalus,Pyrocephalus rubinus
Pyrus,ITIS,genus,Plantae,Tracheophyta,Magnoliopsida,Rosales,Rosaceae,Pyrus,x
Quercus,ITIS,genus,Plantae,Tracheophyta,Magnoliopsida,Fagales,Fagaceae,Quercus,x
Quercus stellata,ITIS,species,Plantae,Tracheophyta,Magnoliopsida,Fagales,Fagaceae,Quercus,Quercus stellata
Quiscalus mexicanus,ITIS,species,Animalia,Chordata,Aves,Passeriformes,Icteridae,Quiscalus,Quiscalus mexicanus
Randia megacarpa,not recognized,species,Plantae,Tracheophyta,Magnoliopsida,Gentianales ,Rubiaceae,Randia,Randia megacarpa
Rattus,ITIS,genus,Animalia,Chordata,Mammalia,Rodentia,Cricetidae,Rattus,x
Rattus norvegicus,ITIS,species,Animalia,Chordata,Mammalia,Rodentia,Muridae,Rattus,Rattus norvegicus
Rattus rattus,ITIS,species,Animalia,Chordata,Mammalia,Rodentia,Muridae,Rattus,Rattus rattus
Recurvirostra americana,ITIS,species,Animalia,Chordata,Aves,Charadriiformers,Recurvirostridae,Recurvirostra,Recurvirostra americana
Reinthrodontomy,ITIS,genus,Animalia,Chordata,Mammalia,Rodentia,Cricetidae,Reithrodontomys,x
Reithrodont megalotis ,ITIS,species,Animalia,Chordata,Mammalia,Rodentia,Cricetidae,Reithrodontomys,Reithrodont megalotis 
Reithrodontomys,ITIS,genus,Animalia,Chordata,Mammalia,Rodentia,Cricetidae,Reithrodontomys,x
Reithrodontomys fulvescens,ITIS,species,Animalia,Chordata,Mammalia,Rodentia,Cricetidae,Reithrodontomys,Reithrodontomys fulvescens
Reithrodontomys megalotis,ITIS,species,Animalia,Chordata,Mammalia,Rodentia,Cricetidae,Reithrodontomys,Reithrodontomys megalotis
Reithrodontomys microdon,ITIS,species,Animalia,Chordata,Mammalia,Rodentia,Cricetidae,Reithrodontomys,Reithrodontomys microdon
Reithrodontomys sumichrasti,ITIS,species,Animalia,Chordata,Mammalia,Rodentia,Cricetidae,Reithrodontomys,Reithrodontomys sumichrasti
Reptilia,ITIS,class,Animalia,Chordata,Reptilia,x,x,x,x
Rhamnus,ITIS,genus,Plantae,Tracheophyta,Magnoliopsida,Rosales,Rhamneaceae,Rhamnus,x
Rhamnus purshiana,ITIS,species,Plantae,Tracheophyta,Magnoliopsida,Rosales,Rhamnaceae,Rhamnus,Rhamnus purshiana
Rhaphidophoridae,ITIS,family,Animalia,Arthropoda,Insecta,Orthoptera,Rhaphidophoridae,x,x
Rhynchopsitta pachyrhynch,ITIS,species,Animalia,Chordata,Aves,Psittaciformes,Psittacidae,Rhynchopsitta,Rhynchopsitta pachyrhyncha
Ribes,ITIS,genus,Plantae,Tracheophyta,Magnoliopsida,Saxifragales,Grossulariaceae,Ribes,x
Robinia pseudoacacia,ITIS,species,Plantae,Tracheophyta,Magnoliopsida,Fabales,Fabaceae,Robinia,Robinia pseudoacacia
Rodentia,ITIS,order,Animalia,Chordata,Mammalia,Rodentia,x,x,x
Rodentia ,ITIS,order,Animalia,Chordata,Mammalia,Rodentia,x,x,x
Rosa,ITIS,genus,Plantae,Tracheophyta,Magnoliopsida,Rosales,Rosaceae,Rosa,x
Rosa californica,ITIS,species,Plantae,Tracheophyta,Magnoliopsida,Rosales,Rosaceae,Rosa,Rosa californica
Rosacea,ITIS,family,Plantae,Tracheophyta,Magnoliopsida,Rosales,Rosaceae,x,x
Rosaceae,ITIS,family,Plantae,Tracheophyta,Magnoliopsida,Rosales,Rosaceae,,
Rubia tinctorum,ITIS,species,Plantae,Tracheophyta,Magnoliopsida,Gentianales,Rubiaceae,Rubia,Rubia tinctorum
Rubiaceae,ITIS,family,Plantae,Tracheophyta,Magnoliopsida,Gentianales,Rubiaceae,,
Rubus,ITIS,genus,Plantae,Tracheophyta,Magnoliopsida,Rosales,Rosaceae,Rubus,x
Salmonidae,ITIS,family,Animalia,Chordata,Teleostei,Salmoniformes,Salmonidae,x,x
Santalales,ITIS,order,Plantae,Tracheophyta,Magnoliopsida,Santalanae,Santalales,x,x
Sapindus,ITIS,genus,Plantae,Tracheophyta,Magnoliopsida,Sapindales,Sapindaceae,Sapindus,x
Sauromalus ater,ITIS,species,Animalia,Chordata,Reptilia,Squamata,Iguanidae,Sauromalus,Sauromalus ater
Scaphinotus,ITIS,genus,Animalia,Arthropoda,Insecta,Coleoptera,Carabidae,Scaphinotus,
Scarabaeidae,ITIS,family,Animalia,Arthropoda,Insecta,Coleoptera,Scarabaeidae,x,x
Scarabaidae,ITIS,family,Animalia,Arthropoda,Insecta,Coleoptera,Scarabaeidae,x,x
Scarabeidae,ITIS,family,Animalia,Arthropoda,Insecta,Coleoptera,Scarabeidae,x,x
Sceloporus,ITIS,genus,Animalia,Chordata,Reptilia,Squamata,Iguanidae,Sceloporus,x
Sceloporus aeneus,ITIS,species,Animalia,Chordata,Reptilia,Squamata,Iguanidae,Sceloporus,Sceloporus aeneus
Sceloporus graciosus,ITIS,species,Animalia,Chordata,Reptilia,Squamata,Iguanidae,Sceloporus,Sceloporus graciosus
Sceloporus magister,ITIS,species,Animalia,Chordata,Reptilia,Squamata,Iguanidae,Sceloporus,Sceloporus magister
Sceloporus occidentalis,ITIS,species,Animalia,Chordata,Reptilia,Squamata,Iguanidae,Sceloporus,Sceloporus occidentalis
Sceloporus torquatus,ITIS,species,Animalia,Chordata,Reptilia,Squamata,Iguanidae,Sceloporus,Sceloporus torquatus
Sceloporus undulatus,ITIS,species,Animalia,Chordata,Reptilia,Squamata,Iguanidae,Sceloporus,Sceloporus undulatus
Schistocerca,ITIS,genus,Animalia,Arthropoda,Insecta,Orthoptera,Acrididae,Schistocerca,x
Sciuridae,ITIS,family,Animalia,Chordata,Mammalia,Rodentia,Sciuridae,x,x
Sciurus aureogaster ,ITIS,species,Animalia,Chordata,Mammalia,Rodentia,Sciuridae,Sciurus,Sciurus aureogaster 
Sciurus griseus,ITIS,species,Animalia,Chordata,Mammalia,Rodentia,Scuiridae,Sciurus,Sciurus griseus
Sciurus niger,ITIS,species,Animalia,Chordata,Mammalia,Rodentia,Sciuridae,Sciurus,Sciurus niger
Sciurus oculatus,ITIS,species,Animalia,Chordata,Mammalia,Rodentia,Sciuridae,Sciurus,Sciurus oculatus
Sclerosomatidae,ITIS,family,Animalia,Arthropoda,Euchelicerata,Opiliones,Sclerosomatidae,x,x
Scolopendra,ITIS,genus,Animalia,Arthropoda,Chilopoda,Scolopendromorpha,Scolopendridae,Scolopendra,x
Scolopendromorpha,ITIS,order,Animalia,Arthropoda,Chilopoda,Scolopendromorpha,x,x,x
Scorpiones,ITIS,order,Animalia,Arthropoda,Euchelicerata,Scorpiones,x,x,x
Scorpionidae,ITIS,family,Animalia,Arthropoda,Euchelicerata,Scorpiones,Scorpionidae,x,x
Scuirdiae,ITIS,family,Animalia,Chordata,Mammalia,Rodentia,Scuirdiae,x,x
Scurius aureogaster,ITIS,species,Animalia,Chordata,Mammalia,Rodentia,Sciuridae,Scurius,Scurius aureogaster
Serpentes,ITIS,suborder,Animalia,Chordata,Reptilia,Squamata,x,x,x
Sesamum indicum,ITIS,species,Plantae,Tracheophyta,Magnoliopsida,Lamiales,Pedaliaceae,Sesamum,Sesamum indicum
Setophaga,ITIS,genus,Animalia,Chordata,Aves,Passeriformes,Parulidae,Setophaga,x
Setophaga nigrescens,ITIS,species,Animalia,Chordata,Aves,Passeriformes,Parulidae,Setophaga,Setophaga nigrescens
Sida rhombifolia,ITIS,species,Plantae,Tracheophyta,Magnoliopsida,Malvales,Malvaceae,Sida,Sida rhombifolia
Sideroxylon lanuginosum ssp. lanuginosum,ITIS,subspecies,Plantae,Tracheophyta,Magnoliopsida,Ericales ,Sapotaceae,Sideroxylon,Sideroxylon lanuginosum
Sigmodon,ITIS,genus,Animalia,Chordata,Mammalia,Rodentia,Cricetidae,Sigmodon,x
Sigmodon hispidus,ITIS,species,Animalia,Chordata,Mammalia,Rodentia,Cricetidae,Sigmodon,Sigmodon hispidus
Simsia amblexicaulis ,not recognized,species,Plantae,Tracheophyta,Magnoliopsida,Asterales,Asteraceae,Simsia,Simsia amplexicaulis
"Simsia amplexicaulis",EOL,species,Plantae,Tracheophyta,Magnoliopsida,Asterales,Asteraceae,Simsia,"Simsia amplexicaulis"
Sinodendron,ITIS,genus,Animalia,Arthropoda,Insecta,Coleoptera,Lucanidae,Sinodendron,x
Siphonaptera,ITIS,order,Animalia,Arthropoda,Insecta,Siphonaptera,x,x,x
Smilax,ITIS,genus,Plantae,Tracheophyta,Magnoliopsida,Liliales,Smilacaceae,Smilax,x
Solanaceae,ITIS,family,Plantae,Tracheophyta,Magnoliopsida,Solanales,Solanaceae,x,x
Solanum,ITIS,genus,Plantae,Tracheophyta,Magnoliopsida,Solanales,Solanaceae,Solanum,x
Solanum hindsianum,ITIS,species,Plantae,Tracheophyta,Magnoliopsida,Solanales,Solanaceae,Solanum,Solanum hindsianum
Solanum lycopersicum,ITIS,species,Plantae,Tracheophyta,Magnoliopsida,Solanales,Solanaceae,Solanum,Solanum lycopersicum
Solanum ptychanthum,ITIS,species,Plantae,Tracheophyta,Magnoliopsida,Solanales,Solanaceae,Solanum,Solanum ptychanthum
Solifugae,ITIS,order,Animalia,Arthropoda,Euchelicerata,Solifugae,x,x,x
Sonora semiannulata,ITIS,species,Animalia,Chordata,Reptilia,Squamata,Colubridae,Sonora,Sonora semiannulata
Sophora,ITIS,genus,Plantae,Tracheophyta,Magnoliopsida,Fabales,Fabaceae,Sophora,x
Sorex,ITIS,genus,Animalia,Chordata,Mammalia,Soricomorpha,Soricidae,Sorex,x
Sorex milleri,ITIS,species,Animalia,Chordata,Mammalia,Soricomorpha,Soricidae,Sorex,Sorex milleri
Sorex palustris,ITIS,species,Animalia,Chordata,Mammalia,Soricomorpha,Soricidae,Sorex,Sorex palustris
Sorex saussurei,ITIS,species,Animalia,Chordata,Mammalia,Soricomorpha,Soricidae,Sorex,Sorex saussurei
Sorex vagrans,ITIS,species,Animalia,Chordata,Mammalia,Soricomorpha,Soricidae,Sorex,Sorex vagrans
Soricidae,ITIS,family,Animalia,Chordata,Mammalia,Sociomorpha,Soricidae,x,x
species,ITIS,family,Animalia,Chordata,Mammalia,Rodentia,Geomyidae,Thomomys,Thomomys bottae
Spermophilus,ITIS,genus,Animalia,Chordata,Mammalia,Rodentia,Sciuridae,Spermophilus,x
Sphecidae,ITIS,family,Animalia,Arthropoda,Insecta,Hymenoptera,Sphecidae,x,x
Sphenarium,ITIS,genus,Animalia,Arthropoda,Insecta,Pyrgomorphidae,,Sphenarium,x
Spirobolida,ITIS,order,Animalia,Arthropoda,Diplopoda,Spirobolida,x,x,x
Spirobolidae,ITIS,family,Animalia,Arthropoda,Diplopoda,Spirobolida,Spirobolidae,x,x
Spondias,ITIS,genus,Plantae,Tracheophyta,Magnoliopsida,Sapindales,Anacardiaceae,Spondias,x
Squamata,ITIS,order,Animalia,Chordata,Reptilia,Squamata,x,x,x
Stachyocnemus apicalis,ITIS,species,Animalia,Arthropoda,Insecta,Hemiptera,Alydidae,Stachyocnemus,Stachyocnemus apicalis
Staphylinidae,ITIS,family,Plantae,Arthropoda,Insecta,Coleoptera,Staphylinidae,x,x
Staphylinidae ,ITIS,family,Animalia,Arthropoda,Insecta,Coleoptera,Staphylinidae ,x,x
Stenocereus,ITIS,genus,Plantae,Tracheophyta,Magnoliopsida ,Caryophyllales,Cactaceae,Stenocereus,x
Stenocereus dumortieri,ITIS,species,Plantae,Tracheophyta,Magnoliopsida ,Caryophyllales,Cactaceae,Stenocereus,Stenocereus dumortieri
Stenocereus dumortieri,ITIS,species,Plantae,Tracheophyta,Magnoliopsida,Caryophyllales,Cactaceae,Stenocereus,Stenocereus dumortieri
Stenocereus gummosus,ITIS,species,Plantae,Tracheophyta,Magnoliopsida ,Caryophyllales,Cactaceae,Stenocereus,Stenocereus gummosus
Stenocereus thurberi,ITIS,species,Plantae,Tracheophyta,Magnoliopsida ,Caryophyllales,Cactaceae,Stenocereus,Stenocereus gummosus
Stenocerus thurberi,ITIS,species,Plantae,Tracheophyta,Magnoliopsida,Caryophyllales,Cactaceae,Stenocereus,Stenocerus thurberi
Stenomorpha,EOL,genus,Animalia,Arthropoda,Insecta,Coleoptera,Tenebrionidae,Stenomorpha,x
Stenopalmatidae,ITIS,genus,Animalia,Arthropoda,Insecta,Orthoptera,Stenopelmatidae,Stenopelmatus,x
Stenopelmatus,ITIS,genus,Animalia,Arthropoda,Insecta,Orthoptera,Stenopelmatidae,Stenopelmatus,x
Sternorrhyncha,ITIS,suborder,Animalia,Arthropoda,Insecta,Hemiptera,x,x,x
Storeria storerioides,ITIS,species,Animalia,Chordata,Reptilia,Squamata,Colubridae,Storeria,Storeria storerioides
Sturnella,ITIS,genus,Animalia,Chordata,Aves,Passeriformes,Icteridae,Sturnella,x
Sturnella neglecta,ITIS,species,Animalia,Chordata,Aves,Passeriformes,Icteridae,Sturnella,Sturnella neglecta
Stylommatophora,ITIS,order,Animalia,Mollusca,Gastropoda,Stylommatophora,x,x,x
Sylvilagus,ITIS,genus,Animalia,Chordata,Mammalia,Lagomorpha,Leporidae,Sylvilagus,x
Sylvilagus audubonii,ITIS,species,Animalia,Chordata,Mammalia,Lagomorpha,Leporidae,Sylvilagus,Sylvilagus audubonii
Sylvilagus bachmani,ITIS,species,Animalia,Chordata,Mammalia,Lagomorpha,Leporidae,Sylvilagus,Sylvilagus bachmani
Sylvilagus floridanus,ITIS,species,Animalia,Chordata,Mammalia,Lagomorpha,Leporidae,Sylvilagus,Sylvilagus floridanus
Tagetes coronopfolia,not recognized,species,Plantae,Tracheophyta,Magnoliopsida ,Asterales,Asteraceae,Tagetes,Tagetes coronopfolia
Tamias dorsalis,ITIS,species,Animalia,Chordata,Mammalia,Rodentia,Scuridae,Tamias,Tamias dorsalis
Tamias minimus,ITIS,species,Animalia,Chordata,Mammalia,Rodentia,Scuridae,Tamias,Tamias minimus
Tamias townsendii,ITIS,species,Animalia,Chordata,Mammalia,Rodentia,Scuridae,Tamias,Tamias townsendii
Tamias umbrinus,ITIS,species,Animalia,Chordata,Mammalia,Rodentia,Scuridae,Tamias,Tamias umbrinus
Taricha torosa,ITIS,species,Animalia,Chordata,Amphibia,Caudata,Salamandridae,Taricha,Taricha torosa
Taxodium mucronatum,ITIS,species,Plantae,Tracheophyta,Pinopsida,Pinales,Cupressaceae,Taxodium,Taxodium mucronatum
Taxus,ITIS,genus,Plantae,Tracheophyta,Pinopsida,Pinales,Taxaceae,Taxus,x
Taxus brevifolia,ITIS,species,Plantae,Tracheophyta,Pinopsida,Pinales,Taxaceae,Taxus,Taxus brevifolia
Teiidae,ITIS,family,Animalia,Chordata,Reptilia,Squamata,Teiidae,x,x
Teleostei,ITIS,class,Animalia,Chordata,Teleostei,x,x,x,x
Tenebrionidae,ITIS,family,Animalia,Arthropoda,Insecta,Coleoptera,Tenebrionidae,x,
Tetrapoda,ITIS,superclass,Animalia,Chordata,x,x,x,x,x
Tettigoniidae,ITIS,family,Animalia,Arthropoda,Insecta,Orthoptera,Tettigoniidae,x,x
Thelyphonida,ITIS,family,Animalia,Arthropoda,Euchelicerata,Uropygi,Thelyphonida,x,x
Theraphosidae,ITIS,family,Animalia,Arthropoda,Euchelicerata,Araneae,Theraphosidae,x,x
Thevetia peruviana,ITIS,species,Plantae,Tracheophyta,Magnoliopsida ,Gentianales ,Apocynaceae,Thevetia,Thevetia peruviana
Thomomys bottae,ITIS,species,Animalia,Chordata,Mammalia,Rodentia,Geomyidae,Thomomys,Thomomys bottae
Tibellus,ITIS,genus,Animalia,Arthropoda,Euchelicerata,Araneae,Philodromidae,Tibellus,x
Tillandsia usneoides,ITIS,species,Plantae,Tracheophyta,Magnoliopsida,Poales,Bromeliaceae,Tilandsia,Tilandsia usneodes
Tipulidae,ITIS,family,Animalia,Arthropoda,Insecta,Diptera,Tipulidae,x,x
Tomarus gibbosus,ITIS,species,Animalia,Arthropoda,Insecta,Coleoptera,Scarabaedidae,Tomarus,Tomarus gibbosus
Tortricidae,ITIS,family,Animalia,Arthropoda,Insecta,Lepidoptera,Tortricidae,x,x
Toxostoma lecontei,ITIS,species,Animalia,Chordata,Aves,Passeriformes,Mimidae,Toxostoma,Toxostoma lecontei
Toxostoma rufum,ITIS,species,Animalia,Chordata,Aves,Passeriformes,Mimidae,Toxostoma,Toxostoma rufum
Tracheophyta,ITIS,phylum,Plantae,Tracheophyta,x,x,x,x,x
Trichoptera,ITIS,order,Animalia,Arthropoda,Insecta,Trichoptera,x,x,x
Trimorphodon biscutatus,ITIS,species,Animalia,Chordata,Reptilia,Squamata,Colubridae,Trimorphodon,Trimorphodon biscutatus
Tringa semipalmatus,ITIS,species,Animalia,Chordata,Aves,Charadriiformes,Scolopacidae,Tringa,Tringa semipalmatus
Tropidischia,ITIS,genus,Animalia,Arthropoda,Insecta,Orthoptera,Rhaphidophoridae,Tropidischia,
Turdidae,ITIS,family,Animalia,Chordata,Aves,Passeriformes,Turdidae,x,x
Turdus migratorius,ITIS,species,Animalia,Chordata,Aves,Passeriformes,Turdidae,Turdus,Turdus migratorius
Tyrannidae,ITIS,family,Animalia,Chordata,Aves,Passeriformes,Tyrannidae,x,x
Tyrannus vociferans,ITIS,species,Animalia,Chordata,Aves,Passeriformes,Tyrannidae,Tyrannus,Tyrannus vociferans
Ulmaceae,ITIS,family,Plantae,Tracheophyta,Magnoliopsida,Rosales,Ulmaceae,x,x
Ungnadia speciosa,ITIS,species,Plantae,Tracheophyta,Magnoliopsida,Sapindales,Sapindaceae,Ungnadia,Ungnadia speciosa
unknown,not recognized,not recognized,not recognized,not recognized,not recognized,not recognized,not recognized,not recognized,not recognized
Uroctonus,not recognized,genus,Animalia,Arthropoda,Euchelicerata,Scorpiones,Vaejovidae,Uroctonus,x
Urosaurus nigricaudus,ITIS,species,Animalia,Chordata,Reptilia,Squamata,Iguanidae,Urosaurus,Urosaurus nigricaudus
Usosaurus nigricaudus,ITIS,species,Animalia,Chordata,Reptilia,Squamata,Iguanidae,Urosaurus,Urosaurus nigricaudus
Uta stanburiana,ITIS,species,Animalia,Chordata,Reptilia,Squamata,Iguanidae,Uta,Uta stansburiana
Uta stansburiana,ITIS,species,Animalia,Chordata,Reptilia,Squamata,Iguanidae,Uta,Uta stansburiana
Vachellia rigidula,ITIS,species,Plantae,Tracheophyta,Magnoliopsida,Fabales,Fabaceae,Vachellia,Vachellia rigidula
Vertebrata,ITIS,subphylum,Animalia,Chordata,x,x,x,x,x
Vespidae,ITIS,family,Animalia,Arthropoda,Insecta,Hymenoptera,Vespidae,x,x
Vicia,ITIS,genus,Plantae,Tracheophyta,Magnoliopsida,Fabales,Fabaceae,Vicia,x
Vireo atricapilla,ITIS,species,Animalia,Chordata,Aves,Passeriformes,Vireonidae,Vireo atricapilla,Vireo atricapilla
Vireo atricapilla,ITIS,species,Animalia,Chordata,Aves,Passeriformes,Vireonidae,Vireo,Vireo atricapilla
Vitaceae,ITIS,family,Plantae,Tracheophyta,Magnoliopsida,Vitales,Vitaceae,x,x
Vitis,ITIS,genus,Plantae,Tracheophyta,Magnoliopsida,Vitales,Vitaceae,Vitus,x
Vitis californica,ITIS,species,Plantae,Tracheophyta,Magnoliopsida,Vitales,Vitaceae,Vitus,Vitis californicus
Vitis girdiana,ITIS,genus,Plantae,Tracheophyta,Magnoliopsida,Vitales,Vitaceae,Vitus,x
Vitus californicus,ITIS,species,Plantae,Tracheophyta,Magnoliopsida,Vitales,Vitaceae,Vitus,Vitis californicus
Vochysiaceae ,ITIS,family,Plantae,Tracheophyta,Magnoliopsida,Myrtales,Vochysiaceae ,x,x
Xyloryctes,ITIS,genus,Animalia,Arthropoda,Insecta,Coleoptera,Scarabaediae,Xyloryctes,
Yucca,not recognized,genus,Plantae,Tracheophyta,Magnoliopsida,Asparagales,Asparagaceae,Yucca,x
Zaluzania augusta,EOL,species,Plantae,Tracheophyta,Magnoliopsida,Asterales,Asteraceae,Zaluzania,Zaluzania augusta
Zanthoxylum fagara,ITIS,species,Plantae,Tracheophyta,Magnoliopsida,Sapindales,Rutaceae,Zanthoxylum,Zanthoxylum fagara
Zapoteca media,ITIS,species,Plantae,Tracheophyta,Magnoliopsida,Fabales,Fabaceae,Zapoteca,Zapoteca media
Zea mays,ITIS,species,Plantae,Tracheophyta,Magnoliopsida,Poales,Poaceae,Zea,Zea mays
Zenaida macroura,ITIS,species,Animalia,Chordata,Aves,Columbiformes,Columbinae,Zenaida,Zenaida macroura
Zonotrichia albicollis,ITIS,species,Animalia,Chordata,Aves,Passeriformes,Emberizidae,Zonotrichia,Zonotrichia albicollis
Zootermopsis,ITIS,genus,Animalia,Arthropoda,Insecta,Blattodea,Termopsidae,Zootermopsis,x
,not recognized,x,x,x,x,x,x,x,x